[13:46:58] [main/INFO] [LaunchWrapper]: Loading tweak class name net.minecraftforge.fml.common.launcher.FMLServerTweaker
[13:46:58] [main/INFO] [LaunchWrapper]: Using primary tweak class name net.minecraftforge.fml.common.launcher.FMLServerTweaker
[13:46:58] [main/INFO] [LaunchWrapper]: Calling tweak class net.minecraftforge.fml.common.launcher.FMLServerTweaker
[13:46:58] [main/INFO] [FML]: Forge Mod Loader version 14.23.5.2860 for Minecraft 1.12.2 loading
[13:46:58] [main/INFO] [FML]: Java is Java HotSpot(TM) 64-Bit Server VM, version 1.8.0_503, running on Windows 11:amd64:10.0, installed at C:\Program Files\Java\jre1.8.0_503
[13:46:58] [main/INFO] [FML]: Searching C:\Users\jular\Desktop\Enigmatica2LightServer-1.5.1-log4j-fix\.\mods for mods
[13:46:58] [main/WARN] [FML]: Found FMLCorePluginContainsFMLMod marker in AdvancedRocketry-1.12.2-2.0.0-250-universal.jar. This is not recommended, @Mods should be in a separate jar from the coremod.
[13:46:58] [main/WARN] [FML]: The coremod AdvancedRocketryPlugin (zmaster587.advancedRocketry.asm.AdvancedRocketryPlugin) is not signed!
[13:46:58] [main/WARN] [FML]: Found FMLCorePluginContainsFMLMod marker in AppleCore-mc1.12.2-3.4.0.jar. This is not recommended, @Mods should be in a separate jar from the coremod.
[13:46:58] [main/WARN] [FML]: The coremod AppleCore (squeek.applecore.AppleCore) is not signed!
[13:46:58] [main/WARN] [FML]: Found FMLCorePluginContainsFMLMod marker in Aroma1997Core-1.12.2-2.0.0.2.jar. This is not recommended, @Mods should be in a separate jar from the coremod.
[13:46:58] [main/WARN] [FML]: The coremod aroma1997.core.coremod.CoreMod does not have a MCVersion annotation, it may cause issues with this version of Minecraft
[13:46:58] [main/WARN] [FML]: Found FMLCorePluginContainsFMLMod marker in astralsorcery-1.12.2-1.10.27.jar. This is not recommended, @Mods should be in a separate jar from the coremod.
[13:46:58] [main/WARN] [FML]: The coremod hellfirepvp.astralsorcery.core.AstralCore does not have a MCVersion annotation, it may cause issues with this version of Minecraft
[13:46:58] [main/INFO] [Astral Core]: [AstralCore] Initialized.
[13:46:58] [main/INFO] [FML]: Loading tweaker guichaguri.betterfps.tweaker.BetterFpsTweaker from BetterFps-1.4.8.jar
[13:46:58] [main/WARN] [FML]: Found FMLCorePluginContainsFMLMod marker in colytra-1.12.2-1.2.0.4.jar. This is not recommended, @Mods should be in a separate jar from the coremod.
[13:46:58] [main/WARN] [FML]: The coremod c4.colytra.asm.ColytraLoadingPlugin does not have a MCVersion annotation, it may cause issues with this version of Minecraft
[13:46:58] [main/WARN] [FML]: Found FMLCorePluginContainsFMLMod marker in CTM-MC1.12.2-1.0.2.31.jar. This is not recommended, @Mods should be in a separate jar from the coremod.
[13:46:58] [main/WARN] [FML]: The coremod team.chisel.ctm.client.asm.CTMCorePlugin does not have a MCVersion annotation, it may cause issues with this version of Minecraft
[13:46:58] [main/WARN] [FML]: The coremod CTMCorePlugin (team.chisel.ctm.client.asm.CTMCorePlugin) is not signed!
[13:46:58] [main/WARN] [FML]: Found FMLCorePluginContainsFMLMod marker in engineers_doors-1.12.2-0.9.1.jar. This is not recommended, @Mods should be in a separate jar from the coremod.
[13:46:58] [main/WARN] [FML]: The coremod EngineersDoorsLoadingPlugin (nihiltres.engineersdoors.common.asm.EngineersDoorsLoadingPlugin) is not signed!
[13:46:58] [main/WARN] [FML]: Found FMLCorePluginContainsFMLMod marker in Farseek-1.12-2.5.1.jar. This is not recommended, @Mods should be in a separate jar from the coremod.
[13:46:58] [main/WARN] [FML]: The coremod farseek.core.FarseekCoreMod does not have a MCVersion annotation, it may cause issues with this version of Minecraft
[13:46:58] [main/WARN] [FML]: The coremod FarseekCoreMod (farseek.core.FarseekCoreMod) is not signed!
[13:46:58] [main/WARN] [FML]: Found FMLCorePluginContainsFMLMod marker in foamfix-0.10.14-1.12.2.jar. This is not recommended, @Mods should be in a separate jar from the coremod.
[13:46:58] [main/WARN] [FML]: The coremod pl.asie.foamfix.coremod.FoamFixCore does not have a MCVersion annotation, it may cause issues with this version of Minecraft
[13:46:58] [main/WARN] [FML]: Found FMLCorePluginContainsFMLMod marker in Forgelin-1.8.4.jar. This is not recommended, @Mods should be in a separate jar from the coremod.
[13:46:58] [main/WARN] [FML]: The coremod net.shadowfacts.forgelin.preloader.ForgelinPlugin does not have a MCVersion annotation, it may cause issues with this version of Minecraft
[13:46:58] [main/WARN] [FML]: The coremod ForgelinPlugin (net.shadowfacts.forgelin.preloader.ForgelinPlugin) is not signed!
[13:46:58] [main/WARN] [FML]: Found FMLCorePluginContainsFMLMod marker in InventoryTweaks-1.64+dev.151.jar. This is not recommended, @Mods should be in a separate jar from the coremod.
[13:46:58] [main/WARN] [FML]: The coremod invtweaks.forge.asm.FMLPlugin does not have a MCVersion annotation, it may cause issues with this version of Minecraft
[13:46:58] [main/WARN] [FML]: Found FMLCorePluginContainsFMLMod marker in Mekanism-1.12.2-9.8.3.390.jar. This is not recommended, @Mods should be in a separate jar from the coremod.
[13:46:58] [main/WARN] [FML]: The coremod mekanism.coremod.MekanismCoremod does not have a MCVersion annotation, it may cause issues with this version of Minecraft
[13:46:58] [main/WARN] [FML]: The coremod MekanismCoremod (mekanism.coremod.MekanismCoremod) is not signed!
[13:46:58] [main/WARN] [FML]: Found FMLCorePluginContainsFMLMod marker in OpenModsLib-1.12.2-0.12.2.jar. This is not recommended, @Mods should be in a separate jar from the coremod.
[13:46:58] [main/WARN] [FML]: The coremod openmods.core.OpenModsCorePlugin does not have a MCVersion annotation, it may cause issues with this version of Minecraft
[13:46:58] [main/WARN] [FML]: Found FMLCorePluginContainsFMLMod marker in Quark-r1.6-179.jar. This is not recommended, @Mods should be in a separate jar from the coremod.
[13:46:58] [main/WARN] [FML]: The coremod Quark Plugin (vazkii.quark.base.asm.LoadingPlugin) is not signed!
[13:46:58] [main/WARN] [FML]: The coremod com.therandomlabs.randompatches.core.RPCore does not have a MCVersion annotation, it may cause issues with this version of Minecraft
[13:46:58] [main/WARN] [FML]: Found FMLCorePluginContainsFMLMod marker in ResourceLoader-MC1.12.1-1.5.3.jar. This is not recommended, @Mods should be in a separate jar from the coremod.
[13:46:58] [main/WARN] [FML]: The coremod lumien.resourceloader.asm.LoadingPlugin does not have a MCVersion annotation, it may cause issues with this version of Minecraft
[13:46:58] [main/WARN] [FML]: The coremod blusunrize.immersiveengineering.common.asm.IELoadingPlugin does not have a MCVersion annotation, it may cause issues with this version of Minecraft
[13:46:58] [main/WARN] [FML]: The coremod IELoadingPlugin (blusunrize.immersiveengineering.common.asm.IELoadingPlugin) is not signed!
[13:46:58] [main/INFO] [FML]: Loading tweaker org.spongepowered.asm.launch.MixinTweaker from phosphor-1.12.2-0.2.6+build50-universal.jar
[13:46:58] [main/INFO] [LaunchWrapper]: Loading tweak class name net.minecraftforge.fml.common.launcher.FMLInjectionAndSortingTweaker
[13:46:58] [main/INFO] [LaunchWrapper]: Loading tweak class name guichaguri.betterfps.tweaker.BetterFpsTweaker
[13:46:58] [main/INFO] [LaunchWrapper]: Loading tweak class name org.spongepowered.asm.launch.MixinTweaker
[13:46:59] [main/INFO] [mixin]: SpongePowered MIXIN Subsystem Version=0.7.11 Source=file:/C:/Users/jular/Desktop/Enigmatica2LightServer-1.5.1-log4j-fix/./mods/phosphor-1.12.2-0.2.6+build50-universal.jar Service=LaunchWrapper Env=SERVER
[13:46:59] [main/INFO] [LaunchWrapper]: Loading tweak class name net.minecraftforge.fml.common.launcher.FMLDeobfTweaker
[13:46:59] [main/INFO] [LaunchWrapper]: Calling tweak class net.minecraftforge.fml.common.launcher.FMLInjectionAndSortingTweaker
[13:46:59] [main/INFO] [LaunchWrapper]: Calling tweak class net.minecraftforge.fml.common.launcher.FMLInjectionAndSortingTweaker
[13:46:59] [main/INFO] [LaunchWrapper]: Calling tweak class net.minecraftforge.fml.relauncher.CoreModManager$FMLPluginWrapper
[13:47:00] [main/INFO] [FML]: Found valid fingerprint for Minecraft Forge. Certificate fingerprint e3c3d50c7c986df74c645c0ac54639741c90a557
[13:47:00] [main/INFO] [LaunchWrapper]: Calling tweak class net.minecraftforge.fml.relauncher.CoreModManager$FMLPluginWrapper
[13:47:00] [main/INFO] [LaunchWrapper]: Calling tweak class net.minecraftforge.fml.relauncher.CoreModManager$FMLPluginWrapper
[13:47:00] [main/INFO] [LaunchWrapper]: Calling tweak class net.minecraftforge.fml.relauncher.CoreModManager$FMLPluginWrapper
[13:47:00] [main/INFO] [Aroma1997Core]: Finished data injection.
[13:47:00] [main/INFO] [Aroma1997Core]: Finished data injection.
[13:47:00] [main/INFO] [LaunchWrapper]: Calling tweak class net.minecraftforge.fml.relauncher.CoreModManager$FMLPluginWrapper
[13:47:00] [main/INFO] [LaunchWrapper]: Calling tweak class net.minecraftforge.fml.relauncher.CoreModManager$FMLPluginWrapper
[13:47:00] [main/INFO] [LaunchWrapper]: Calling tweak class org.spongepowered.asm.launch.MixinTweaker
[13:47:00] [main/INFO] [mixin]: Initialised Mixin FML Remapper Adapter with net.minecraftforge.fml.common.asm.transformers.deobf.FMLDeobfuscatingRemapper@33634f04
[13:47:00] [main/INFO] [mixin]: Compatibility level set to JAVA_8
[13:47:00] [main/INFO] [LaunchWrapper]: Calling tweak class net.minecraftforge.fml.relauncher.CoreModManager$FMLPluginWrapper
[13:47:00] [main/INFO] [LaunchWrapper]: Calling tweak class guichaguri.betterfps.tweaker.BetterFpsTweaker
[13:47:00] [main/INFO] [LaunchWrapper]: Calling tweak class net.minecraftforge.fml.common.launcher.FMLDeobfTweaker
[13:47:00] [main/INFO] [Astral Core]: [AstralTransformer] Loading patches...
[13:47:00] [main/INFO] [Astral Core]: [AstralTransformer] Initialized! Loaded 14 class patches!
[13:47:00] [main/INFO] [LaunchWrapper]: Calling tweak class net.minecraftforge.fml.relauncher.CoreModManager$FMLPluginWrapper
[13:47:00] [main/INFO] [LaunchWrapper]: Calling tweak class net.minecraftforge.fml.relauncher.CoreModManager$FMLPluginWrapper
[13:47:00] [main/INFO] [LaunchWrapper]: Calling tweak class net.minecraftforge.fml.relauncher.CoreModManager$FMLPluginWrapper
[13:47:00] [main/INFO] [LaunchWrapper]: Calling tweak class net.minecraftforge.fml.relauncher.CoreModManager$FMLPluginWrapper
[13:47:00] [main/INFO] [LaunchWrapper]: Calling tweak class net.minecraftforge.fml.relauncher.CoreModManager$FMLPluginWrapper
[13:47:00] [main/INFO] [LaunchWrapper]: Calling tweak class net.minecraftforge.fml.relauncher.CoreModManager$FMLPluginWrapper
[13:47:00] [main/INFO] [LaunchWrapper]: Calling tweak class net.minecraftforge.fml.relauncher.CoreModManager$FMLPluginWrapper
[13:47:00] [main/INFO] [LaunchWrapper]: Calling tweak class net.minecraftforge.fml.relauncher.CoreModManager$FMLPluginWrapper
[13:47:00] [main/INFO] [LaunchWrapper]: Calling tweak class net.minecraftforge.fml.relauncher.CoreModManager$FMLPluginWrapper
[13:47:00] [main/INFO] [LaunchWrapper]: Calling tweak class net.minecraftforge.fml.relauncher.CoreModManager$FMLPluginWrapper
[13:47:00] [main/INFO] [net.minecraft]: [farseek] Moving Farseek transformer after Sponge proxy
[13:47:00] [main/INFO] [net.minecraft]: [farseek] Excluding Farseek transformer from Sponge pre-mixin transformations
[13:47:00] [main/INFO] [net.minecraft]: [farseek] Re-enabling transformations on Sponge TrackingUtil
[13:47:00] [main/INFO] [LaunchWrapper]: Calling tweak class net.minecraftforge.fml.relauncher.CoreModManager$FMLPluginWrapper
[13:47:00] [main/INFO] [LaunchWrapper]: Calling tweak class net.minecraftforge.fml.relauncher.CoreModManager$FMLPluginWrapper
[13:47:00] [main/INFO] [LaunchWrapper]: Calling tweak class net.minecraftforge.fml.relauncher.CoreModManager$FMLPluginWrapper
[13:47:00] [main/INFO] [LaunchWrapper]: Loading tweak class name net.minecraftforge.fml.common.launcher.TerminalTweaker
[13:47:00] [main/INFO] [LaunchWrapper]: Loading tweak class name org.spongepowered.asm.mixin.EnvironmentStateTweaker
[13:47:00] [main/INFO] [LaunchWrapper]: Calling tweak class net.minecraftforge.fml.common.launcher.TerminalTweaker
[13:47:00] [main/INFO] [LaunchWrapper]: Calling tweak class org.spongepowered.asm.mixin.EnvironmentStateTweaker
[13:47:01] [main/INFO] [STDOUT]: [pl.asie.patchy.helpers.ConstructorReplacingTransformer$FFMethodVisitor:visitTypeInsn:73]: Replaced NEW for net/minecraft/util/ClassInheritanceMultiMap to pl/asie/foamfix/coremod/common/FoamyClassInheritanceMultiMap
[13:47:01] [main/INFO] [STDOUT]: [pl.asie.patchy.helpers.ConstructorReplacingTransformer$FFMethodVisitor:visitMethodInsn:85]: Replaced INVOKESPECIAL for net/minecraft/util/ClassInheritanceMultiMap to pl/asie/foamfix/coremod/common/FoamyClassInheritanceMultiMap
[13:47:01] [main/INFO] [mixin]: A re-entrant transformer '$wrapper.pl.asie.foamfix.coremod.FoamFixTransformer' was detected and will no longer process meta class data
[13:47:01] [main/INFO] [EnderCore ASM]: Transforming Class [net.minecraft.world.chunk.storage.ExtendedBlockStorage], Method [func_76663_a]
[13:47:01] [main/INFO] [EnderCore ASM]: Transforming net.minecraft.world.chunk.storage.ExtendedBlockStorage Finished.
[13:47:01] [main/INFO] [Astral Core]: [AstralTransformer] Transforming amu : net.minecraft.world.World with 2 patches!
[13:47:01] [main/INFO] [Astral Core]: [AstralTransformer] Skipping PATCHSUNBRIGHTNESSWORLDCLIENT as it can't be applied for side SERVER
[13:47:01] [main/INFO] [Astral Core]: [AstralTransformer] Applied patch PATCHSUNBRIGHTNESSWORLDCOMMON
[13:47:01] [main/INFO] [Astral Core]: [AstralTransformer] Transforming amu : net.minecraft.world.World with 2 patches!
[13:47:01] [main/INFO] [Astral Core]: [AstralTransformer] Skipping PATCHSUNBRIGHTNESSWORLDCLIENT as it can't be applied for side SERVER
[13:47:01] [main/INFO] [Astral Core]: [AstralTransformer] Applied patch PATCHSUNBRIGHTNESSWORLDCOMMON
[13:47:01] [main/INFO] [STDOUT]: [pl.asie.foamfix.coremod.FoamFixTransformer:spliceClasses:101]: Added INTERFACE: pl/asie/foamfix/coremod/patches/IFoamFixWorldRemovable
[13:47:01] [main/INFO] [STDOUT]: [pl.asie.foamfix.coremod.FoamFixTransformer:spliceClasses:141]: Added METHOD: net.minecraft.world.World.foamfix_removeUnloadedEntities
[13:47:01] [main/INFO] [STDOUT]: [pl.asie.foamfix.coremod.patches.WorldServerRemovalPatch:apply:57]: Patched updateEntities in net/minecraft/world/WorldServer func_72939_s
[13:47:01] [main/INFO] [Quark ASM]: Transforming net.minecraft.world.WorldServer
[13:47:01] [main/INFO] [Quark ASM]: Applying Transformation to method (Names [areAllPlayersAsleep, func_73056_e] Descriptor ()Z)
[13:47:01] [main/INFO] [Quark ASM]: Located Method, patching...
[13:47:01] [main/INFO] [Quark ASM]: Patch result: true
[13:47:01] [main/INFO] [Quark ASM]: Applying Transformation to method (Names [wakeAllPlayers, func_73053_d] Descriptor ()V)
[13:47:01] [main/INFO] [Quark ASM]: Located Method, patching...
[13:47:01] [main/INFO] [Quark ASM]: Patch result: true
[13:47:01] [main/INFO] [Quark ASM]: Transforming net.minecraft.entity.Entity
[13:47:01] [main/INFO] [Quark ASM]: Applying Transformation to method (Names [move, func_70091_d] Descriptor (Lnet/minecraft/entity/MoverType;DDD)V)
[13:47:01] [main/INFO] [Quark ASM]: Located Method, patching...
[13:47:01] [main/INFO] [Quark ASM]: Patch result: true
[13:47:01] [main/INFO] [Quark ASM]: Located Method, patching...
[13:47:01] [main/INFO] [Quark ASM]: Located patch target node INVOKEVIRTUAL net/minecraft/entity/Entity.func_145775_I ()V
[13:47:01] [main/INFO] [Quark ASM]: Patch result: true
[13:47:01] [main/INFO] [Quark ASM]: Applying Transformation to method (Names [onEntityUpdate, func_70030_z] Descriptor ()V)
[13:47:01] [main/INFO] [Quark ASM]: Located Method, patching...
[13:47:01] [main/INFO] [Quark ASM]: Patch result: true
[13:47:01] [main/INFO] [EnderCore ASM]: Transforming net.minecraft.entity.player.EntityPlayer finished, added func_184613_cA() overriding EntityLivingBase
[13:47:01] [main/INFO] [FML]: [Colytra ASM] Preparing to transform EntityLivingBase
[13:47:01] [main/INFO] [FML]: [Colytra ASM] Initiating transformation to method (Names [onLivingUpdate, func_70636_d, n] Descriptor ()V / ()V)
[13:47:01] [main/INFO] [FML]: [Colytra ASM] Found method, initiating patch...
[13:47:01] [main/INFO] [FML]: [Colytra ASM] Found target node for patching: INVOKESPECIAL vp.r ()V
[13:47:01] [main/INFO] [FML]: [Colytra ASM] Patch result: Success!
[13:47:01] [main/INFO] [Astral Core]: [AstralTransformer] Transforming vp : net.minecraft.entity.EntityLivingBase with 4 patches!
[13:47:01] [main/INFO] [Astral Core]: [AstralTransformer] Applied patch PATCHAPPLYPOTIONEFFECTEVENT
[13:47:01] [main/INFO] [Astral Core]: [AstralTransformer] Applied patch PATCHENTITYLIVINGBASEWATERSLOWDOWN
[13:47:01] [main/INFO] [Astral Core]: [AstralTransformer] Applied patch PATCHSETPLAYERATTRIBUTE
[13:47:01] [main/INFO] [Astral Core]: [AstralTransformer] Applied patch PATCHUPDATEELYTRA
[13:47:01] [main/INFO] [LaunchWrapper]: Launching wrapped minecraft {net.minecraft.server.MinecraftServer}
[13:47:01] [main/INFO] [BetterFps]: Patching net.minecraft.block.Block... (aow)
[13:47:01] [main/INFO] [STDOUT]: [team.chisel.ctm.client.asm.CTMTransformer:preTransform:230]: Transforming Class [net.minecraft.block.Block], Method [getExtendedState]
[13:47:01] [main/INFO] [STDOUT]: [team.chisel.ctm.client.asm.CTMTransformer:finishTransform:242]: Transforming net.minecraft.block.Block Finished.
[13:47:01] [main/INFO] [Quark ASM]: Transforming net.minecraft.enchantment.Enchantment
[13:47:01] [main/INFO] [Quark ASM]: Applying Transformation to method (Names [canApply, func_92089_a] Descriptor (Lnet/minecraft/item/ItemStack;)Z)
[13:47:01] [main/INFO] [Quark ASM]: Located Method, patching...
[13:47:01] [main/INFO] [Quark ASM]: Located patch target node IRETURN
[13:47:01] [main/INFO] [Quark ASM]: Patch result: true
[13:47:01] [main/INFO] [Quark ASM]: Transforming net.minecraft.entity.item.EntityItem
[13:47:01] [main/INFO] [Quark ASM]: Applying Transformation to method (Names [onUpdate, func_70071_h_] Descriptor ()V)
[13:47:01] [main/INFO] [Quark ASM]: Located Method, patching...
[13:47:01] [main/INFO] [Quark ASM]: Patch result: true
[13:47:01] [main/INFO] [STDOUT]: [pl.asie.foamfix.coremod.FoamFixTransformer:spliceClasses:114]: Spliced in METHOD: net.minecraft.block.state.BlockStateContainer.createState
[13:47:01] [main/INFO] [STDOUT]: [pl.asie.foamfix.coremod.FoamFixTransformer:spliceClasses:165]: Added FIELD: net.minecraft.block.state.BlockStateContainer.foamfix_mapper
[13:47:01] [main/INFO] [STDOUT]: [pl.asie.foamfix.coremod.FoamFixTransformer:spliceClasses:114]: Spliced in METHOD: net.minecraft.block.properties.PropertyEnum.equals
[13:47:01] [main/INFO] [STDOUT]: [pl.asie.foamfix.coremod.FoamFixTransformer:spliceClasses:114]: Spliced in METHOD: net.minecraft.block.properties.PropertyEnum.hashCode
[13:47:01] [main/INFO] [STDOUT]: [pl.asie.foamfix.coremod.FoamFixTransformer:spliceClasses:165]: Added FIELD: net.minecraft.block.properties.PropertyEnum.foamfix_hashCode
[13:47:01] [main/INFO] [STDOUT]: [pl.asie.foamfix.coremod.FoamFixTransformer:spliceClasses:165]: Added FIELD: net.minecraft.block.properties.PropertyEnum.foamfix_hashCode_calced
[13:47:01] [main/INFO] [STDOUT]: [pl.asie.foamfix.coremod.FoamFixTransformer:spliceClasses:114]: Spliced in METHOD: net.minecraft.block.properties.PropertyInteger.hashCode
[13:47:01] [main/INFO] [STDOUT]: [pl.asie.foamfix.coremod.FoamFixTransformer:spliceClasses:165]: Added FIELD: net.minecraft.block.properties.PropertyInteger.foamfix_hashCode
[13:47:01] [main/INFO] [STDOUT]: [pl.asie.foamfix.coremod.FoamFixTransformer:spliceClasses:165]: Added FIELD: net.minecraft.block.properties.PropertyInteger.foamfix_hashCode_calced
[13:47:01] [main/INFO] [STDOUT]: [pl.asie.foamfix.coremod.FoamFixTransformer:spliceClasses:114]: Spliced in METHOD: net.minecraft.block.properties.PropertyBool.equals
[13:47:01] [main/INFO] [STDOUT]: [pl.asie.foamfix.coremod.FoamFixTransformer:spliceClasses:114]: Spliced in METHOD: net.minecraft.block.properties.PropertyBool.hashCode
[13:47:01] [main/INFO] [BetterFps]: Patching math utils with "RIVENS_HALF" algorithm
[13:47:01] [main/INFO] [Astral Core]: [AstralTransformer] Transforming aip : net.minecraft.item.ItemStack with 2 patches!
[13:47:01] [main/INFO] [Astral Core]: [AstralTransformer] Skipping PATCHMODIFYENCHANTMENTLEVELSTOOLTIP as it can't be applied for side SERVER
[13:47:01] [main/INFO] [Astral Core]: [AstralTransformer] Skipping PATCHMODIFYENCHANTMENTLEVELSTOOLTIPEVENT as it can't be applied for side SERVER
[13:47:01] [main/INFO] [Quark ASM]: Transforming net.minecraft.item.ItemStack
[13:47:01] [main/INFO] [Quark ASM]: Applying Transformation to method (Names [getTextComponent, func_151000_E] Descriptor ()Lnet/minecraft/util/text/ITextComponent;)
[13:47:01] [main/INFO] [Quark ASM]: Located Method, patching...
[13:47:01] [main/INFO] [Quark ASM]: Located patch target node ARETURN
[13:47:01] [main/INFO] [Quark ASM]: Patch result: true
[13:47:01] [main/INFO] [Quark ASM]: Transforming net.minecraft.block.BlockDynamicLiquid
[13:47:01] [main/INFO] [Quark ASM]: Applying Transformation to method (Names [isBlocked, func_176372_g] Descriptor (Lnet/minecraft/world/World;Lnet/minecraft/util/math/BlockPos;Lnet/minecraft/block/state/IBlockState;)Z)
[13:47:01] [main/INFO] [Quark ASM]: Located Method, patching...
[13:47:01] [main/INFO] [Quark ASM]: Located patch target node IRETURN
[13:47:01] [main/INFO] [Quark ASM]: Located patch target node IRETURN
[13:47:01] [main/INFO] [Quark ASM]: Patch result: true
[13:47:01] [main/INFO] [STDOUT]: [pl.asie.foamfix.coremod.FoamFixTransformer:spliceClasses:114]: Spliced in METHOD: net.minecraft.tileentity.TileEntity.func_190559_a
[13:47:01] [main/INFO] [STDOUT]: [pl.asie.foamfix.coremod.FoamFixTransformer:spliceClasses:114]: Spliced in METHOD: net.minecraft.block.BlockBed.func_189540_a
[13:47:01] [main/INFO] [Quark ASM]: Transforming net.minecraft.block.BlockPistonBase
[13:47:01] [main/INFO] [Quark ASM]: Applying Transformation to method (Names [canPush, func_185646_a] Descriptor (Lnet/minecraft/block/state/IBlockState;Lnet/minecraft/world/World;Lnet/minecraft/util/math/BlockPos;Lnet/minecraft/util/EnumFacing;ZLnet/minecraft/util/EnumFacing;)Z)
[13:47:01] [main/INFO] [Quark ASM]: Located Method, patching...
[13:47:01] [main/INFO] [Quark ASM]: Located patch target node INVOKEVIRTUAL net/minecraft/block/Block.hasTileEntity (Lnet/minecraft/block/state/IBlockState;)Z
[13:47:01] [main/INFO] [Quark ASM]: Patch result: true
[13:47:01] [main/INFO] [Quark ASM]: Applying Transformation to method (Names [doMove, func_176319_a] Descriptor (Lnet/minecraft/world/World;Lnet/minecraft/util/math/BlockPos;Lnet/minecraft/util/EnumFacing;Z)Z)
[13:47:01] [main/INFO] [Quark ASM]: Located Method, patching...
[13:47:01] [main/INFO] [Quark ASM]: Located patch target node INVOKEVIRTUAL net/minecraft/block/state/BlockPistonStructureHelper.func_177254_c ()Ljava/util/List;
[13:47:01] [main/INFO] [Quark ASM]: Patch result: true
[13:47:01] [main/INFO] [Quark ASM]: Applying Transformation to method (Names [doMove, func_176319_a] Descriptor (Lnet/minecraft/world/World;Lnet/minecraft/util/math/BlockPos;Lnet/minecraft/util/EnumFacing;Z)Z)
[13:47:01] [main/INFO] [Quark ASM]: Located Method, patching...
[13:47:01] [main/INFO] [Quark ASM]: Located patch target node INVOKESPECIAL net/minecraft/block/state/BlockPistonStructureHelper.<init> (Lnet/minecraft/world/World;Lnet/minecraft/util/math/BlockPos;Lnet/minecraft/util/EnumFacing;Z)V
[13:47:01] [main/INFO] [Quark ASM]: Patch result: true
[13:47:01] [main/INFO] [Quark ASM]: Applying Transformation to method (Names [checkForMove, func_176316_e] Descriptor (Lnet/minecraft/world/World;Lnet/minecraft/util/math/BlockPos;Lnet/minecraft/block/state/IBlockState;)V)
[13:47:01] [main/INFO] [Quark ASM]: Located Method, patching...
[13:47:01] [main/INFO] [Quark ASM]: Located patch target node INVOKESPECIAL net/minecraft/block/state/BlockPistonStructureHelper.<init> (Lnet/minecraft/world/World;Lnet/minecraft/util/math/BlockPos;Lnet/minecraft/util/EnumFacing;Z)V
[13:47:01] [main/INFO] [Quark ASM]: Patch result: true
[13:47:01] [main/INFO] [Quark ASM]: Transforming net.minecraft.tileentity.TileEntityPiston
[13:47:01] [main/INFO] [Quark ASM]: Applying Transformation to method (Names [update, func_73660_a] Descriptor ()V)
[13:47:01] [main/INFO] [Quark ASM]: Located Method, patching...
[13:47:01] [main/INFO] [Quark ASM]: Patch result: true
[13:47:01] [main/INFO] [Quark ASM]: Applying Transformation to method (Names [clearPistonTileEntity, func_145866_f] Descriptor ()V)
[13:47:01] [main/INFO] [Quark ASM]: Located Method, patching...
[13:47:01] [main/INFO] [Quark ASM]: Located patch target node INVOKEVIRTUAL net/minecraft/world/World.func_180501_a (Lnet/minecraft/util/math/BlockPos;Lnet/minecraft/block/state/IBlockState;I)Z
[13:47:01] [main/INFO] [Quark ASM]: Patch result: true
[13:47:01] [main/INFO] [Quark ASM]: Applying Transformation to method (Names [update, func_73660_a] Descriptor ()V)
[13:47:01] [main/INFO] [Quark ASM]: Located Method, patching...
[13:47:01] [main/INFO] [Quark ASM]: Located patch target node INVOKEVIRTUAL net/minecraft/world/World.func_180501_a (Lnet/minecraft/util/math/BlockPos;Lnet/minecraft/block/state/IBlockState;I)Z
[13:47:01] [main/INFO] [Quark ASM]: Patch result: true
[13:47:01] [main/INFO] [STDOUT]: [pl.asie.foamfix.coremod.patches.GhostBusterBlockStateAccessPatch$FFMethodVisitor:visitMethodInsn:93]: Added ghost buster patch (getBlockState call wrapped) in net/minecraft/block/BlockFarmland func_176530_e (net/minecraft/world/World func_180495_p (Lnet/minecraft/util/math/BlockPos;)Lnet/minecraft/block/state/IBlockState;)
[13:47:02] [main/INFO] [BetterFps]: Patching net.minecraft.block.BlockHopper... (arl)
[13:47:02] [main/INFO] [STDOUT]: [pl.asie.patchy.helpers.ConstructorReplacingTransformer$FFMethodVisitor:visitTypeInsn:73]: Replaced NEW for net/minecraft/tileentity/TileEntityHopper to pl/asie/foamfix/common/TileEntityFasterHopper
[13:47:02] [main/INFO] [STDOUT]: [pl.asie.patchy.helpers.ConstructorReplacingTransformer$FFMethodVisitor:visitMethodInsn:85]: Replaced INVOKESPECIAL for net/minecraft/tileentity/TileEntityHopper to pl/asie/foamfix/common/TileEntityFasterHopper
[13:47:02] [main/INFO] [BetterFps]: Patching net.minecraft.tileentity.TileEntityHopper... (avw)
[13:47:02] [main/INFO] [Quark ASM]: Transforming net.minecraft.enchantment.EnchantmentDamage
[13:47:02] [main/INFO] [Quark ASM]: Applying Transformation to method (Names [canApply, func_92089_a] Descriptor (Lnet/minecraft/item/ItemStack;)Z)
[13:47:02] [main/INFO] [Quark ASM]: Located Method, patching...
[13:47:02] [main/INFO] [Quark ASM]: Located patch target node IRETURN
[13:47:02] [main/INFO] [Quark ASM]: Located patch target node IRETURN
[13:47:02] [main/INFO] [Quark ASM]: Patch result: true
[13:47:02] [main/INFO] [EnderCore ASM]: Transforming Class [net.minecraft.entity.item.EntityItemFrame], Method [func_184230_a]
[13:47:02] [main/INFO] [EnderCore ASM]: Transforming net.minecraft.entity.item.EntityItemFrame Finished.
[13:47:02] [main/INFO] [Quark ASM]: Transforming net.minecraft.entity.item.EntityMinecart
[13:47:02] [main/INFO] [Quark ASM]: Applying Transformation to method (Names [killMinecart, func_94095_a] Descriptor (Lnet/minecraft/util/DamageSource;)V)
[13:47:02] [main/INFO] [Quark ASM]: Located Method, patching...
[13:47:02] [main/INFO] [Quark ASM]: Located patch target node INVOKEVIRTUAL net/minecraft/entity/item/EntityMinecart.func_70099_a (Lnet/minecraft/item/ItemStack;F)Lnet/minecraft/entity/item/EntityItem;
[13:47:02] [main/INFO] [Quark ASM]: Patch result: true
[13:47:02] [main/INFO] [Quark ASM]: Transforming net.minecraft.entity.item.EntityBoat
[13:47:02] [main/INFO] [Quark ASM]: Applying Transformation to method (Names [attackEntityFrom, func_70097_a] Descriptor (Lnet/minecraft/util/DamageSource;F)Z)
[13:47:02] [main/INFO] [Quark ASM]: Located Method, patching...
[13:47:02] [main/INFO] [Quark ASM]: Located patch target node INVOKEVIRTUAL net/minecraft/entity/item/EntityBoat.func_145778_a (Lnet/minecraft/item/Item;IF)Lnet/minecraft/entity/item/EntityItem;
[13:47:02] [main/INFO] [Quark ASM]: Patch result: true
[13:47:02] [main/INFO] [Quark ASM]: Transforming net.minecraft.item.ItemBanner
[13:47:02] [main/INFO] [Quark ASM]: Applying Transformation to method (Names [appendHoverTextFromTileEntityTag, func_185054_a] Descriptor (Lnet/minecraft/item/ItemStack;Ljava/util/List;)V)
[13:47:02] [main/INFO] [Quark ASM]: Failed to locate the method!
[13:47:02] [main/INFO] [Astral Core]: [AstralTransformer] Transforming wg : net.minecraft.entity.ai.attributes.AbstractAttributeMap with 1 patches!
[13:47:02] [main/INFO] [Astral Core]: [AstralTransformer] Applied patch PATCHADDPLAYERATTRIBUTE
[13:47:02] [main/INFO] [Quark ASM]: Transforming net.minecraft.entity.ai.EntityAITarget
[13:47:02] [main/INFO] [Quark ASM]: Applying Transformation to method (Names [isSuitableTarget, func_179445_a] Descriptor (Lnet/minecraft/entity/EntityLiving;Lnet/minecraft/entity/EntityLivingBase;ZZ)Z)
[13:47:02] [main/INFO] [Quark ASM]: Located Method, patching...
[13:47:02] [main/INFO] [Quark ASM]: Patch result: true
[13:47:02] [main/INFO] [STDOUT]: [pl.asie.foamfix.coremod.FoamFixTransformer:spliceClasses:101]: Added INTERFACE: pl/asie/foamfix/api/IFoamFixMobSpawnerLogic
[13:47:02] [main/INFO] [STDOUT]: [pl.asie.foamfix.coremod.FoamFixTransformer:spliceClasses:114]: Spliced in METHOD: net.minecraft.tileentity.MobSpawnerBaseLogic.func_98279_f
[13:47:02] [main/INFO] [STDOUT]: [pl.asie.foamfix.coremod.FoamFixTransformer:spliceClasses:165]: Added FIELD: net.minecraft.tileentity.MobSpawnerBaseLogic.foamfix_activatedCache
[13:47:02] [main/INFO] [STDOUT]: [pl.asie.foamfix.coremod.FoamFixTransformer:spliceClasses:165]: Added FIELD: net.minecraft.tileentity.MobSpawnerBaseLogic.foamfix_activatedCachePESize
[13:47:02] [main/INFO] [STDOUT]: [pl.asie.foamfix.coremod.FoamFixTransformer:spliceClasses:165]: Added FIELD: net.minecraft.tileentity.MobSpawnerBaseLogic.foamfix_activatedCacheTime
[13:47:02] [main/INFO] [STDOUT]: [pl.asie.foamfix.coremod.FoamFixTransformer:spliceClasses:165]: Added FIELD: net.minecraft.tileentity.MobSpawnerBaseLogic.foamfix_forcedCache
[13:47:02] [main/INFO] [STDOUT]: [pl.asie.foamfix.coremod.FoamFixTransformer:spliceClasses:165]: Added FIELD: net.minecraft.tileentity.MobSpawnerBaseLogic.foamfix_forcedCacheTime
[13:47:02] [main/INFO] [EnderCore ASM]: Transforming Class [net.minecraft.entity.ai.EntityAICreeperSwell], Method [func_75246_d]
[13:47:02] [main/INFO] [EnderCore ASM]: Transforming net.minecraft.entity.ai.EntityAICreeperSwell Finished.
[13:47:02] [main/INFO] [Quark ASM]: Transforming net.minecraft.item.crafting.RecipesBanners$RecipeAddPattern
[13:47:02] [main/INFO] [Quark ASM]: Applying Transformation to method (Names [matches, func_77569_a] Descriptor (Lnet/minecraft/inventory/InventoryCrafting;Lnet/minecraft/world/World;)Z)
[13:47:02] [main/INFO] [Quark ASM]: Located Method, patching...
[13:47:02] [main/INFO] [Quark ASM]: Located patch target node INVOKESTATIC net/minecraft/tileentity/TileEntityBanner.func_175113_c (Lnet/minecraft/item/ItemStack;)I
[13:47:02] [main/INFO] [Quark ASM]: Patch result: true
[13:47:02] [main/INFO] [BetterFps]: Patching net.minecraft.server.dedicated.DedicatedServer... (nz)
[13:47:03] [main/INFO] [Quark ASM]: Transforming net.minecraft.inventory.ContainerMerchant
[13:47:03] [main/INFO] [Quark ASM]: Applying Transformation to method (Names [transferStackInSlot, func_82846_b] Descriptor (Lnet/minecraft/entity/player/EntityPlayer;I)Lnet/minecraft/item/ItemStack;)
[13:47:03] [main/INFO] [Quark ASM]: Located Method, patching...
[13:47:03] [main/INFO] [Quark ASM]: Located patch target node INVOKEVIRTUAL net/minecraft/inventory/ContainerMerchant.func_75135_a (Lnet/minecraft/item/ItemStack;IIZ)Z
[13:47:03] [main/INFO] [Quark ASM]: Located patch target node INVOKEVIRTUAL net/minecraft/inventory/ContainerMerchant.func_75135_a (Lnet/minecraft/item/ItemStack;IIZ)Z
[13:47:03] [main/INFO] [Quark ASM]: Located patch target node INVOKEVIRTUAL net/minecraft/inventory/ContainerMerchant.func_75135_a (Lnet/minecraft/item/ItemStack;IIZ)Z
[13:47:03] [main/INFO] [Quark ASM]: Located patch target node INVOKEVIRTUAL net/minecraft/inventory/ContainerMerchant.func_75135_a (Lnet/minecraft/item/ItemStack;IIZ)Z
[13:47:03] [main/INFO] [Quark ASM]: Patch result: true
[13:47:03] [main/INFO] [EnderCore ASM]: Transforming Class [net.minecraft.inventory.ContainerFurnace], Method [func_82846_b]
[13:47:03] [main/INFO] [EnderCore ASM]: Transforming net.minecraft.inventory.ContainerFurnace Finished.
[13:47:03] [Server thread/INFO] [net.minecraft.server.dedicated.DedicatedServer]: Starting minecraft server version 1.12.2
[13:47:03] [Server thread/INFO] [FML]: MinecraftForge v14.23.5.2860 Initialized
[13:47:03] [Server thread/INFO] [FML]: Starts to replace vanilla recipe ingredients with ore ingredients.
[13:47:03] [Server thread/INFO] [FML]: Invalid recipe found with multiple oredict ingredients in the same ingredient...
[13:47:03] [Server thread/INFO] [FML]: Replaced 1227 ore ingredients
[13:47:03] [Server thread/INFO] [STDOUT]: [zmaster587.advancedRocketry.asm.ModContainer:<init>:23]: ********* CoreDummyContainer. OK
[13:47:03] [Server thread/INFO] [FML]: Searching C:\Users\jular\Desktop\Enigmatica2LightServer-1.5.1-log4j-fix\.\mods for mods
[13:47:03] [Server thread/WARN] [FML]: Mod aroma1997core is missing the required element 'version' and a version.properties file could not be found. Falling back to metadata version 2.0.0.2
[13:47:03] [Server thread/WARN] [FML]: Mod aroma1997sdimension is missing the required element 'version' and a version.properties file could not be found. Falling back to metadata version 2.0.0.2
[13:47:04] [Server thread/INFO] [FML]: Disabling mod betteradvancements it is client side only.
[13:47:04] [Server thread/WARN] [FML]: Mod betterbuilderswands is missing the required element 'version' and a version.properties file could not be found. Falling back to metadata version 0.13.2
[13:47:04] [Server thread/INFO] [FML]: Disabling mod blockdrops it is client side only.
[13:47:04] [Server thread/WARN] [FML]: Mod codechickenlib is missing the required element 'version' and a version.properties file could not be found. Falling back to metadata version 3.2.3.358
[13:47:04] [Server thread/INFO] [FML]: Disabling mod controlling it is client side only.
[13:47:04] [Server thread/WARN] [FML]: Mod cookingforblockheads is missing the required element 'version' and a version.properties file could not be found. Falling back to metadata version 6.5.0
[13:47:04] [Server thread/WARN] [FML]: Mod cosmeticarmorreworked is missing the required element 'version' and a version.properties file could not be found. Falling back to metadata version 1.12.2-v5a
[13:47:04] [Server thread/INFO] [FML]: Disabling mod ctgui it is client side only.
[13:47:04] [Server thread/INFO] [FML]: Disabling mod ctm it is client side only.
[13:47:04] [Server thread/INFO] [FML]: Disabling mod custombackgrounds it is client side only.
[13:47:04] [Server thread/INFO] [FML]: Disabling mod custommainmenu it is client side only.
[13:47:04] [Server thread/INFO] [FML]: Disabling mod defaultoptions it is client side only.
[13:47:04] [Server thread/INFO] [FML]: Disabling mod ding it is client side only.
[13:47:04] [Server thread/INFO] [FML]: Disabling mod discordsuite it is client side only.
[13:47:04] [Server thread/WARN] [FML]: Mod enderstorage is missing the required element 'version' and a version.properties file could not be found. Falling back to metadata version 2.4.6.137
[13:47:05] [Server thread/WARN] [FML]: Mod farmingforblockheads is missing the required element 'version' and a version.properties file could not be found. Falling back to metadata version 3.1.28
[13:47:05] [Server thread/WARN] [FML]: Mod farseek is missing the required element 'version' and a version.properties file could not be found. Falling back to metadata version 2.5.1
[13:47:05] [Server thread/INFO] [FML]: Disabling mod fw it is client side only.
[13:47:05] [Server thread/WARN] [FML]: Mod ironchest is missing the required element 'version' and a version.properties file could not be found. Falling back to metadata version 1.12.2-7.0.67.844
[13:47:05] [Server thread/INFO] [FML]: Disabling mod jeivillagers it is client side only.
[13:47:05] [Server thread/INFO] [FML]: Disabling mod jetif it is client side only.
[13:47:05] [Server thread/INFO] [FML]: Disabling mod jehc it is client side only.
[13:47:05] [Server thread/INFO] [FML]: Disabling mod justenoughpetroleum it is client side only.
[13:47:05] [Server thread/INFO] [FML]: Disabling mod jeresources it is client side only.
[13:47:05] [Server thread/WARN] [FML]: Mod kleeslabs is missing the required element 'version' and a version.properties file could not be found. Falling back to metadata version 5.4.12
[13:47:05] [Server thread/INFO] [FML]: Disabling mod lootcapacitortooltips it is client side only.
[13:47:05] [Server thread/WARN] [FML]: Mod mekanismgenerators is missing the required element 'version' and a version.properties file could not be found. Falling back to metadata version 1.12.2-9.8.3.390
[13:47:05] [Server thread/WARN] [FML]: Mod mekanismtools is missing the required element 'version' and a version.properties file could not be found. Falling back to metadata version 1.12.2-9.8.3.390
[13:47:05] [Server thread/INFO] [FML]: Disabling mod moreoverlays it is client side only.
[13:47:05] [Server thread/INFO] [FML]: Disabling mod mousetweaks it is client side only.
[13:47:05] [Server thread/INFO] [FML]: Disabling mod neat it is client side only.
[13:47:05] [Server thread/WARN] [FML]: Mod nmsot is missing the required element 'version' and a version.properties file could not be found. Falling back to metadata version 1.2.2-mc1.12.2
[13:47:05] [Server thread/INFO] [FML]: Disabling mod nonvflash it is client side only.
[13:47:05] [Server thread/INFO] [FML]: Disabling mod oldjava it is client side only.
[13:47:06] [Server thread/WARN] [FML]: Mod prettybeaches is missing the required element 'version' and a version.properties file could not be found. Falling back to metadata version 1.1.0
[13:47:06] [Server thread/INFO] [FML]: Disabling mod ptrmodellib it is client side only.
[13:47:06] [Server thread/INFO] [FML]: Disabling mod resourceloader it is client side only.
[13:47:06] [Server thread/WARN] [FML]: Mod streams is missing the required element 'version' and a version.properties file could not be found. Falling back to metadata version 0.4.9
[13:47:06] [Server thread/WARN] [FML]: Mod tcinventoryscan is missing the required element 'version' and a version.properties file could not be found. Falling back to metadata version 2.0.10
[13:47:06] [Server thread/INFO] [FML]: Disabling mod thaumicjei it is client side only.
[13:47:06] [Server thread/INFO] [FML]: Disabling mod tips it is client side only.
[13:47:06] [Server thread/INFO] [FML]: Disabling mod tipthescales it is client side only.
[13:47:06] [Server thread/INFO] [FML]: Disabling mod toastcontrol it is client side only.
[13:47:06] [Server thread/INFO] [FML]: Disabling mod torohealthmod it is client side only.
[13:47:06] [Server thread/INFO] [FML]: Disabling mod reauth it is client side only.
[13:47:06] [Server thread/INFO] [FML]: Forge Mod Loader has identified 178 mods to load
[13:47:06] [Server thread/INFO] [FML]: Found mod(s) [wct] containing declared API package yalter.mousetweaks.api (owned by mousetweaks) without associated API reference
[13:47:06] [Server thread/INFO] [FML]: Found mod(s) [danknull] containing declared API package yalter.mousetweaks.api (owned by mousetweaks) without associated API reference
[13:47:06] [Server thread/WARN] [FML]: Missing English translation for FML: assets/fml/lang/en_us.lang
[13:47:06] [Server thread/INFO] [STDOUT]: [zmaster587.advancedRocketry.asm.ModContainer:registerBus:42]: ********* registerBus. OK
[13:47:06] [Server thread/WARN] [FML]: Missing English translation for actuallybaubles: assets/actuallybaubles/lang/en_us.lang
[13:47:06] [Server thread/WARN] [FML]: Missing English translation for aiimprovements: assets/aiimprovements/lang/en_us.lang
[13:47:06] [Server thread/WARN] [FML]: Missing English translation for appleskin: assets/appleskin/lang/en_us.lang
[13:47:06] [Server thread/WARN] [FML]: Missing English translation for chameleon: assets/chameleon/lang/en_us.lang
[13:47:06] [Server thread/WARN] [FML]: Missing English translation for chunkpregenerator: assets/chunkpregenerator/lang/en_us.lang
[13:47:06] [Server thread/WARN] [FML]: Missing English translation for clumps: assets/clumps/lang/en_us.lang
[13:47:06] [Server thread/WARN] [FML]: Missing English translation for codechickenlib: assets/codechickenlib/lang/en_us.lang
[13:47:06] [Server thread/WARN] [FML]: Missing English translation for cofhcore: assets/cofhcore/lang/en_us.lang
[13:47:06] [Server thread/WARN] [FML]: Missing English translation for crafttweaker: assets/crafttweaker/lang/en_us.lang
[13:47:06] [Server thread/WARN] [FML]: Missing English translation for crafttweakerjei: assets/crafttweakerjei/lang/en_us.lang
[13:47:06] [Server thread/WARN] [FML]: Missing English translation for diethopper: assets/diethopper/lang/en_us.lang
[13:47:06] [Server thread/WARN] [FML]: Missing English translation for dirt2path: assets/dirt2path/lang/en_us.lang
[13:47:06] [Server thread/WARN] [FML]: Missing English translation for enderiobase: assets/enderiobase/lang/en_us.lang
[13:47:06] [Server thread/WARN] [FML]: Missing English translation for enderioconduitsappliedenergistics: assets/enderioconduitsappliedenergistics/lang/en_us.lang
[13:47:06] [Server thread/WARN] [FML]: Missing English translation for enderioconduitsopencomputers: assets/enderioconduitsopencomputers/lang/en_us.lang
[13:47:06] [Server thread/WARN] [FML]: Missing English translation for enderioconduitsrefinedstorage: assets/enderioconduitsrefinedstorage/lang/en_us.lang
[13:47:06] [Server thread/WARN] [FML]: Missing English translation for enderioconduits: assets/enderioconduits/lang/en_us.lang
[13:47:06] [Server thread/WARN] [FML]: Missing English translation for enderiointegrationforestry: assets/enderiointegrationforestry/lang/en_us.lang
[13:47:06] [Server thread/WARN] [FML]: Missing English translation for enderiointegrationtic: assets/enderiointegrationtic/lang/en_us.lang
[13:47:06] [Server thread/WARN] [FML]: Missing English translation for enderiointegrationticlate: assets/enderiointegrationticlate/lang/en_us.lang
[13:47:06] [Server thread/WARN] [FML]: Missing English translation for enderioinvpanel: assets/enderioinvpanel/lang/en_us.lang
[13:47:06] [Server thread/WARN] [FML]: Missing English translation for enderiomachines: assets/enderiomachines/lang/en_us.lang
[13:47:06] [Server thread/WARN] [FML]: Missing English translation for enderiopowertools: assets/enderiopowertools/lang/en_us.lang
[13:47:06] [Server thread/WARN] [FML]: Missing English translation for farseek: assets/farseek/lang/en_us.lang
[13:47:06] [Server thread/WARN] [FML]: Missing English translation for fastfurnace: assets/fastfurnace/lang/en_us.lang
[13:47:06] [Server thread/WARN] [FML]: Missing English translation for fastbench: assets/fastbench/lang/en_us.lang
[13:47:06] [Server thread/WARN] [FML]: Missing English translation for fencejumper: assets/fencejumper/lang/en_us.lang
[13:47:06] [Server thread/WARN] [FML]: Missing English translation for foamfix: assets/foamfix/lang/en_us.lang
[13:47:06] [Server thread/WARN] [FML]: Missing English translation for forgelin: assets/forgelin/lang/en_us.lang
[13:47:06] [Server thread/WARN] [FML]: Missing English translation for gunpowderlib: assets/gunpowderlib/lang/en_us.lang
[13:47:06] [Server thread/WARN] [FML]: Missing English translation for incontrol: assets/incontrol/lang/en_us.lang
[13:47:06] [Server thread/WARN] [FML]: Missing English translation for ic2: assets/ic2/lang/en_us.lang
[13:47:06] [Server thread/WARN] [FML]: Missing English translation for oredictinit: assets/oredictinit/lang/en_us.lang
[13:47:06] [Server thread/WARN] [FML]: Missing English translation for justsleep: assets/justsleep/lang/en_us.lang
[13:47:06] [Server thread/WARN] [FML]: Missing English translation for kleeslabs: assets/kleeslabs/lang/en_us.lang
[13:47:06] [Server thread/WARN] [FML]: Missing English translation for lttweaker: assets/lttweaker/lang/en_us.lang
[13:47:06] [Server thread/WARN] [FML]: Missing English translation for lunatriuscore: assets/lunatriuscore/lang/en_us.lang
[13:47:06] [Server thread/WARN] [FML]: Missing English translation for mantle: assets/mantle/lang/en_us.lang
[13:47:06] [Server thread/WARN] [FML]: Missing English translation for mcjtylib_ng: assets/mcjtylib_ng/lang/en_us.lang
[13:47:06] [Server thread/WARN] [FML]: Missing English translation for mcmultipart: assets/mcmultipart/lang/en_us.lang
[13:47:06] [Server thread/WARN] [FML]: Missing English translation for mekanismgenerators: assets/mekanismgenerators/lang/en_us.lang
[13:47:06] [Server thread/WARN] [FML]: Missing English translation for mekanismtools: assets/mekanismtools/lang/en_us.lang
[13:47:06] [Server thread/WARN] [FML]: Missing English translation for modtweaker: assets/modtweaker/lang/en_us.lang
[13:47:06] [Server thread/WARN] [FML]: Missing English translation for mtlib: assets/mtlib/lang/en_us.lang
[13:47:06] [Server thread/WARN] [FML]: Missing English translation for nmsot: assets/nmsot/lang/en_us.lang
[13:47:06] [Server thread/WARN] [FML]: Missing English translation for examplemod: assets/examplemod/lang/en_us.lang
[13:47:06] [Server thread/WARN] [FML]: Missing English translation for placebo: assets/placebo/lang/en_us.lang
[13:47:06] [Server thread/WARN] [FML]: Missing English translation for planefix: assets/planefix/lang/en_us.lang
[13:47:06] [Server thread/WARN] [FML]: Missing English translation for prettybeaches: assets/prettybeaches/lang/en_us.lang
[13:47:06] [Server thread/WARN] [FML]: Missing English translation for quickleafdecay: assets/quickleafdecay/lang/en_us.lang
[13:47:06] [Server thread/WARN] [FML]: Missing English translation for redstoneflux: assets/redstoneflux/lang/en_us.lang
[13:47:06] [Server thread/WARN] [FML]: Missing English translation for stg: assets/stg/lang/en_us.lang
[13:47:06] [Server thread/WARN] [FML]: Missing English translation for streams: assets/streams/lang/en_us.lang
[13:47:06] [Server thread/WARN] [FML]: Missing English translation for teslacorelib_registries: assets/teslacorelib_registries/lang/en_us.lang
[13:47:07] [Server thread/WARN] [FML]: Missing English translation for unidict: assets/unidict/lang/en_us.lang
[13:47:07] [Server thread/WARN] [FML]: Missing English translation for unloader: assets/unloader/lang/en_us.lang
[13:47:07] [Server thread/WARN] [FML]: Missing English translation for universalmodifiers: assets/universalmodifiers/lang/en_us.lang
[13:47:07] [Server thread/WARN] [FML]: Missing English translation for wrapup: assets/wrapup/lang/en_us.lang
[13:47:07] [Server thread/WARN] [FML]: Missing English translation for ynot: assets/ynot/lang/en_us.lang
[13:47:07] [Server thread/WARN] [FML]: Missing English translation for phosphor-lighting: assets/phosphor-lighting/lang/en_us.lang
[13:47:07] [Server thread/INFO] [FML]: FML has found a non-mod file BetterAdvancements-1.12.2-0.1.0.77.jar in your mods directory. It will now be injected into your classpath. This could severe stability issues, it should be removed if possible.
[13:47:07] [Server thread/INFO] [FML]: FML has found a non-mod file blockdrops-1.12.2-1.4.0.jar in your mods directory. It will now be injected into your classpath. This could severe stability issues, it should be removed if possible.
[13:47:07] [Server thread/INFO] [FML]: FML has found a non-mod file Controlling-3.0.10.jar in your mods directory. It will now be injected into your classpath. This could severe stability issues, it should be removed if possible.
[13:47:07] [Server thread/INFO] [FML]: FML has found a non-mod file CTM-MC1.12.2-1.0.2.31.jar in your mods directory. It will now be injected into your classpath. This could severe stability issues, it should be removed if possible.
[13:47:07] [Server thread/INFO] [FML]: FML has found a non-mod file CustomBackgrounds-MC1.12-1.1.1.jar in your mods directory. It will now be injected into your classpath. This could severe stability issues, it should be removed if possible.
[13:47:07] [Server thread/INFO] [FML]: FML has found a non-mod file CustomMainMenu-MC1.12.2-2.0.9.1.jar in your mods directory. It will now be injected into your classpath. This could severe stability issues, it should be removed if possible.
[13:47:07] [Server thread/INFO] [FML]: FML has found a non-mod file DefaultOptions_1.12.2-9.2.8.jar in your mods directory. It will now be injected into your classpath. This could severe stability issues, it should be removed if possible.
[13:47:07] [Server thread/INFO] [FML]: FML has found a non-mod file Ding-1.12.2-1.0.2.jar in your mods directory. It will now be injected into your classpath. This could severe stability issues, it should be removed if possible.
[13:47:07] [Server thread/INFO] [FML]: FML has found a non-mod file DiscordSuite-2.2.4.jar in your mods directory. It will now be injected into your classpath. This could severe stability issues, it should be removed if possible.
[13:47:07] [Server thread/INFO] [FML]: FML has found a non-mod file FullscreenWindowed-1.12-1.6.0.jar in your mods directory. It will now be injected into your classpath. This could severe stability issues, it should be removed if possible.
[13:47:07] [Server thread/INFO] [FML]: FML has found a non-mod file jeivillagers-1.12-1.0.2.jar in your mods directory. It will now be injected into your classpath. This could severe stability issues, it should be removed if possible.
[13:47:07] [Server thread/INFO] [FML]: FML has found a non-mod file jetif-1.12.2-1.5.2.jar in your mods directory. It will now be injected into your classpath. This could severe stability issues, it should be removed if possible.
[13:47:07] [Server thread/INFO] [FML]: FML has found a non-mod file just-enough-harvestcraft-1.12.2-1.7.2.jar in your mods directory. It will now be injected into your classpath. This could severe stability issues, it should be removed if possible.
[13:47:07] [Server thread/INFO] [FML]: FML has found a non-mod file JustEnoughPetroleum-0.1.jar in your mods directory. It will now be injected into your classpath. This could severe stability issues, it should be removed if possible.
[13:47:07] [Server thread/INFO] [FML]: FML has found a non-mod file JustEnoughResources-1.12.2-0.9.2.60.jar in your mods directory. It will now be injected into your classpath. This could severe stability issues, it should be removed if possible.
[13:47:07] [Server thread/INFO] [FML]: FML has found a non-mod file lootcapacitortooltips-1.3.jar in your mods directory. It will now be injected into your classpath. This could severe stability issues, it should be removed if possible.
[13:47:07] [Server thread/INFO] [FML]: FML has found a non-mod file moreoverlays-1.15.1-mc1.12.2.jar in your mods directory. It will now be injected into your classpath. This could severe stability issues, it should be removed if possible.
[13:47:07] [Server thread/INFO] [FML]: FML has found a non-mod file MouseTweaks-2.10-mc1.12.2.jar in your mods directory. It will now be injected into your classpath. This could severe stability issues, it should be removed if possible.
[13:47:07] [Server thread/INFO] [FML]: FML has found a non-mod file Neat 1.4-17.jar in your mods directory. It will now be injected into your classpath. This could severe stability issues, it should be removed if possible.
[13:47:07] [Server thread/INFO] [FML]: FML has found a non-mod file NoNVFlash-1.12.2-1.2.0.3-universal.jar in your mods directory. It will now be injected into your classpath. This could severe stability issues, it should be removed if possible.
[13:47:07] [Server thread/INFO] [FML]: FML has found a non-mod file OldJavaWarning-1.12.2-1.1.11.jar in your mods directory. It will now be injected into your classpath. This could severe stability issues, it should be removed if possible.
[13:47:07] [Server thread/INFO] [FML]: FML has found a non-mod file PTRLib-1.0.5.jar in your mods directory. It will now be injected into your classpath. This could severe stability issues, it should be removed if possible.
[13:47:07] [Server thread/INFO] [FML]: FML has found a non-mod file ResourceLoader-MC1.12.1-1.5.3.jar in your mods directory. It will now be injected into your classpath. This could severe stability issues, it should be removed if possible.
[13:47:07] [Server thread/INFO] [FML]: FML has found a non-mod file ThaumicJEI-1.12.2-1.6.0-27.jar in your mods directory. It will now be injected into your classpath. This could severe stability issues, it should be removed if possible.
[13:47:07] [Server thread/INFO] [FML]: FML has found a non-mod file Tips-1.12.2-1.0.9.jar in your mods directory. It will now be injected into your classpath. This could severe stability issues, it should be removed if possible.
[13:47:07] [Server thread/INFO] [FML]: FML has found a non-mod file TipTheScales-1.12.2-1.0.4.jar in your mods directory. It will now be injected into your classpath. This could severe stability issues, it should be removed if possible.
[13:47:07] [Server thread/INFO] [FML]: FML has found a non-mod file Toast Control-1.12.2-1.8.1.jar in your mods directory. It will now be injected into your classpath. This could severe stability issues, it should be removed if possible.
[13:47:07] [Server thread/INFO] [FML]: FML has found a non-mod file torohealth-1.12.2-11.jar in your mods directory. It will now be injected into your classpath. This could severe stability issues, it should be removed if possible.
[13:47:07] [Server thread/INFO] [FML]: FML has found a non-mod file AutoSave-1.12.2-1.0.11.jar in your mods directory. It will now be injected into your classpath. This could severe stability issues, it should be removed if possible.
[13:47:07] [Server thread/INFO] [FML]: FML has found a non-mod file AutoConfig-1.12.2-1.0.2.jar in your mods directory. It will now be injected into your classpath. This could severe stability issues, it should be removed if possible.
[13:47:07] [Server thread/INFO] [FML]: FML has found a non-mod file mcjtytools-0.0.21.jar in your mods directory. It will now be injected into your classpath. This could severe stability issues, it should be removed if possible.
[13:47:07] [Server thread/INFO] [FML]: FML has found a non-mod file reauth-3.6.0.jar in your mods directory. It will now be injected into your classpath. This could severe stability issues, it should be removed if possible.
[13:47:07] [Server thread/INFO] [FML]: Attempting connection with missing mods [minecraft, mcp, FML, forge, advancedrocketrycore, openmodscore, foamfixcore, randompatches, actuallyadditions, actuallybaubles, advancedrocketry, ae2stuff, ae2wtlib, aiimprovements, akashictome, applecore, appleskin, appliedenergistics2, architecturecraft, aroma1997core, aroma1997sdimension, astralsorcery, autoreglib, backpack, badwithernocookiereloaded, baubles, bdlib, betterbuilderswands, betterquesting, blockcraftery, bloodmagic, bookshelf, botania, brandonscore, buildinggadgets, chameleon, chisel, chiselsandbits, chunkpregenerator, clumps, codechickenlib, cofhcore, cofhworld, colytra, commoncapabilities, cookingforblockheads, cosmeticarmorreworked, crafttweaker, crafttweakerjei, cyclopscore, danknull, darkutils, props, demagnetize, diethopper, dirt2path, draconicevolution, endercore, enderio, enderiobase, enderioconduitsappliedenergistics, enderioconduitsopencomputers, enderioconduitsrefinedstorage, enderioconduits, enderiointegrationforestry, enderiointegrationtic, enderiointegrationticlate, enderioinvpanel, enderiomachines, enderiopowertools, gasconduits, enderstorage, engineersdoors, environmentaltech, extrabitmanipulation, extrautils2, bigreactors, farmingforblockheads, farseek, fastfurnace, fastbench, fencejumper, foamfix, forestry, forgelin, ftbbackups, ftblib, ftbutilities, guideapi, gunpowderlib, waila, immersivepetroleum, immersivetech, incontrol, ic2, industrialforegoing, inventorytweaks, ironchest, jaopca, oredictinit, jei, jeibees, jepb, journeymap, justsleep, kleeslabs, libvulpes, lttweaker, lunatriuscore, mantle, mcjtylib_ng, mcmultipart, mekanism, mekanismgenerators, mekanismtools, modtweaker, morphtool, mtlib, mysticallib, nmsot, examplemod, nuclearcraft, openblocks, openmods, oreexcavation, p455w0rdslib, harvestcraft, placebo, planefix, plustic, prettybeaches, projectintelligence, quark, questbook, quickleafdecay, reborncore, redstonearsenal, redstoneflux, rftools, rftoolsdim, rustic, scannable, schematica, bq_standard, stg, storagedrawers, streams, supersoundmuffler, tconstruct, teslacorelib, teslacorelib_registries, thaumcraft, tcinventoryscan, thaumictinkerer, thermalcultivation, thermaldynamics, thermalexpansion, thermalfoundation, thermalinnovation, tinkertoolleveling, tombmanygraves, torchmaster, unidict, unloader, universalmodifiers, valkyrielib, villagermarket, wanionlib, wawla, wct, wrapup, xnet, ynot, zerocore, betteranimalsplus, immersiveengineering, phosphor-lighting, solcarrot] at CLIENT
[13:47:07] [Server thread/INFO] [FML]: Attempting connection with missing mods [minecraft, mcp, FML, forge, advancedrocketrycore, openmodscore, foamfixcore, randompatches, actuallyadditions, actuallybaubles, advancedrocketry, ae2stuff, ae2wtlib, aiimprovements, akashictome, applecore, appleskin, appliedenergistics2, architecturecraft, aroma1997core, aroma1997sdimension, astralsorcery, autoreglib, backpack, badwithernocookiereloaded, baubles, bdlib, betterbuilderswands, betterquesting, blockcraftery, bloodmagic, bookshelf, botania, brandonscore, buildinggadgets, chameleon, chisel, chiselsandbits, chunkpregenerator, clumps, codechickenlib, cofhcore, cofhworld, colytra, commoncapabilities, cookingforblockheads, cosmeticarmorreworked, crafttweaker, crafttweakerjei, cyclopscore, danknull, darkutils, props, demagnetize, diethopper, dirt2path, draconicevolution, endercore, enderio, enderiobase, enderioconduitsappliedenergistics, enderioconduitsopencomputers, enderioconduitsrefinedstorage, enderioconduits, enderiointegrationforestry, enderiointegrationtic, enderiointegrationticlate, enderioinvpanel, enderiomachines, enderiopowertools, gasconduits, enderstorage, engineersdoors, environmentaltech, extrabitmanipulation, extrautils2, bigreactors, farmingforblockheads, farseek, fastfurnace, fastbench, fencejumper, foamfix, forestry, forgelin, ftbbackups, ftblib, ftbutilities, guideapi, gunpowderlib, waila, immersivepetroleum, immersivetech, incontrol, ic2, industrialforegoing, inventorytweaks, ironchest, jaopca, oredictinit, jei, jeibees, jepb, journeymap, justsleep, kleeslabs, libvulpes, lttweaker, lunatriuscore, mantle, mcjtylib_ng, mcmultipart, mekanism, mekanismgenerators, mekanismtools, modtweaker, morphtool, mtlib, mysticallib, nmsot, examplemod, nuclearcraft, openblocks, openmods, oreexcavation, p455w0rdslib, harvestcraft, placebo, planefix, plustic, prettybeaches, projectintelligence, quark, questbook, quickleafdecay, reborncore, redstonearsenal, redstoneflux, rftools, rftoolsdim, rustic, scannable, schematica, bq_standard, stg, storagedrawers, streams, supersoundmuffler, tconstruct, teslacorelib, teslacorelib_registries, thaumcraft, tcinventoryscan, thaumictinkerer, thermalcultivation, thermaldynamics, thermalexpansion, thermalfoundation, thermalinnovation, tinkertoolleveling, tombmanygraves, torchmaster, unidict, unloader, universalmodifiers, valkyrielib, villagermarket, wanionlib, wawla, wct, wrapup, xnet, ynot, zerocore, betteranimalsplus, immersiveengineering, phosphor-lighting, solcarrot] at SERVER
[13:47:07] [Server thread/INFO] [STDOUT]: [pl.asie.foamfix.coremod.FoamFixTransformer:spliceClasses:114]: Spliced in METHOD: net.minecraft.network.PacketBuffer.func_180714_a
[13:47:07] [Server thread/WARN] [FML]: Potentially Dangerous alternative prefix `actuallyadditions` for name `magnet_ring_bauble`, expected `actuallybaubles`. This could be a intended override, but in most cases indicates a broken mod.
[13:47:07] [Server thread/WARN] [FML]: Potentially Dangerous alternative prefix `actuallyadditions` for name `potion_ring_advanced_bauble`, expected `actuallybaubles`. This could be a intended override, but in most cases indicates a broken mod.
[13:47:07] [Server thread/WARN] [FML]: Potentially Dangerous alternative prefix `actuallyadditions` for name `battery_bauble`, expected `actuallybaubles`. This could be a intended override, but in most cases indicates a broken mod.
[13:47:07] [Server thread/WARN] [FML]: Potentially Dangerous alternative prefix `actuallyadditions` for name `battery_double_bauble`, expected `actuallybaubles`. This could be a intended override, but in most cases indicates a broken mod.
[13:47:07] [Server thread/WARN] [FML]: Potentially Dangerous alternative prefix `actuallyadditions` for name `battery_triple_bauble`, expected `actuallybaubles`. This could be a intended override, but in most cases indicates a broken mod.
[13:47:07] [Server thread/WARN] [FML]: Potentially Dangerous alternative prefix `actuallyadditions` for name `battery_quadruple_bauble`, expected `actuallybaubles`. This could be a intended override, but in most cases indicates a broken mod.
[13:47:07] [Server thread/WARN] [FML]: Potentially Dangerous alternative prefix `actuallyadditions` for name `battery_quintuple_bauble`, expected `actuallybaubles`. This could be a intended override, but in most cases indicates a broken mod.
[13:47:07] [Server thread/ERROR] [FML]: The mod redstoneflux is expecting signature 8a6abf2cb9e141b866580d369ba6548732eff25f for source RedstoneFlux-1.12-2.1.1.1-universal.jar, however there is no signature matching that description
[13:47:07] [Server thread/INFO] [STDOUT]: [pl.asie.patchy.helpers.ConstructorReplacingTransformer$FFMethodVisitor:visitTypeInsn:73]: Replaced NEW for net/minecraft/util/ClassInheritanceMultiMap to pl/asie/foamfix/coremod/common/FoamyClassInheritanceMultiMap
[13:47:07] [Server thread/INFO] [STDOUT]: [pl.asie.patchy.helpers.ConstructorReplacingTransformer$FFMethodVisitor:visitMethodInsn:85]: Replaced INVOKESPECIAL for net/minecraft/util/ClassInheritanceMultiMap to pl/asie/foamfix/coremod/common/FoamyClassInheritanceMultiMap
[13:47:07] [Server thread/WARN] [mixin]: Static binding violation: PRIVATE @Overwrite method func_76615_h in mixins.phosphor.json:common.MixinChunk cannot reduce visibiliy of PUBLIC target method, visibility will be upgraded.
[13:47:07] [Server thread/INFO] [BetterFps]: Patching net.minecraft.block.Block... (aow)
[13:47:07] [Server thread/INFO] [STDOUT]: [team.chisel.ctm.client.asm.CTMTransformer:preTransform:230]: Transforming Class [net.minecraft.block.Block], Method [getExtendedState]
[13:47:07] [Server thread/INFO] [STDOUT]: [team.chisel.ctm.client.asm.CTMTransformer:finishTransform:242]: Transforming net.minecraft.block.Block Finished.
[13:47:08] [Server thread/INFO] [Quark ASM]: Transforming net.minecraft.util.DamageSource
[13:47:08] [Server thread/INFO] [Quark ASM]: Applying Transformation to method (Names [causePlayerDamage, func_76365_a] Descriptor (Lnet/minecraft/entity/player/EntityPlayer;)Lnet/minecraft/util/DamageSource;)
[13:47:08] [Server thread/INFO] [Quark ASM]: Located Method, patching...
[13:47:08] [Server thread/INFO] [Quark ASM]: Patch result: true
[13:47:08] [Server thread/INFO] [Astral Core]: [AstralTransformer] Transforming pa : net.minecraft.network.NetHandlerPlayServer with 1 patches!
[13:47:08] [Server thread/INFO] [Astral Core]: [AstralTransformer] Applied patch PATCHSERVEREXTENDENTITYINTERACTREACH
[13:47:08] [Server thread/INFO] [Astral Core]: [AstralTransformer] Transforming thaumcraft.common.lib.events.PlayerEvents : thaumcraft.common.lib.events.PlayerEvents with 1 patches!
[13:47:08] [Server thread/INFO] [Astral Core]: [AstralTransformer] Applied patch PATCHRUNICSHIELDINGHOOK
[13:47:08] [Server thread/INFO] [brandonscore]: Brandon's Core online! Waiting for Draconic Evolution to join the party....
[13:47:08] [Server thread/INFO] [draconicevolution]: Draconic Evolution online!
[13:47:08] [Server thread/INFO] [brandonscore]: Hay! There you are! Now lets destroy some worlds!!
[13:47:08] [Server thread/INFO] [draconicevolution]: Sounds like fun! Lets get to it!
[13:47:08] [Server thread/ERROR] [FML]: The mod cofhworld is expecting signature 8a6abf2cb9e141b866580d369ba6548732eff25f for source CoFHWorld-1.12.2-1.4.0.1-universal.jar, however there is no signature matching that description
[13:47:08] [Server thread/ERROR] [FML]: The mod thermalfoundation is expecting signature 8a6abf2cb9e141b866580d369ba6548732eff25f for source ThermalFoundation-1.12.2-2.6.7.1-universal.jar, however there is no signature matching that description
[13:47:08] [Server thread/INFO] [draconicevolution]: Hello Minecraft!!!
[13:47:08] [Server thread/ERROR] [FML]: The mod thermalexpansion is expecting signature 8a6abf2cb9e141b866580d369ba6548732eff25f for source ThermalExpansion-1.12.2-5.5.7.1-universal.jar, however there is no signature matching that description
[13:47:08] [Server thread/INFO] [EnderCore Mixins]: Found annotation mixin: crazypants.enderio.base.item.darksteel.upgrade.DarkSteelUpgradeMixin
[13:47:08] [Server thread/INFO] [EnderCore Mixins]: Registered mixin.
[13:47:08] [Server thread/INFO] [EnderCore Mixins]: Found annotation mixin: crazypants.enderio.base.power.forge.item.InternalPoweredItemMixin
[13:47:08] [Server thread/INFO] [EnderCore Mixins]: Registered mixin.
[13:47:08] [Server thread/INFO] [EnderCore Mixins]: Found annotation mixin: crazypants.enderio.base.integration.thaumcraft.ThaumcraftArmorMixin
[13:47:08] [Server thread/INFO] [EnderCore Mixins]: Registered mixin.
[13:47:08] [Server thread/INFO] [EnderCore Mixins]: Found annotation mixin: crazypants.enderio.base.paint.MobilityFlagForPaintedBlocksMixin
[13:47:08] [Server thread/INFO] [EnderCore Mixins]: Registered mixin.
[13:47:08] [Server thread/INFO] [EnderCore Mixins]: Found annotation mixin: crazypants.enderio.base.paint.MobilityFlagForPaintedBlocksMixin
[13:47:08] [Server thread/INFO] [EnderCore Mixins]: Registered mixin.
[13:47:08] [Server thread/INFO] [EnderCore Mixins]: Found annotation mixin: crazypants.enderio.base.paint.MobilityFlagForPaintedBlocksMixin
[13:47:08] [Server thread/INFO] [EnderCore Mixins]: Registered mixin.
[13:47:08] [Server thread/INFO] [EnderCore Mixins]: Found annotation mixin: crazypants.enderio.base.paint.MobilityFlagForPaintedBlocksMixin
[13:47:08] [Server thread/INFO] [EnderCore Mixins]: Registered mixin.
[13:47:08] [Server thread/INFO] [EnderCore Mixins]: Found mixin source class data for crazypants.enderio.base.item.darksteel.upgrade.DarkSteelUpgradeMixin.
[13:47:08] [Server thread/INFO] [EnderCore Mixins]: Found interface target crazypants.enderio.api.upgrades.IDarkSteelItem
[13:47:08] [Server thread/INFO] [EnderCore Mixins]: Found mixin source class data for crazypants.enderio.base.power.forge.item.InternalPoweredItemMixin.
[13:47:08] [Server thread/INFO] [EnderCore Mixins]: Found interface target crazypants.enderio.base.power.forge.item.IInternalPoweredItem
[13:47:08] [Server thread/INFO] [EnderCore Mixins]: Found mixin source class data for crazypants.enderio.base.integration.thaumcraft.ThaumcraftArmorMixin.
[13:47:08] [Server thread/INFO] [EnderCore Mixins]: Found mixin source class data for crazypants.enderio.base.paint.MobilityFlagForPaintedBlocksMixin.
[13:47:08] [Server thread/INFO] [EnderCore Mixins]: Found mixin source class data for crazypants.enderio.base.paint.MobilityFlagForPaintedBlocksMixin.
[13:47:08] [Server thread/INFO] [EnderCore Mixins]: Found mixin source class data for crazypants.enderio.base.paint.MobilityFlagForPaintedBlocksMixin.
[13:47:08] [Server thread/INFO] [EnderCore Mixins]: Found mixin source class data for crazypants.enderio.base.paint.MobilityFlagForPaintedBlocksMixin.
[13:47:08] [Server thread/INFO] [EnderCore Mixins]: Found 1 patch to apply to class crazypants.enderio.base.item.darksteel.ItemDarkSteelArmor from implemented interfaces: [crazypants/enderio/api/upgrades/IDarkSteelItem]
[13:47:08] [Server thread/INFO] [EnderCore Mixins]: Patching 2 mixins onto class crazypants.enderio.base.item.darksteel.ItemDarkSteelArmor (ThaumcraftArmorMixin, DarkSteelUpgradeMixin)
[13:47:08] [Server thread/INFO] [EnderCore Mixins]: Added 3 new interfaces: [thaumcraft/api/items/IVisDiscountGear, thaumcraft/api/items/IGoggles, thaumcraft/api/items/IRevealer]
[13:47:08] [Server thread/INFO] [EnderCore Mixins]: Added 3 new methods: [showNodes(Lnet/minecraft/item/ItemStack;Lnet/minecraft/entity/EntityLivingBase;)Z, showIngamePopups(Lnet/minecraft/item/ItemStack;Lnet/minecraft/entity/EntityLivingBase;)Z, getVisDiscount(Lnet/minecraft/item/ItemStack;Lnet/minecraft/entity/player/EntityPlayer;)I]
[13:47:08] [Server thread/INFO] [EnderCore Mixins]: Added 4 new methods: [initCapabilities(Lnet/minecraft/item/ItemStack;Lnet/minecraft/nbt/NBTTagCompound;)Lnet/minecraftforge/common/capabilities/ICapabilityProvider;, addCommonEntries(Lnet/minecraft/item/ItemStack;Lnet/minecraft/entity/player/EntityPlayer;Ljava/util/List;Z)V, addBasicEntries(Lnet/minecraft/item/ItemStack;Lnet/minecraft/entity/player/EntityPlayer;Ljava/util/List;Z)V, openUpgradeGui(Lnet/minecraft/entity/player/EntityPlayer;Lnet/minecraft/inventory/EntityEquipmentSlot;)V]
[13:47:08] [Server thread/INFO] [EnderCore Mixins]: Successfully patched.
[13:47:08] [Server thread/INFO] [EnderCore Mixins]: Found interface target crazypants.enderio.base.paint.IPaintable$ISolidBlockPaintableBlock
[13:47:08] [Server thread/INFO] [EnderCore Mixins]: Found interface target crazypants.enderio.base.paint.IPaintable$IBlockPaintableBlock
[13:47:08] [Server thread/INFO] [EnderCore Mixins]: Found interface target crazypants.enderio.base.paint.IPaintable$ITexturePaintableBlock
[13:47:08] [Server thread/INFO] [EnderCore Mixins]: Found interface target crazypants.enderio.base.paint.IPaintable$INonSolidBlockPaintableBlock
[13:47:08] [Server thread/WARN] [FML]: The declared version check handler method checkModLists on network mod id enderio is not accessible
java.lang.NoSuchMethodException: crazypants.enderio.base.EnderIO.checkModLists(java.util.Map, net.minecraftforge.fml.relauncher.Side)
	at java.lang.Class.getDeclaredMethod(Unknown Source) ~[?:1.8.0_503]
	at net.minecraftforge.fml.common.network.internal.NetworkModHolder.<init>(NetworkModHolder.java:246) [NetworkModHolder.class:?]
	at net.minecraftforge.fml.common.network.NetworkRegistry.register(NetworkRegistry.java:299) [NetworkRegistry.class:?]
	at net.minecraftforge.fml.common.FMLModContainer.constructMod(FMLModContainer.java:606) [FMLModContainer.class:?]
	at sun.reflect.GeneratedMethodAccessor11.invoke(Unknown Source) ~[?:?]
	at sun.reflect.DelegatingMethodAccessorImpl.invoke(Unknown Source) ~[?:1.8.0_503]
	at java.lang.reflect.Method.invoke(Unknown Source) ~[?:1.8.0_503]
	at com.google.common.eventbus.Subscriber.invokeSubscriberMethod(Subscriber.java:91) [minecraft_server.1.12.2.jar:?]
	at com.google.common.eventbus.Subscriber$SynchronizedSubscriber.invokeSubscriberMethod(Subscriber.java:150) [minecraft_server.1.12.2.jar:?]
	at com.google.common.eventbus.Subscriber$1.run(Subscriber.java:76) [minecraft_server.1.12.2.jar:?]
	at com.google.common.util.concurrent.MoreExecutors$DirectExecutor.execute(MoreExecutors.java:399) [minecraft_server.1.12.2.jar:?]
	at com.google.common.eventbus.Subscriber.dispatchEvent(Subscriber.java:71) [minecraft_server.1.12.2.jar:?]
	at com.google.common.eventbus.Dispatcher$PerThreadQueuedDispatcher.dispatch(Dispatcher.java:116) [minecraft_server.1.12.2.jar:?]
	at com.google.common.eventbus.EventBus.post(EventBus.java:217) [minecraft_server.1.12.2.jar:?]
	at net.minecraftforge.fml.common.LoadController.sendEventToModContainer(LoadController.java:219) [LoadController.class:?]
	at net.minecraftforge.fml.common.LoadController.propogateStateMessage(LoadController.java:197) [LoadController.class:?]
	at sun.reflect.NativeMethodAccessorImpl.invoke0(Native Method) ~[?:1.8.0_503]
	at sun.reflect.NativeMethodAccessorImpl.invoke(Unknown Source) ~[?:1.8.0_503]
	at sun.reflect.DelegatingMethodAccessorImpl.invoke(Unknown Source) ~[?:1.8.0_503]
	at java.lang.reflect.Method.invoke(Unknown Source) ~[?:1.8.0_503]
	at com.google.common.eventbus.Subscriber.invokeSubscriberMethod(Subscriber.java:91) [minecraft_server.1.12.2.jar:?]
	at com.google.common.eventbus.Subscriber$SynchronizedSubscriber.invokeSubscriberMethod(Subscriber.java:150) [minecraft_server.1.12.2.jar:?]
	at com.google.common.eventbus.Subscriber$1.run(Subscriber.java:76) [minecraft_server.1.12.2.jar:?]
	at com.google.common.util.concurrent.MoreExecutors$DirectExecutor.execute(MoreExecutors.java:399) [minecraft_server.1.12.2.jar:?]
	at com.google.common.eventbus.Subscriber.dispatchEvent(Subscriber.java:71) [minecraft_server.1.12.2.jar:?]
	at com.google.common.eventbus.Dispatcher$PerThreadQueuedDispatcher.dispatch(Dispatcher.java:116) [minecraft_server.1.12.2.jar:?]
	at com.google.common.eventbus.EventBus.post(EventBus.java:217) [minecraft_server.1.12.2.jar:?]
	at net.minecraftforge.fml.common.LoadController.distributeStateMessage(LoadController.java:136) [LoadController.class:?]
	at net.minecraftforge.fml.common.Loader.loadMods(Loader.java:595) [Loader.class:?]
	at net.minecraftforge.fml.server.FMLServerHandler.beginServerLoading(FMLServerHandler.java:98) [FMLServerHandler.class:?]
	at net.minecraftforge.fml.common.FMLCommonHandler.onServerStart(FMLCommonHandler.java:333) [FMLCommonHandler.class:?]
	at net.minecraft.server.dedicated.DedicatedServer.func_71197_b(DedicatedServer.java:125) [nz.class:?]
	at net.minecraft.server.MinecraftServer.run(MinecraftServer.java:486) [MinecraftServer.class:?]
	at java.lang.Thread.run(Unknown Source) [?:1.8.0_503]
[13:47:08] [Server thread/INFO] [EnderCore Mixins]: Found 1 patch to apply to class crazypants.enderio.base.item.darksteel.ItemInventoryCharger from implemented interfaces: [crazypants/enderio/api/upgrades/IDarkSteelItem]
[13:47:08] [Server thread/INFO] [EnderCore Mixins]: Patching 1 mixins onto class crazypants.enderio.base.item.darksteel.ItemInventoryCharger (DarkSteelUpgradeMixin)
[13:47:08] [Server thread/INFO] [EnderCore Mixins]: Added 3 new methods: [initCapabilities(Lnet/minecraft/item/ItemStack;Lnet/minecraft/nbt/NBTTagCompound;)Lnet/minecraftforge/common/capabilities/ICapabilityProvider;, getAttributeModifiers(Lnet/minecraft/inventory/EntityEquipmentSlot;Lnet/minecraft/item/ItemStack;)Lcom/google/common/collect/Multimap;, openUpgradeGui(Lnet/minecraft/entity/player/EntityPlayer;Lnet/minecraft/inventory/EntityEquipmentSlot;)V]
[13:47:08] [Server thread/INFO] [EnderCore Mixins]: Successfully patched.
[13:47:08] [Server thread/INFO] [EnderCore Mixins]: Found 1 patch to apply to class crazypants.enderio.base.item.darksteel.ItemDarkSteelCrook from implemented interfaces: [crazypants/enderio/api/upgrades/IDarkSteelItem]
[13:47:08] [Server thread/INFO] [EnderCore Mixins]: Patching 1 mixins onto class crazypants.enderio.base.item.darksteel.ItemDarkSteelCrook (DarkSteelUpgradeMixin)
[13:47:08] [Server thread/INFO] [EnderCore Mixins]: Added 3 new methods: [initCapabilities(Lnet/minecraft/item/ItemStack;Lnet/minecraft/nbt/NBTTagCompound;)Lnet/minecraftforge/common/capabilities/ICapabilityProvider;, getAttributeModifiers(Lnet/minecraft/inventory/EntityEquipmentSlot;Lnet/minecraft/item/ItemStack;)Lcom/google/common/collect/Multimap;, openUpgradeGui(Lnet/minecraft/entity/player/EntityPlayer;Lnet/minecraft/inventory/EntityEquipmentSlot;)V]
[13:47:08] [Server thread/INFO] [EnderCore Mixins]: Successfully patched.
[13:47:09] [Server thread/INFO] [STDOUT]: [pl.asie.foamfix.coremod.patches.GhostBusterDefinitionPatch:apply:136]: Added ghost buster patch (radius = 4) in net/minecraftforge/fluids/BlockFluidClassic func_180650_b
[13:47:09] [Server thread/WARN] [FML]: The declared version check handler method checkModLists on network mod id enderiointegrationtic is not accessible
java.lang.NoSuchMethodException: crazypants.enderio.integration.tic.EnderIOIntegrationTic.checkModLists(java.util.Map, net.minecraftforge.fml.relauncher.Side)
	at java.lang.Class.getDeclaredMethod(Unknown Source) ~[?:1.8.0_503]
	at net.minecraftforge.fml.common.network.internal.NetworkModHolder.<init>(NetworkModHolder.java:246) [NetworkModHolder.class:?]
	at net.minecraftforge.fml.common.network.NetworkRegistry.register(NetworkRegistry.java:299) [NetworkRegistry.class:?]
	at net.minecraftforge.fml.common.FMLModContainer.constructMod(FMLModContainer.java:606) [FMLModContainer.class:?]
	at sun.reflect.GeneratedMethodAccessor11.invoke(Unknown Source) ~[?:?]
	at sun.reflect.DelegatingMethodAccessorImpl.invoke(Unknown Source) ~[?:1.8.0_503]
	at java.lang.reflect.Method.invoke(Unknown Source) ~[?:1.8.0_503]
	at com.google.common.eventbus.Subscriber.invokeSubscriberMethod(Subscriber.java:91) [minecraft_server.1.12.2.jar:?]
	at com.google.common.eventbus.Subscriber$SynchronizedSubscriber.invokeSubscriberMethod(Subscriber.java:150) [minecraft_server.1.12.2.jar:?]
	at com.google.common.eventbus.Subscriber$1.run(Subscriber.java:76) [minecraft_server.1.12.2.jar:?]
	at com.google.common.util.concurrent.MoreExecutors$DirectExecutor.execute(MoreExecutors.java:399) [minecraft_server.1.12.2.jar:?]
	at com.google.common.eventbus.Subscriber.dispatchEvent(Subscriber.java:71) [minecraft_server.1.12.2.jar:?]
	at com.google.common.eventbus.Dispatcher$PerThreadQueuedDispatcher.dispatch(Dispatcher.java:116) [minecraft_server.1.12.2.jar:?]
	at com.google.common.eventbus.EventBus.post(EventBus.java:217) [minecraft_server.1.12.2.jar:?]
	at net.minecraftforge.fml.common.LoadController.sendEventToModContainer(LoadController.java:219) [LoadController.class:?]
	at net.minecraftforge.fml.common.LoadController.propogateStateMessage(LoadController.java:197) [LoadController.class:?]
	at sun.reflect.NativeMethodAccessorImpl.invoke0(Native Method) ~[?:1.8.0_503]
	at sun.reflect.NativeMethodAccessorImpl.invoke(Unknown Source) ~[?:1.8.0_503]
	at sun.reflect.DelegatingMethodAccessorImpl.invoke(Unknown Source) ~[?:1.8.0_503]
	at java.lang.reflect.Method.invoke(Unknown Source) ~[?:1.8.0_503]
	at com.google.common.eventbus.Subscriber.invokeSubscriberMethod(Subscriber.java:91) [minecraft_server.1.12.2.jar:?]
	at com.google.common.eventbus.Subscriber$SynchronizedSubscriber.invokeSubscriberMethod(Subscriber.java:150) [minecraft_server.1.12.2.jar:?]
	at com.google.common.eventbus.Subscriber$1.run(Subscriber.java:76) [minecraft_server.1.12.2.jar:?]
	at com.google.common.util.concurrent.MoreExecutors$DirectExecutor.execute(MoreExecutors.java:399) [minecraft_server.1.12.2.jar:?]
	at com.google.common.eventbus.Subscriber.dispatchEvent(Subscriber.java:71) [minecraft_server.1.12.2.jar:?]
	at com.google.common.eventbus.Dispatcher$PerThreadQueuedDispatcher.dispatch(Dispatcher.java:116) [minecraft_server.1.12.2.jar:?]
	at com.google.common.eventbus.EventBus.post(EventBus.java:217) [minecraft_server.1.12.2.jar:?]
	at net.minecraftforge.fml.common.LoadController.distributeStateMessage(LoadController.java:136) [LoadController.class:?]
	at net.minecraftforge.fml.common.Loader.loadMods(Loader.java:595) [Loader.class:?]
	at net.minecraftforge.fml.server.FMLServerHandler.beginServerLoading(FMLServerHandler.java:98) [FMLServerHandler.class:?]
	at net.minecraftforge.fml.common.FMLCommonHandler.onServerStart(FMLCommonHandler.java:333) [FMLCommonHandler.class:?]
	at net.minecraft.server.dedicated.DedicatedServer.func_71197_b(DedicatedServer.java:125) [nz.class:?]
	at net.minecraft.server.MinecraftServer.run(MinecraftServer.java:486) [MinecraftServer.class:?]
	at java.lang.Thread.run(Unknown Source) [?:1.8.0_503]
[13:47:10] [Server thread/INFO] [Pulsar-tconstruct]: Skipping Pulse craftingtweaksIntegration; missing dependency: craftingtweaks
[13:47:10] [Server thread/INFO] [Pulsar-tconstruct]: Skipping Pulse theoneprobeIntegration; missing dependency: theoneprobe
[13:47:10] [Server thread/INFO] [tconstruct]: Preparing to take over the world
[13:47:10] [Server thread/ERROR] [FML]: The mod immersiveengineering is expecting signature 4cb49fcde3b43048c9889e0a3d083225da926334 for source ImmersiveEngineering-0.12-98.jar, however there is no signature matching that description
[13:47:10] [Server thread/INFO] [STDOUT]: [pl.asie.foamfix.coremod.FoamFixTransformer:spliceClasses:114]: Spliced in METHOD: net.minecraftforge.common.property.ExtendedBlockState.createState
[13:47:10] [Server thread/INFO] [STDOUT]: [pl.asie.foamfix.coremod.FoamFixTransformer:spliceClasses:165]: Added FIELD: net.minecraftforge.common.property.ExtendedBlockState.foamfix_mapper
[13:47:10] [Server thread/INFO] [STDOUT]: [blusunrize.immersiveengineering.ImmersiveEngineering:wrongSignature:175]: [Immersive Engineering/Error] THIS IS NOT AN OFFICIAL BUILD OF IMMERSIVE ENGINEERING! Found these fingerprints: []
[13:47:11] [Server thread/ERROR] [FML]: The mod appliedenergistics2 is expecting signature dfa4d3ac143316c6f32aa1a1beda1e34d42132e5 for source appliedenergistics2-rv6-stable-7.jar, however there is no signature matching that description
[13:47:11] [Server thread/ERROR] [FML]: The mod backpack is expecting signature @FINGERPRINT@ for source backpack-3.0.2-1.12.2.jar, however there is no signature matching that description
[13:47:11] [Server thread/INFO] [STDOUT]: [pl.asie.foamfix.coremod.FoamFixTransformer:spliceClasses:114]: Spliced in METHOD: net.minecraft.client.renderer.block.model.ModelResourceLocation.<init>
[13:47:13] [Server thread/WARN] [FML]: The declared version check handler method checkModLists on network mod id enderioconduits is not accessible
java.lang.NoSuchMethodException: crazypants.enderio.conduits.EnderIOConduits.checkModLists(java.util.Map, net.minecraftforge.fml.relauncher.Side)
	at java.lang.Class.getDeclaredMethod(Unknown Source) ~[?:1.8.0_503]
	at net.minecraftforge.fml.common.network.internal.NetworkModHolder.<init>(NetworkModHolder.java:246) [NetworkModHolder.class:?]
	at net.minecraftforge.fml.common.network.NetworkRegistry.register(NetworkRegistry.java:299) [NetworkRegistry.class:?]
	at net.minecraftforge.fml.common.FMLModContainer.constructMod(FMLModContainer.java:606) [FMLModContainer.class:?]
	at sun.reflect.GeneratedMethodAccessor11.invoke(Unknown Source) ~[?:?]
	at sun.reflect.DelegatingMethodAccessorImpl.invoke(Unknown Source) ~[?:1.8.0_503]
	at java.lang.reflect.Method.invoke(Unknown Source) ~[?:1.8.0_503]
	at com.google.common.eventbus.Subscriber.invokeSubscriberMethod(Subscriber.java:91) [minecraft_server.1.12.2.jar:?]
	at com.google.common.eventbus.Subscriber$SynchronizedSubscriber.invokeSubscriberMethod(Subscriber.java:150) [minecraft_server.1.12.2.jar:?]
	at com.google.common.eventbus.Subscriber$1.run(Subscriber.java:76) [minecraft_server.1.12.2.jar:?]
	at com.google.common.util.concurrent.MoreExecutors$DirectExecutor.execute(MoreExecutors.java:399) [minecraft_server.1.12.2.jar:?]
	at com.google.common.eventbus.Subscriber.dispatchEvent(Subscriber.java:71) [minecraft_server.1.12.2.jar:?]
	at com.google.common.eventbus.Dispatcher$PerThreadQueuedDispatcher.dispatch(Dispatcher.java:116) [minecraft_server.1.12.2.jar:?]
	at com.google.common.eventbus.EventBus.post(EventBus.java:217) [minecraft_server.1.12.2.jar:?]
	at net.minecraftforge.fml.common.LoadController.sendEventToModContainer(LoadController.java:219) [LoadController.class:?]
	at net.minecraftforge.fml.common.LoadController.propogateStateMessage(LoadController.java:197) [LoadController.class:?]
	at sun.reflect.NativeMethodAccessorImpl.invoke0(Native Method) ~[?:1.8.0_503]
	at sun.reflect.NativeMethodAccessorImpl.invoke(Unknown Source) ~[?:1.8.0_503]
	at sun.reflect.DelegatingMethodAccessorImpl.invoke(Unknown Source) ~[?:1.8.0_503]
	at java.lang.reflect.Method.invoke(Unknown Source) ~[?:1.8.0_503]
	at com.google.common.eventbus.Subscriber.invokeSubscriberMethod(Subscriber.java:91) [minecraft_server.1.12.2.jar:?]
	at com.google.common.eventbus.Subscriber$SynchronizedSubscriber.invokeSubscriberMethod(Subscriber.java:150) [minecraft_server.1.12.2.jar:?]
	at com.google.common.eventbus.Subscriber$1.run(Subscriber.java:76) [minecraft_server.1.12.2.jar:?]
	at com.google.common.util.concurrent.MoreExecutors$DirectExecutor.execute(MoreExecutors.java:399) [minecraft_server.1.12.2.jar:?]
	at com.google.common.eventbus.Subscriber.dispatchEvent(Subscriber.java:71) [minecraft_server.1.12.2.jar:?]
	at com.google.common.eventbus.Dispatcher$PerThreadQueuedDispatcher.dispatch(Dispatcher.java:116) [minecraft_server.1.12.2.jar:?]
	at com.google.common.eventbus.EventBus.post(EventBus.java:217) [minecraft_server.1.12.2.jar:?]
	at net.minecraftforge.fml.common.LoadController.distributeStateMessage(LoadController.java:136) [LoadController.class:?]
	at net.minecraftforge.fml.common.Loader.loadMods(Loader.java:595) [Loader.class:?]
	at net.minecraftforge.fml.server.FMLServerHandler.beginServerLoading(FMLServerHandler.java:98) [FMLServerHandler.class:?]
	at net.minecraftforge.fml.common.FMLCommonHandler.onServerStart(FMLCommonHandler.java:333) [FMLCommonHandler.class:?]
	at net.minecraft.server.dedicated.DedicatedServer.func_71197_b(DedicatedServer.java:125) [nz.class:?]
	at net.minecraft.server.MinecraftServer.run(MinecraftServer.java:486) [MinecraftServer.class:?]
	at java.lang.Thread.run(Unknown Source) [?:1.8.0_503]
[13:47:13] [Server thread/INFO] [EnderCore Mixins]: Found annotation mixin: crazypants.enderio.conduit.me.conduit.MEMixin
[13:47:13] [Server thread/INFO] [EnderCore Mixins]: Registered mixin.
[13:47:13] [Server thread/INFO] [EnderCore Mixins]: Found mixin source class data for crazypants.enderio.conduit.me.conduit.MEMixin.
[13:47:13] [Server thread/INFO] [EnderCore Mixins]: Patching 1 mixins onto class crazypants.enderio.conduits.conduit.TileConduitBundle (MEMixin)
[13:47:13] [Server thread/INFO] [EnderCore Mixins]: Added 1 new interface: [appeng/api/networking/IGridHost]
[13:47:13] [Server thread/INFO] [EnderCore Mixins]: Added 3 new methods: [getGridNode(Lappeng/api/util/AEPartLocation;)Lappeng/api/networking/IGridNode;, getCableConnectionType(Lappeng/api/util/AEPartLocation;)Lappeng/api/util/AECableType;, securityBreak()V]
[13:47:13] [Server thread/INFO] [EnderCore Mixins]: Successfully patched.
[13:47:13] [Server thread/WARN] [FML]: The declared version check handler method checkModLists on network mod id enderioconduitsappliedenergistics is not accessible
java.lang.NoSuchMethodException: crazypants.enderio.conduit.me.EnderIOConduitsAppliedEnergistics.checkModLists(java.util.Map, net.minecraftforge.fml.relauncher.Side)
	at java.lang.Class.getDeclaredMethod(Unknown Source) ~[?:1.8.0_503]
	at net.minecraftforge.fml.common.network.internal.NetworkModHolder.<init>(NetworkModHolder.java:246) [NetworkModHolder.class:?]
	at net.minecraftforge.fml.common.network.NetworkRegistry.register(NetworkRegistry.java:299) [NetworkRegistry.class:?]
	at net.minecraftforge.fml.common.FMLModContainer.constructMod(FMLModContainer.java:606) [FMLModContainer.class:?]
	at sun.reflect.GeneratedMethodAccessor11.invoke(Unknown Source) ~[?:?]
	at sun.reflect.DelegatingMethodAccessorImpl.invoke(Unknown Source) ~[?:1.8.0_503]
	at java.lang.reflect.Method.invoke(Unknown Source) ~[?:1.8.0_503]
	at com.google.common.eventbus.Subscriber.invokeSubscriberMethod(Subscriber.java:91) [minecraft_server.1.12.2.jar:?]
	at com.google.common.eventbus.Subscriber$SynchronizedSubscriber.invokeSubscriberMethod(Subscriber.java:150) [minecraft_server.1.12.2.jar:?]
	at com.google.common.eventbus.Subscriber$1.run(Subscriber.java:76) [minecraft_server.1.12.2.jar:?]
	at com.google.common.util.concurrent.MoreExecutors$DirectExecutor.execute(MoreExecutors.java:399) [minecraft_server.1.12.2.jar:?]
	at com.google.common.eventbus.Subscriber.dispatchEvent(Subscriber.java:71) [minecraft_server.1.12.2.jar:?]
	at com.google.common.eventbus.Dispatcher$PerThreadQueuedDispatcher.dispatch(Dispatcher.java:116) [minecraft_server.1.12.2.jar:?]
	at com.google.common.eventbus.EventBus.post(EventBus.java:217) [minecraft_server.1.12.2.jar:?]
	at net.minecraftforge.fml.common.LoadController.sendEventToModContainer(LoadController.java:219) [LoadController.class:?]
	at net.minecraftforge.fml.common.LoadController.propogateStateMessage(LoadController.java:197) [LoadController.class:?]
	at sun.reflect.NativeMethodAccessorImpl.invoke0(Native Method) ~[?:1.8.0_503]
	at sun.reflect.NativeMethodAccessorImpl.invoke(Unknown Source) ~[?:1.8.0_503]
	at sun.reflect.DelegatingMethodAccessorImpl.invoke(Unknown Source) ~[?:1.8.0_503]
	at java.lang.reflect.Method.invoke(Unknown Source) ~[?:1.8.0_503]
	at com.google.common.eventbus.Subscriber.invokeSubscriberMethod(Subscriber.java:91) [minecraft_server.1.12.2.jar:?]
	at com.google.common.eventbus.Subscriber$SynchronizedSubscriber.invokeSubscriberMethod(Subscriber.java:150) [minecraft_server.1.12.2.jar:?]
	at com.google.common.eventbus.Subscriber$1.run(Subscriber.java:76) [minecraft_server.1.12.2.jar:?]
	at com.google.common.util.concurrent.MoreExecutors$DirectExecutor.execute(MoreExecutors.java:399) [minecraft_server.1.12.2.jar:?]
	at com.google.common.eventbus.Subscriber.dispatchEvent(Subscriber.java:71) [minecraft_server.1.12.2.jar:?]
	at com.google.common.eventbus.Dispatcher$PerThreadQueuedDispatcher.dispatch(Dispatcher.java:116) [minecraft_server.1.12.2.jar:?]
	at com.google.common.eventbus.EventBus.post(EventBus.java:217) [minecraft_server.1.12.2.jar:?]
	at net.minecraftforge.fml.common.LoadController.distributeStateMessage(LoadController.java:136) [LoadController.class:?]
	at net.minecraftforge.fml.common.Loader.loadMods(Loader.java:595) [Loader.class:?]
	at net.minecraftforge.fml.server.FMLServerHandler.beginServerLoading(FMLServerHandler.java:98) [FMLServerHandler.class:?]
	at net.minecraftforge.fml.common.FMLCommonHandler.onServerStart(FMLCommonHandler.java:333) [FMLCommonHandler.class:?]
	at net.minecraft.server.dedicated.DedicatedServer.func_71197_b(DedicatedServer.java:125) [nz.class:?]
	at net.minecraft.server.MinecraftServer.run(MinecraftServer.java:486) [MinecraftServer.class:?]
	at java.lang.Thread.run(Unknown Source) [?:1.8.0_503]
[13:47:13] [Server thread/INFO] [EnderCore Mixins]: Found annotation mixin: crazypants.enderio.conduit.oc.conduit.OCMixin
[13:47:13] [Server thread/INFO] [EnderCore Mixins]: Skipping mixin due to missing dependencies: [opencomputersapi|network]
[13:47:13] [Server thread/WARN] [FML]: The declared version check handler method checkModLists on network mod id enderioconduitsopencomputers is not accessible
java.lang.NoSuchMethodException: crazypants.enderio.conduit.oc.EnderIOConduitsOpenComputers.checkModLists(java.util.Map, net.minecraftforge.fml.relauncher.Side)
	at java.lang.Class.getDeclaredMethod(Unknown Source) ~[?:1.8.0_503]
	at net.minecraftforge.fml.common.network.internal.NetworkModHolder.<init>(NetworkModHolder.java:246) [NetworkModHolder.class:?]
	at net.minecraftforge.fml.common.network.NetworkRegistry.register(NetworkRegistry.java:299) [NetworkRegistry.class:?]
	at net.minecraftforge.fml.common.FMLModContainer.constructMod(FMLModContainer.java:606) [FMLModContainer.class:?]
	at sun.reflect.GeneratedMethodAccessor11.invoke(Unknown Source) ~[?:?]
	at sun.reflect.DelegatingMethodAccessorImpl.invoke(Unknown Source) ~[?:1.8.0_503]
	at java.lang.reflect.Method.invoke(Unknown Source) ~[?:1.8.0_503]
	at com.google.common.eventbus.Subscriber.invokeSubscriberMethod(Subscriber.java:91) [minecraft_server.1.12.2.jar:?]
	at com.google.common.eventbus.Subscriber$SynchronizedSubscriber.invokeSubscriberMethod(Subscriber.java:150) [minecraft_server.1.12.2.jar:?]
	at com.google.common.eventbus.Subscriber$1.run(Subscriber.java:76) [minecraft_server.1.12.2.jar:?]
	at com.google.common.util.concurrent.MoreExecutors$DirectExecutor.execute(MoreExecutors.java:399) [minecraft_server.1.12.2.jar:?]
	at com.google.common.eventbus.Subscriber.dispatchEvent(Subscriber.java:71) [minecraft_server.1.12.2.jar:?]
	at com.google.common.eventbus.Dispatcher$PerThreadQueuedDispatcher.dispatch(Dispatcher.java:116) [minecraft_server.1.12.2.jar:?]
	at com.google.common.eventbus.EventBus.post(EventBus.java:217) [minecraft_server.1.12.2.jar:?]
	at net.minecraftforge.fml.common.LoadController.sendEventToModContainer(LoadController.java:219) [LoadController.class:?]
	at net.minecraftforge.fml.common.LoadController.propogateStateMessage(LoadController.java:197) [LoadController.class:?]
	at sun.reflect.NativeMethodAccessorImpl.invoke0(Native Method) ~[?:1.8.0_503]
	at sun.reflect.NativeMethodAccessorImpl.invoke(Unknown Source) ~[?:1.8.0_503]
	at sun.reflect.DelegatingMethodAccessorImpl.invoke(Unknown Source) ~[?:1.8.0_503]
	at java.lang.reflect.Method.invoke(Unknown Source) ~[?:1.8.0_503]
	at com.google.common.eventbus.Subscriber.invokeSubscriberMethod(Subscriber.java:91) [minecraft_server.1.12.2.jar:?]
	at com.google.common.eventbus.Subscriber$SynchronizedSubscriber.invokeSubscriberMethod(Subscriber.java:150) [minecraft_server.1.12.2.jar:?]
	at com.google.common.eventbus.Subscriber$1.run(Subscriber.java:76) [minecraft_server.1.12.2.jar:?]
	at com.google.common.util.concurrent.MoreExecutors$DirectExecutor.execute(MoreExecutors.java:399) [minecraft_server.1.12.2.jar:?]
	at com.google.common.eventbus.Subscriber.dispatchEvent(Subscriber.java:71) [minecraft_server.1.12.2.jar:?]
	at com.google.common.eventbus.Dispatcher$PerThreadQueuedDispatcher.dispatch(Dispatcher.java:116) [minecraft_server.1.12.2.jar:?]
	at com.google.common.eventbus.EventBus.post(EventBus.java:217) [minecraft_server.1.12.2.jar:?]
	at net.minecraftforge.fml.common.LoadController.distributeStateMessage(LoadController.java:136) [LoadController.class:?]
	at net.minecraftforge.fml.common.Loader.loadMods(Loader.java:595) [Loader.class:?]
	at net.minecraftforge.fml.server.FMLServerHandler.beginServerLoading(FMLServerHandler.java:98) [FMLServerHandler.class:?]
	at net.minecraftforge.fml.common.FMLCommonHandler.onServerStart(FMLCommonHandler.java:333) [FMLCommonHandler.class:?]
	at net.minecraft.server.dedicated.DedicatedServer.func_71197_b(DedicatedServer.java:125) [nz.class:?]
	at net.minecraft.server.MinecraftServer.run(MinecraftServer.java:486) [MinecraftServer.class:?]
	at java.lang.Thread.run(Unknown Source) [?:1.8.0_503]
[13:47:13] [Server thread/WARN] [FML]: The declared version check handler method checkModLists on network mod id enderioconduitsrefinedstorage is not accessible
java.lang.NoSuchMethodException: crazypants.enderio.conduit.refinedstorage.EnderIOConduitsRefinedStorage.checkModLists(java.util.Map, net.minecraftforge.fml.relauncher.Side)
	at java.lang.Class.getDeclaredMethod(Unknown Source) ~[?:1.8.0_503]
	at net.minecraftforge.fml.common.network.internal.NetworkModHolder.<init>(NetworkModHolder.java:246) [NetworkModHolder.class:?]
	at net.minecraftforge.fml.common.network.NetworkRegistry.register(NetworkRegistry.java:299) [NetworkRegistry.class:?]
	at net.minecraftforge.fml.common.FMLModContainer.constructMod(FMLModContainer.java:606) [FMLModContainer.class:?]
	at sun.reflect.GeneratedMethodAccessor11.invoke(Unknown Source) ~[?:?]
	at sun.reflect.DelegatingMethodAccessorImpl.invoke(Unknown Source) ~[?:1.8.0_503]
	at java.lang.reflect.Method.invoke(Unknown Source) ~[?:1.8.0_503]
	at com.google.common.eventbus.Subscriber.invokeSubscriberMethod(Subscriber.java:91) [minecraft_server.1.12.2.jar:?]
	at com.google.common.eventbus.Subscriber$SynchronizedSubscriber.invokeSubscriberMethod(Subscriber.java:150) [minecraft_server.1.12.2.jar:?]
	at com.google.common.eventbus.Subscriber$1.run(Subscriber.java:76) [minecraft_server.1.12.2.jar:?]
	at com.google.common.util.concurrent.MoreExecutors$DirectExecutor.execute(MoreExecutors.java:399) [minecraft_server.1.12.2.jar:?]
	at com.google.common.eventbus.Subscriber.dispatchEvent(Subscriber.java:71) [minecraft_server.1.12.2.jar:?]
	at com.google.common.eventbus.Dispatcher$PerThreadQueuedDispatcher.dispatch(Dispatcher.java:116) [minecraft_server.1.12.2.jar:?]
	at com.google.common.eventbus.EventBus.post(EventBus.java:217) [minecraft_server.1.12.2.jar:?]
	at net.minecraftforge.fml.common.LoadController.sendEventToModContainer(LoadController.java:219) [LoadController.class:?]
	at net.minecraftforge.fml.common.LoadController.propogateStateMessage(LoadController.java:197) [LoadController.class:?]
	at sun.reflect.NativeMethodAccessorImpl.invoke0(Native Method) ~[?:1.8.0_503]
	at sun.reflect.NativeMethodAccessorImpl.invoke(Unknown Source) ~[?:1.8.0_503]
	at sun.reflect.DelegatingMethodAccessorImpl.invoke(Unknown Source) ~[?:1.8.0_503]
	at java.lang.reflect.Method.invoke(Unknown Source) ~[?:1.8.0_503]
	at com.google.common.eventbus.Subscriber.invokeSubscriberMethod(Subscriber.java:91) [minecraft_server.1.12.2.jar:?]
	at com.google.common.eventbus.Subscriber$SynchronizedSubscriber.invokeSubscriberMethod(Subscriber.java:150) [minecraft_server.1.12.2.jar:?]
	at com.google.common.eventbus.Subscriber$1.run(Subscriber.java:76) [minecraft_server.1.12.2.jar:?]
	at com.google.common.util.concurrent.MoreExecutors$DirectExecutor.execute(MoreExecutors.java:399) [minecraft_server.1.12.2.jar:?]
	at com.google.common.eventbus.Subscriber.dispatchEvent(Subscriber.java:71) [minecraft_server.1.12.2.jar:?]
	at com.google.common.eventbus.Dispatcher$PerThreadQueuedDispatcher.dispatch(Dispatcher.java:116) [minecraft_server.1.12.2.jar:?]
	at com.google.common.eventbus.EventBus.post(EventBus.java:217) [minecraft_server.1.12.2.jar:?]
	at net.minecraftforge.fml.common.LoadController.distributeStateMessage(LoadController.java:136) [LoadController.class:?]
	at net.minecraftforge.fml.common.Loader.loadMods(Loader.java:595) [Loader.class:?]
	at net.minecraftforge.fml.server.FMLServerHandler.beginServerLoading(FMLServerHandler.java:98) [FMLServerHandler.class:?]
	at net.minecraftforge.fml.common.FMLCommonHandler.onServerStart(FMLCommonHandler.java:333) [FMLCommonHandler.class:?]
	at net.minecraft.server.dedicated.DedicatedServer.func_71197_b(DedicatedServer.java:125) [nz.class:?]
	at net.minecraft.server.MinecraftServer.run(MinecraftServer.java:486) [MinecraftServer.class:?]
	at java.lang.Thread.run(Unknown Source) [?:1.8.0_503]
[13:47:13] [Server thread/INFO] [EnderCore Mixins]: Found annotation mixin: crazypants.enderio.integration.forestry.upgrades.ArmorMixin
[13:47:13] [Server thread/INFO] [EnderCore Mixins]: Registered mixin.
[13:47:13] [Server thread/INFO] [EnderCore Mixins]: Found mixin source class data for crazypants.enderio.integration.forestry.upgrades.ArmorMixin.
[13:47:13] [Server thread/INFO] [EnderCore Mixins]: Found 1 patch to apply to class crazypants.enderio.integration.forestry.upgrades.ArmorMixin from implemented interfaces: [crazypants/enderio/api/upgrades/IDarkSteelItem]
[13:47:13] [Server thread/INFO] [EnderCore Mixins]: Not mixing into class crazypants.enderio.integration.forestry.upgrades.ArmorMixin because it is itself a mixin
[13:47:13] [Server thread/WARN] [FML]: The declared version check handler method checkModLists on network mod id enderiointegrationforestry is not accessible
java.lang.NoSuchMethodException: crazypants.enderio.integration.forestry.EnderIOIntegrationForestry.checkModLists(java.util.Map, net.minecraftforge.fml.relauncher.Side)
	at java.lang.Class.getDeclaredMethod(Unknown Source) ~[?:1.8.0_503]
	at net.minecraftforge.fml.common.network.internal.NetworkModHolder.<init>(NetworkModHolder.java:246) [NetworkModHolder.class:?]
	at net.minecraftforge.fml.common.network.NetworkRegistry.register(NetworkRegistry.java:299) [NetworkRegistry.class:?]
	at net.minecraftforge.fml.common.FMLModContainer.constructMod(FMLModContainer.java:606) [FMLModContainer.class:?]
	at sun.reflect.GeneratedMethodAccessor11.invoke(Unknown Source) ~[?:?]
	at sun.reflect.DelegatingMethodAccessorImpl.invoke(Unknown Source) ~[?:1.8.0_503]
	at java.lang.reflect.Method.invoke(Unknown Source) ~[?:1.8.0_503]
	at com.google.common.eventbus.Subscriber.invokeSubscriberMethod(Subscriber.java:91) [minecraft_server.1.12.2.jar:?]
	at com.google.common.eventbus.Subscriber$SynchronizedSubscriber.invokeSubscriberMethod(Subscriber.java:150) [minecraft_server.1.12.2.jar:?]
	at com.google.common.eventbus.Subscriber$1.run(Subscriber.java:76) [minecraft_server.1.12.2.jar:?]
	at com.google.common.util.concurrent.MoreExecutors$DirectExecutor.execute(MoreExecutors.java:399) [minecraft_server.1.12.2.jar:?]
	at com.google.common.eventbus.Subscriber.dispatchEvent(Subscriber.java:71) [minecraft_server.1.12.2.jar:?]
	at com.google.common.eventbus.Dispatcher$PerThreadQueuedDispatcher.dispatch(Dispatcher.java:116) [minecraft_server.1.12.2.jar:?]
	at com.google.common.eventbus.EventBus.post(EventBus.java:217) [minecraft_server.1.12.2.jar:?]
	at net.minecraftforge.fml.common.LoadController.sendEventToModContainer(LoadController.java:219) [LoadController.class:?]
	at net.minecraftforge.fml.common.LoadController.propogateStateMessage(LoadController.java:197) [LoadController.class:?]
	at sun.reflect.NativeMethodAccessorImpl.invoke0(Native Method) ~[?:1.8.0_503]
	at sun.reflect.NativeMethodAccessorImpl.invoke(Unknown Source) ~[?:1.8.0_503]
	at sun.reflect.DelegatingMethodAccessorImpl.invoke(Unknown Source) ~[?:1.8.0_503]
	at java.lang.reflect.Method.invoke(Unknown Source) ~[?:1.8.0_503]
	at com.google.common.eventbus.Subscriber.invokeSubscriberMethod(Subscriber.java:91) [minecraft_server.1.12.2.jar:?]
	at com.google.common.eventbus.Subscriber$SynchronizedSubscriber.invokeSubscriberMethod(Subscriber.java:150) [minecraft_server.1.12.2.jar:?]
	at com.google.common.eventbus.Subscriber$1.run(Subscriber.java:76) [minecraft_server.1.12.2.jar:?]
	at com.google.common.util.concurrent.MoreExecutors$DirectExecutor.execute(MoreExecutors.java:399) [minecraft_server.1.12.2.jar:?]
	at com.google.common.eventbus.Subscriber.dispatchEvent(Subscriber.java:71) [minecraft_server.1.12.2.jar:?]
	at com.google.common.eventbus.Dispatcher$PerThreadQueuedDispatcher.dispatch(Dispatcher.java:116) [minecraft_server.1.12.2.jar:?]
	at com.google.common.eventbus.EventBus.post(EventBus.java:217) [minecraft_server.1.12.2.jar:?]
	at net.minecraftforge.fml.common.LoadController.distributeStateMessage(LoadController.java:136) [LoadController.class:?]
	at net.minecraftforge.fml.common.Loader.loadMods(Loader.java:595) [Loader.class:?]
	at net.minecraftforge.fml.server.FMLServerHandler.beginServerLoading(FMLServerHandler.java:98) [FMLServerHandler.class:?]
	at net.minecraftforge.fml.common.FMLCommonHandler.onServerStart(FMLCommonHandler.java:333) [FMLCommonHandler.class:?]
	at net.minecraft.server.dedicated.DedicatedServer.func_71197_b(DedicatedServer.java:125) [nz.class:?]
	at net.minecraft.server.MinecraftServer.run(MinecraftServer.java:486) [MinecraftServer.class:?]
	at java.lang.Thread.run(Unknown Source) [?:1.8.0_503]
[13:47:13] [Server thread/WARN] [FML]: The declared version check handler method checkModLists on network mod id enderiointegrationticlate is not accessible
java.lang.NoSuchMethodException: crazypants.enderio.integration.tic.EnderIOIntegrationTicLate.checkModLists(java.util.Map, net.minecraftforge.fml.relauncher.Side)
	at java.lang.Class.getDeclaredMethod(Unknown Source) ~[?:1.8.0_503]
	at net.minecraftforge.fml.common.network.internal.NetworkModHolder.<init>(NetworkModHolder.java:246) [NetworkModHolder.class:?]
	at net.minecraftforge.fml.common.network.NetworkRegistry.register(NetworkRegistry.java:299) [NetworkRegistry.class:?]
	at net.minecraftforge.fml.common.FMLModContainer.constructMod(FMLModContainer.java:606) [FMLModContainer.class:?]
	at sun.reflect.GeneratedMethodAccessor11.invoke(Unknown Source) ~[?:?]
	at sun.reflect.DelegatingMethodAccessorImpl.invoke(Unknown Source) ~[?:1.8.0_503]
	at java.lang.reflect.Method.invoke(Unknown Source) ~[?:1.8.0_503]
	at com.google.common.eventbus.Subscriber.invokeSubscriberMethod(Subscriber.java:91) [minecraft_server.1.12.2.jar:?]
	at com.google.common.eventbus.Subscriber$SynchronizedSubscriber.invokeSubscriberMethod(Subscriber.java:150) [minecraft_server.1.12.2.jar:?]
	at com.google.common.eventbus.Subscriber$1.run(Subscriber.java:76) [minecraft_server.1.12.2.jar:?]
	at com.google.common.util.concurrent.MoreExecutors$DirectExecutor.execute(MoreExecutors.java:399) [minecraft_server.1.12.2.jar:?]
	at com.google.common.eventbus.Subscriber.dispatchEvent(Subscriber.java:71) [minecraft_server.1.12.2.jar:?]
	at com.google.common.eventbus.Dispatcher$PerThreadQueuedDispatcher.dispatch(Dispatcher.java:116) [minecraft_server.1.12.2.jar:?]
	at com.google.common.eventbus.EventBus.post(EventBus.java:217) [minecraft_server.1.12.2.jar:?]
	at net.minecraftforge.fml.common.LoadController.sendEventToModContainer(LoadController.java:219) [LoadController.class:?]
	at net.minecraftforge.fml.common.LoadController.propogateStateMessage(LoadController.java:197) [LoadController.class:?]
	at sun.reflect.NativeMethodAccessorImpl.invoke0(Native Method) ~[?:1.8.0_503]
	at sun.reflect.NativeMethodAccessorImpl.invoke(Unknown Source) ~[?:1.8.0_503]
	at sun.reflect.DelegatingMethodAccessorImpl.invoke(Unknown Source) ~[?:1.8.0_503]
	at java.lang.reflect.Method.invoke(Unknown Source) ~[?:1.8.0_503]
	at com.google.common.eventbus.Subscriber.invokeSubscriberMethod(Subscriber.java:91) [minecraft_server.1.12.2.jar:?]
	at com.google.common.eventbus.Subscriber$SynchronizedSubscriber.invokeSubscriberMethod(Subscriber.java:150) [minecraft_server.1.12.2.jar:?]
	at com.google.common.eventbus.Subscriber$1.run(Subscriber.java:76) [minecraft_server.1.12.2.jar:?]
	at com.google.common.util.concurrent.MoreExecutors$DirectExecutor.execute(MoreExecutors.java:399) [minecraft_server.1.12.2.jar:?]
	at com.google.common.eventbus.Subscriber.dispatchEvent(Subscriber.java:71) [minecraft_server.1.12.2.jar:?]
	at com.google.common.eventbus.Dispatcher$PerThreadQueuedDispatcher.dispatch(Dispatcher.java:116) [minecraft_server.1.12.2.jar:?]
	at com.google.common.eventbus.EventBus.post(EventBus.java:217) [minecraft_server.1.12.2.jar:?]
	at net.minecraftforge.fml.common.LoadController.distributeStateMessage(LoadController.java:136) [LoadController.class:?]
	at net.minecraftforge.fml.common.Loader.loadMods(Loader.java:595) [Loader.class:?]
	at net.minecraftforge.fml.server.FMLServerHandler.beginServerLoading(FMLServerHandler.java:98) [FMLServerHandler.class:?]
	at net.minecraftforge.fml.common.FMLCommonHandler.onServerStart(FMLCommonHandler.java:333) [FMLCommonHandler.class:?]
	at net.minecraft.server.dedicated.DedicatedServer.func_71197_b(DedicatedServer.java:125) [nz.class:?]
	at net.minecraft.server.MinecraftServer.run(MinecraftServer.java:486) [MinecraftServer.class:?]
	at java.lang.Thread.run(Unknown Source) [?:1.8.0_503]
[13:47:13] [Server thread/WARN] [FML]: The declared version check handler method checkModLists on network mod id enderioinvpanel is not accessible
java.lang.NoSuchMethodException: crazypants.enderio.invpanel.EnderIOInvPanel.checkModLists(java.util.Map, net.minecraftforge.fml.relauncher.Side)
	at java.lang.Class.getDeclaredMethod(Unknown Source) ~[?:1.8.0_503]
	at net.minecraftforge.fml.common.network.internal.NetworkModHolder.<init>(NetworkModHolder.java:246) [NetworkModHolder.class:?]
	at net.minecraftforge.fml.common.network.NetworkRegistry.register(NetworkRegistry.java:299) [NetworkRegistry.class:?]
	at net.minecraftforge.fml.common.FMLModContainer.constructMod(FMLModContainer.java:606) [FMLModContainer.class:?]
	at sun.reflect.GeneratedMethodAccessor11.invoke(Unknown Source) ~[?:?]
	at sun.reflect.DelegatingMethodAccessorImpl.invoke(Unknown Source) ~[?:1.8.0_503]
	at java.lang.reflect.Method.invoke(Unknown Source) ~[?:1.8.0_503]
	at com.google.common.eventbus.Subscriber.invokeSubscriberMethod(Subscriber.java:91) [minecraft_server.1.12.2.jar:?]
	at com.google.common.eventbus.Subscriber$SynchronizedSubscriber.invokeSubscriberMethod(Subscriber.java:150) [minecraft_server.1.12.2.jar:?]
	at com.google.common.eventbus.Subscriber$1.run(Subscriber.java:76) [minecraft_server.1.12.2.jar:?]
	at com.google.common.util.concurrent.MoreExecutors$DirectExecutor.execute(MoreExecutors.java:399) [minecraft_server.1.12.2.jar:?]
	at com.google.common.eventbus.Subscriber.dispatchEvent(Subscriber.java:71) [minecraft_server.1.12.2.jar:?]
	at com.google.common.eventbus.Dispatcher$PerThreadQueuedDispatcher.dispatch(Dispatcher.java:116) [minecraft_server.1.12.2.jar:?]
	at com.google.common.eventbus.EventBus.post(EventBus.java:217) [minecraft_server.1.12.2.jar:?]
	at net.minecraftforge.fml.common.LoadController.sendEventToModContainer(LoadController.java:219) [LoadController.class:?]
	at net.minecraftforge.fml.common.LoadController.propogateStateMessage(LoadController.java:197) [LoadController.class:?]
	at sun.reflect.NativeMethodAccessorImpl.invoke0(Native Method) ~[?:1.8.0_503]
	at sun.reflect.NativeMethodAccessorImpl.invoke(Unknown Source) ~[?:1.8.0_503]
	at sun.reflect.DelegatingMethodAccessorImpl.invoke(Unknown Source) ~[?:1.8.0_503]
	at java.lang.reflect.Method.invoke(Unknown Source) ~[?:1.8.0_503]
	at com.google.common.eventbus.Subscriber.invokeSubscriberMethod(Subscriber.java:91) [minecraft_server.1.12.2.jar:?]
	at com.google.common.eventbus.Subscriber$SynchronizedSubscriber.invokeSubscriberMethod(Subscriber.java:150) [minecraft_server.1.12.2.jar:?]
	at com.google.common.eventbus.Subscriber$1.run(Subscriber.java:76) [minecraft_server.1.12.2.jar:?]
	at com.google.common.util.concurrent.MoreExecutors$DirectExecutor.execute(MoreExecutors.java:399) [minecraft_server.1.12.2.jar:?]
	at com.google.common.eventbus.Subscriber.dispatchEvent(Subscriber.java:71) [minecraft_server.1.12.2.jar:?]
	at com.google.common.eventbus.Dispatcher$PerThreadQueuedDispatcher.dispatch(Dispatcher.java:116) [minecraft_server.1.12.2.jar:?]
	at com.google.common.eventbus.EventBus.post(EventBus.java:217) [minecraft_server.1.12.2.jar:?]
	at net.minecraftforge.fml.common.LoadController.distributeStateMessage(LoadController.java:136) [LoadController.class:?]
	at net.minecraftforge.fml.common.Loader.loadMods(Loader.java:595) [Loader.class:?]
	at net.minecraftforge.fml.server.FMLServerHandler.beginServerLoading(FMLServerHandler.java:98) [FMLServerHandler.class:?]
	at net.minecraftforge.fml.common.FMLCommonHandler.onServerStart(FMLCommonHandler.java:333) [FMLCommonHandler.class:?]
	at net.minecraft.server.dedicated.DedicatedServer.func_71197_b(DedicatedServer.java:125) [nz.class:?]
	at net.minecraft.server.MinecraftServer.run(MinecraftServer.java:486) [MinecraftServer.class:?]
	at java.lang.Thread.run(Unknown Source) [?:1.8.0_503]
[13:47:13] [Server thread/WARN] [FML]: The declared version check handler method checkModLists on network mod id enderiomachines is not accessible
java.lang.NoSuchMethodException: crazypants.enderio.machines.EnderIOMachines.checkModLists(java.util.Map, net.minecraftforge.fml.relauncher.Side)
	at java.lang.Class.getDeclaredMethod(Unknown Source) ~[?:1.8.0_503]
	at net.minecraftforge.fml.common.network.internal.NetworkModHolder.<init>(NetworkModHolder.java:246) [NetworkModHolder.class:?]
	at net.minecraftforge.fml.common.network.NetworkRegistry.register(NetworkRegistry.java:299) [NetworkRegistry.class:?]
	at net.minecraftforge.fml.common.FMLModContainer.constructMod(FMLModContainer.java:606) [FMLModContainer.class:?]
	at sun.reflect.GeneratedMethodAccessor11.invoke(Unknown Source) ~[?:?]
	at sun.reflect.DelegatingMethodAccessorImpl.invoke(Unknown Source) ~[?:1.8.0_503]
	at java.lang.reflect.Method.invoke(Unknown Source) ~[?:1.8.0_503]
	at com.google.common.eventbus.Subscriber.invokeSubscriberMethod(Subscriber.java:91) [minecraft_server.1.12.2.jar:?]
	at com.google.common.eventbus.Subscriber$SynchronizedSubscriber.invokeSubscriberMethod(Subscriber.java:150) [minecraft_server.1.12.2.jar:?]
	at com.google.common.eventbus.Subscriber$1.run(Subscriber.java:76) [minecraft_server.1.12.2.jar:?]
	at com.google.common.util.concurrent.MoreExecutors$DirectExecutor.execute(MoreExecutors.java:399) [minecraft_server.1.12.2.jar:?]
	at com.google.common.eventbus.Subscriber.dispatchEvent(Subscriber.java:71) [minecraft_server.1.12.2.jar:?]
	at com.google.common.eventbus.Dispatcher$PerThreadQueuedDispatcher.dispatch(Dispatcher.java:116) [minecraft_server.1.12.2.jar:?]
	at com.google.common.eventbus.EventBus.post(EventBus.java:217) [minecraft_server.1.12.2.jar:?]
	at net.minecraftforge.fml.common.LoadController.sendEventToModContainer(LoadController.java:219) [LoadController.class:?]
	at net.minecraftforge.fml.common.LoadController.propogateStateMessage(LoadController.java:197) [LoadController.class:?]
	at sun.reflect.NativeMethodAccessorImpl.invoke0(Native Method) ~[?:1.8.0_503]
	at sun.reflect.NativeMethodAccessorImpl.invoke(Unknown Source) ~[?:1.8.0_503]
	at sun.reflect.DelegatingMethodAccessorImpl.invoke(Unknown Source) ~[?:1.8.0_503]
	at java.lang.reflect.Method.invoke(Unknown Source) ~[?:1.8.0_503]
	at com.google.common.eventbus.Subscriber.invokeSubscriberMethod(Subscriber.java:91) [minecraft_server.1.12.2.jar:?]
	at com.google.common.eventbus.Subscriber$SynchronizedSubscriber.invokeSubscriberMethod(Subscriber.java:150) [minecraft_server.1.12.2.jar:?]
	at com.google.common.eventbus.Subscriber$1.run(Subscriber.java:76) [minecraft_server.1.12.2.jar:?]
	at com.google.common.util.concurrent.MoreExecutors$DirectExecutor.execute(MoreExecutors.java:399) [minecraft_server.1.12.2.jar:?]
	at com.google.common.eventbus.Subscriber.dispatchEvent(Subscriber.java:71) [minecraft_server.1.12.2.jar:?]
	at com.google.common.eventbus.Dispatcher$PerThreadQueuedDispatcher.dispatch(Dispatcher.java:116) [minecraft_server.1.12.2.jar:?]
	at com.google.common.eventbus.EventBus.post(EventBus.java:217) [minecraft_server.1.12.2.jar:?]
	at net.minecraftforge.fml.common.LoadController.distributeStateMessage(LoadController.java:136) [LoadController.class:?]
	at net.minecraftforge.fml.common.Loader.loadMods(Loader.java:595) [Loader.class:?]
	at net.minecraftforge.fml.server.FMLServerHandler.beginServerLoading(FMLServerHandler.java:98) [FMLServerHandler.class:?]
	at net.minecraftforge.fml.common.FMLCommonHandler.onServerStart(FMLCommonHandler.java:333) [FMLCommonHandler.class:?]
	at net.minecraft.server.dedicated.DedicatedServer.func_71197_b(DedicatedServer.java:125) [nz.class:?]
	at net.minecraft.server.MinecraftServer.run(MinecraftServer.java:486) [MinecraftServer.class:?]
	at java.lang.Thread.run(Unknown Source) [?:1.8.0_503]
[13:47:13] [Server thread/WARN] [FML]: The declared version check handler method checkModLists on network mod id enderiopowertools is not accessible
java.lang.NoSuchMethodException: crazypants.enderio.powertools.EnderIOPowerTools.checkModLists(java.util.Map, net.minecraftforge.fml.relauncher.Side)
	at java.lang.Class.getDeclaredMethod(Unknown Source) ~[?:1.8.0_503]
	at net.minecraftforge.fml.common.network.internal.NetworkModHolder.<init>(NetworkModHolder.java:246) [NetworkModHolder.class:?]
	at net.minecraftforge.fml.common.network.NetworkRegistry.register(NetworkRegistry.java:299) [NetworkRegistry.class:?]
	at net.minecraftforge.fml.common.FMLModContainer.constructMod(FMLModContainer.java:606) [FMLModContainer.class:?]
	at sun.reflect.GeneratedMethodAccessor11.invoke(Unknown Source) ~[?:?]
	at sun.reflect.DelegatingMethodAccessorImpl.invoke(Unknown Source) ~[?:1.8.0_503]
	at java.lang.reflect.Method.invoke(Unknown Source) ~[?:1.8.0_503]
	at com.google.common.eventbus.Subscriber.invokeSubscriberMethod(Subscriber.java:91) [minecraft_server.1.12.2.jar:?]
	at com.google.common.eventbus.Subscriber$SynchronizedSubscriber.invokeSubscriberMethod(Subscriber.java:150) [minecraft_server.1.12.2.jar:?]
	at com.google.common.eventbus.Subscriber$1.run(Subscriber.java:76) [minecraft_server.1.12.2.jar:?]
	at com.google.common.util.concurrent.MoreExecutors$DirectExecutor.execute(MoreExecutors.java:399) [minecraft_server.1.12.2.jar:?]
	at com.google.common.eventbus.Subscriber.dispatchEvent(Subscriber.java:71) [minecraft_server.1.12.2.jar:?]
	at com.google.common.eventbus.Dispatcher$PerThreadQueuedDispatcher.dispatch(Dispatcher.java:116) [minecraft_server.1.12.2.jar:?]
	at com.google.common.eventbus.EventBus.post(EventBus.java:217) [minecraft_server.1.12.2.jar:?]
	at net.minecraftforge.fml.common.LoadController.sendEventToModContainer(LoadController.java:219) [LoadController.class:?]
	at net.minecraftforge.fml.common.LoadController.propogateStateMessage(LoadController.java:197) [LoadController.class:?]
	at sun.reflect.NativeMethodAccessorImpl.invoke0(Native Method) ~[?:1.8.0_503]
	at sun.reflect.NativeMethodAccessorImpl.invoke(Unknown Source) ~[?:1.8.0_503]
	at sun.reflect.DelegatingMethodAccessorImpl.invoke(Unknown Source) ~[?:1.8.0_503]
	at java.lang.reflect.Method.invoke(Unknown Source) ~[?:1.8.0_503]
	at com.google.common.eventbus.Subscriber.invokeSubscriberMethod(Subscriber.java:91) [minecraft_server.1.12.2.jar:?]
	at com.google.common.eventbus.Subscriber$SynchronizedSubscriber.invokeSubscriberMethod(Subscriber.java:150) [minecraft_server.1.12.2.jar:?]
	at com.google.common.eventbus.Subscriber$1.run(Subscriber.java:76) [minecraft_server.1.12.2.jar:?]
	at com.google.common.util.concurrent.MoreExecutors$DirectExecutor.execute(MoreExecutors.java:399) [minecraft_server.1.12.2.jar:?]
	at com.google.common.eventbus.Subscriber.dispatchEvent(Subscriber.java:71) [minecraft_server.1.12.2.jar:?]
	at com.google.common.eventbus.Dispatcher$PerThreadQueuedDispatcher.dispatch(Dispatcher.java:116) [minecraft_server.1.12.2.jar:?]
	at com.google.common.eventbus.EventBus.post(EventBus.java:217) [minecraft_server.1.12.2.jar:?]
	at net.minecraftforge.fml.common.LoadController.distributeStateMessage(LoadController.java:136) [LoadController.class:?]
	at net.minecraftforge.fml.common.Loader.loadMods(Loader.java:595) [Loader.class:?]
	at net.minecraftforge.fml.server.FMLServerHandler.beginServerLoading(FMLServerHandler.java:98) [FMLServerHandler.class:?]
	at net.minecraftforge.fml.common.FMLCommonHandler.onServerStart(FMLCommonHandler.java:333) [FMLCommonHandler.class:?]
	at net.minecraft.server.dedicated.DedicatedServer.func_71197_b(DedicatedServer.java:125) [nz.class:?]
	at net.minecraft.server.MinecraftServer.run(MinecraftServer.java:486) [MinecraftServer.class:?]
	at java.lang.Thread.run(Unknown Source) [?:1.8.0_503]
[13:47:13] [Server thread/INFO] [Quark ASM]: Transforming net.minecraft.inventory.ContainerWorkbench
[13:47:13] [Server thread/INFO] [Quark ASM]: Applying Transformation to method (Names [transferStackInSlot, func_82846_b] Descriptor (Lnet/minecraft/entity/player/EntityPlayer;I)Lnet/minecraft/item/ItemStack;)
[13:47:13] [Server thread/INFO] [Quark ASM]: Located Method, patching...
[13:47:13] [Server thread/INFO] [Quark ASM]: Located patch target node INVOKEVIRTUAL net/minecraft/inventory/ContainerWorkbench.func_75135_a (Lnet/minecraft/item/ItemStack;IIZ)Z
[13:47:13] [Server thread/INFO] [Quark ASM]: Located patch target node INVOKEVIRTUAL net/minecraft/inventory/ContainerWorkbench.func_75135_a (Lnet/minecraft/item/ItemStack;IIZ)Z
[13:47:13] [Server thread/INFO] [Quark ASM]: Located patch target node INVOKEVIRTUAL net/minecraft/inventory/ContainerWorkbench.func_75135_a (Lnet/minecraft/item/ItemStack;IIZ)Z
[13:47:13] [Server thread/INFO] [Quark ASM]: Located patch target node INVOKEVIRTUAL net/minecraft/inventory/ContainerWorkbench.func_75135_a (Lnet/minecraft/item/ItemStack;IIZ)Z
[13:47:13] [Server thread/INFO] [Quark ASM]: Patch result: true
[13:47:13] [Server thread/WARN] [FML]: The declared version check handler method checkModLists on network mod id gasconduits is not accessible
java.lang.NoSuchMethodException: gg.galaxygaming.gasconduits.GasConduits.checkModLists(java.util.Map, net.minecraftforge.fml.relauncher.Side)
	at java.lang.Class.getDeclaredMethod(Unknown Source) ~[?:1.8.0_503]
	at net.minecraftforge.fml.common.network.internal.NetworkModHolder.<init>(NetworkModHolder.java:246) [NetworkModHolder.class:?]
	at net.minecraftforge.fml.common.network.NetworkRegistry.register(NetworkRegistry.java:299) [NetworkRegistry.class:?]
	at net.minecraftforge.fml.common.FMLModContainer.constructMod(FMLModContainer.java:606) [FMLModContainer.class:?]
	at sun.reflect.GeneratedMethodAccessor11.invoke(Unknown Source) ~[?:?]
	at sun.reflect.DelegatingMethodAccessorImpl.invoke(Unknown Source) ~[?:1.8.0_503]
	at java.lang.reflect.Method.invoke(Unknown Source) ~[?:1.8.0_503]
	at com.google.common.eventbus.Subscriber.invokeSubscriberMethod(Subscriber.java:91) [minecraft_server.1.12.2.jar:?]
	at com.google.common.eventbus.Subscriber$SynchronizedSubscriber.invokeSubscriberMethod(Subscriber.java:150) [minecraft_server.1.12.2.jar:?]
	at com.google.common.eventbus.Subscriber$1.run(Subscriber.java:76) [minecraft_server.1.12.2.jar:?]
	at com.google.common.util.concurrent.MoreExecutors$DirectExecutor.execute(MoreExecutors.java:399) [minecraft_server.1.12.2.jar:?]
	at com.google.common.eventbus.Subscriber.dispatchEvent(Subscriber.java:71) [minecraft_server.1.12.2.jar:?]
	at com.google.common.eventbus.Dispatcher$PerThreadQueuedDispatcher.dispatch(Dispatcher.java:116) [minecraft_server.1.12.2.jar:?]
	at com.google.common.eventbus.EventBus.post(EventBus.java:217) [minecraft_server.1.12.2.jar:?]
	at net.minecraftforge.fml.common.LoadController.sendEventToModContainer(LoadController.java:219) [LoadController.class:?]
	at net.minecraftforge.fml.common.LoadController.propogateStateMessage(LoadController.java:197) [LoadController.class:?]
	at sun.reflect.NativeMethodAccessorImpl.invoke0(Native Method) ~[?:1.8.0_503]
	at sun.reflect.NativeMethodAccessorImpl.invoke(Unknown Source) ~[?:1.8.0_503]
	at sun.reflect.DelegatingMethodAccessorImpl.invoke(Unknown Source) ~[?:1.8.0_503]
	at java.lang.reflect.Method.invoke(Unknown Source) ~[?:1.8.0_503]
	at com.google.common.eventbus.Subscriber.invokeSubscriberMethod(Subscriber.java:91) [minecraft_server.1.12.2.jar:?]
	at com.google.common.eventbus.Subscriber$SynchronizedSubscriber.invokeSubscriberMethod(Subscriber.java:150) [minecraft_server.1.12.2.jar:?]
	at com.google.common.eventbus.Subscriber$1.run(Subscriber.java:76) [minecraft_server.1.12.2.jar:?]
	at com.google.common.util.concurrent.MoreExecutors$DirectExecutor.execute(MoreExecutors.java:399) [minecraft_server.1.12.2.jar:?]
	at com.google.common.eventbus.Subscriber.dispatchEvent(Subscriber.java:71) [minecraft_server.1.12.2.jar:?]
	at com.google.common.eventbus.Dispatcher$PerThreadQueuedDispatcher.dispatch(Dispatcher.java:116) [minecraft_server.1.12.2.jar:?]
	at com.google.common.eventbus.EventBus.post(EventBus.java:217) [minecraft_server.1.12.2.jar:?]
	at net.minecraftforge.fml.common.LoadController.distributeStateMessage(LoadController.java:136) [LoadController.class:?]
	at net.minecraftforge.fml.common.Loader.loadMods(Loader.java:595) [Loader.class:?]
	at net.minecraftforge.fml.server.FMLServerHandler.beginServerLoading(FMLServerHandler.java:98) [FMLServerHandler.class:?]
	at net.minecraftforge.fml.common.FMLCommonHandler.onServerStart(FMLCommonHandler.java:333) [FMLCommonHandler.class:?]
	at net.minecraft.server.dedicated.DedicatedServer.func_71197_b(DedicatedServer.java:125) [nz.class:?]
	at net.minecraft.server.MinecraftServer.run(MinecraftServer.java:486) [MinecraftServer.class:?]
	at java.lang.Thread.run(Unknown Source) [?:1.8.0_503]
[13:47:16] [Server thread/WARN] [teslacorelib]: Annotated class 'net.ndrei.teslacorelib.blocks.multipart.MultiPartBlockEvents' not found!
[13:47:16] [Server thread/ERROR] [FML]: The mod reborncore is expecting signature 8727a3141c8ec7f173b87aa78b9b9807867c4e6b for source RebornCore-1.12.2-3.19.5-universal.jar, however there is no signature matching that description
[13:47:16] [Server thread/ERROR] [reborncore]: Invalid fingerprint detected for RebornCore!
[13:47:16] [Server thread/INFO] [projectintelligence]: Hello Minecraft!!!
[13:47:17] [Server thread/ERROR] [FML]: The mod redstonearsenal is expecting signature 8a6abf2cb9e141b866580d369ba6548732eff25f for source RedstoneArsenal-1.12.2-2.6.6.1-universal.jar, however there is no signature matching that description
[13:47:17] [Server thread/ERROR] [FML]: The mod thermalcultivation is expecting signature 8a6abf2cb9e141b866580d369ba6548732eff25f for source ThermalCultivation-1.12.2-0.3.6.1-universal.jar, however there is no signature matching that description
[13:47:17] [Server thread/ERROR] [FML]: The mod thermaldynamics is expecting signature 8a6abf2cb9e141b866580d369ba6548732eff25f for source ThermalDynamics-1.12.2-2.5.6.1-universal.jar, however there is no signature matching that description
[13:47:17] [Server thread/ERROR] [FML]: The mod thermalinnovation is expecting signature 8a6abf2cb9e141b866580d369ba6548732eff25f for source ThermalInnovation-1.12.2-0.3.6.1-universal.jar, however there is no signature matching that description
[13:47:17] [Server thread/WARN] [solcarrot]: Invalid Fingerprint!
[13:47:18] [Server thread/INFO] [FML]: Processing ObjectHolder annotations
[13:47:18] [Server thread/INFO] [FML]: Found 1732 ObjectHolder annotations
[13:47:18] [Server thread/INFO] [FML]: Identifying ItemStackHolder annotations
[13:47:18] [Server thread/INFO] [FML]: Found 7 ItemStackHolder annotations
[13:47:18] [Server thread/INFO] [FML]: Configured a dormant chunk cache size of 128
[13:47:18] [Server thread/INFO] [Actually Additions]: Starting PreInitialization Phase...
[13:47:18] [Server thread/INFO] [Actually Additions]: Grabbing Configurations...
[13:47:18] [Server thread/INFO] [Actually Additions]: Initializing Tool Materials...
[13:47:18] [Server thread/INFO] [Actually Additions]: Initializing Armor Materials...
[13:47:18] [Server thread/INFO] [Actually Additions]: PreInitializing ServerProxy...
[13:47:18] [Server thread/INFO] [Actually Additions]: PreInitialization Finished.
[13:47:23] [Server thread/INFO] [ic2.Recipe]: Successfully loaded 352 out of 352 recipes for shaped recipes
[13:47:23] [Server thread/INFO] [ic2.Recipe]: Successfully loaded 79 out of 79 recipes for shapeless recipes
[13:47:23] [Server thread/INFO] [ic2.Recipe]: Successfully loaded 41 out of 41 recipes for solid uu recipes
[13:47:23] [Server thread/INFO] [ic2.Recipe]: Successfully loaded 27 out of 27 recipes for furnace recipes
[13:47:23] [Server thread/INFO] [ic2.Recipe]: Successfully loaded 5 out of 5 recipes for blast furnace recipes
[13:47:23] [Server thread/INFO] [ic2.Recipe]: Successfully loaded 10 out of 37 recipes for block cutter recipes
[13:47:23] [Server thread/INFO] [ic2.Recipe]: Successfully loaded 51 out of 51 recipes for compressor recipes
[13:47:23] [Server thread/INFO] [ic2.Recipe]: Successfully loaded 12 out of 12 recipes for extractor recipes
[13:47:23] [Server thread/INFO] [ic2.Recipe]: Successfully loaded 47 out of 80 recipes for macerator recipes
[13:47:23] [Server thread/INFO] [ic2.Recipe]: Successfully loaded 5 out of 5 recipes for metal former cutting recipes
[13:47:23] [Server thread/INFO] [ic2.Recipe]: Successfully loaded 10 out of 10 recipes for metal former extruding recipes
[13:47:23] [Server thread/INFO] [ic2.Recipe]: Successfully loaded 7 out of 35 recipes for metal former rolling recipes
[13:47:23] [Server thread/INFO] [ic2.Recipe]: Successfully loaded 8 out of 8 recipes for ore washing recipes
[13:47:23] [Server thread/INFO] [ic2.Recipe]: Successfully loaded 26 out of 26 recipes for thermal centrifuge recipes
[13:47:24] [Server thread/INFO] [FML]: Applying holder lookups
[13:47:24] [Server thread/INFO] [FML]: Holder lookups applied
[13:47:24] [Server thread/INFO] [brandonscore]: Found mod feature container for mod: draconicevolution
[13:47:24] [Server thread/INFO] [brandonscore]: Found mod config container for mod: draconicevolution
[13:47:24] [Server thread/INFO] [brandonscore]: Found mod config container for mod: brandonscore
[13:47:24] [Server thread/INFO] [brandonscore]: Found mod config container for mod: draconicevolution
[13:47:24] [Server thread/INFO] [brandonscore]: Loading mod config for: draconicevolution
[13:47:24] [Server thread/INFO] [brandonscore]: Loading mod config for: brandonscore
[13:47:24] [Server thread/WARN] [brandonscore]: No features were detected for mod: brandonscore. This maybe an issue or maybe this mod just does not have any items or blocks.
[13:47:24] [Server thread/INFO] [CoFH World]: Registering default Feature Templates...
[13:47:24] [Server thread/INFO] [CoFH World]: Registering default World Generators...
[13:47:24] [Server thread/INFO] [CoFH World]: Verifying or creating base world generation directory...
[13:47:24] [Server thread/INFO] [CoFH World]: Complete.
[13:47:25] [Server thread/INFO] [brandonscore]: Registering features for mod: draconicevolution
[13:47:25] [Server thread/INFO] [draconicevolution]: Finished PreInitialization
[13:47:25] [Server thread/WARN] []: ========================================================
[13:47:25] [Server thread/WARN] []: == Forge Debug Logging is ENABLED ======================
[13:47:25] [Server thread/WARN] []: ========================================================
[13:47:25] [Server thread/WARN] []: == This WILL slow down the game, so we recommend you  ==
[13:47:25] [Server thread/WARN] []: == disable it unless you need it. See:                ==
[13:47:25] [Server thread/WARN] []: == https://github.com/MinecraftForge/MinecraftForge/issues/6271
[13:47:25] [Server thread/WARN] []: ========================================================
[13:47:25] [Server thread/INFO] [enderio]: ========================================================
[13:47:25] [Server thread/INFO] [enderio]: == Ender IO Debug Logging is DISABLED ==================
[13:47:25] [Server thread/INFO] [enderio]: ========================================================
[13:47:25] [Server thread/INFO] [enderio]: == This will not slow down the game, but you may miss ==
[13:47:25] [Server thread/INFO] [enderio]: == out on information needed to diagnose issues. For  ==
[13:47:25] [Server thread/INFO] [enderio]: == normal operation this is fine.                     ==
[13:47:25] [Server thread/INFO] [enderio]: ========================================================
[13:47:25] [Server thread/INFO] [EnderCore Mixins]: Found 1 patch to apply to class crazypants.enderio.base.block.painted.BlockPaintedFence from implemented interfaces: [crazypants/enderio/base/paint/IPaintable$ITexturePaintableBlock]
[13:47:25] [Server thread/INFO] [EnderCore Mixins]: Patching 1 mixins onto class crazypants.enderio.base.block.painted.BlockPaintedFence (MobilityFlagForPaintedBlocksMixin)
[13:47:25] [Server thread/INFO] [EnderCore Mixins]: Added 1 new method: [func_149656_h(Lnet/minecraft/block/state/IBlockState;)Lnet/minecraft/block/material/EnumPushReaction;]
[13:47:25] [Server thread/INFO] [EnderCore Mixins]: Successfully patched.
[13:47:26] [Server thread/INFO] [EnderCore Mixins]: Found 1 patch to apply to class crazypants.enderio.base.block.painted.BlockPaintedFenceGate from implemented interfaces: [crazypants/enderio/base/paint/IPaintable$ITexturePaintableBlock]
[13:47:26] [Server thread/INFO] [EnderCore Mixins]: Patching 1 mixins onto class crazypants.enderio.base.block.painted.BlockPaintedFenceGate (MobilityFlagForPaintedBlocksMixin)
[13:47:26] [Server thread/INFO] [EnderCore Mixins]: Added 1 new method: [func_149656_h(Lnet/minecraft/block/state/IBlockState;)Lnet/minecraft/block/material/EnumPushReaction;]
[13:47:26] [Server thread/INFO] [EnderCore Mixins]: Successfully patched.
[13:47:26] [Server thread/INFO] [EnderCore Mixins]: Found 1 patch to apply to class crazypants.enderio.base.block.painted.BlockPaintedWall from implemented interfaces: [crazypants/enderio/base/paint/IPaintable$ITexturePaintableBlock]
[13:47:26] [Server thread/INFO] [EnderCore Mixins]: Patching 1 mixins onto class crazypants.enderio.base.block.painted.BlockPaintedWall (MobilityFlagForPaintedBlocksMixin)
[13:47:26] [Server thread/INFO] [EnderCore Mixins]: Added 1 new method: [func_149656_h(Lnet/minecraft/block/state/IBlockState;)Lnet/minecraft/block/material/EnumPushReaction;]
[13:47:26] [Server thread/INFO] [EnderCore Mixins]: Successfully patched.
[13:47:26] [Server thread/INFO] [EnderCore Mixins]: Found 1 patch to apply to class crazypants.enderio.base.block.painted.BlockPaintedStairs from implemented interfaces: [crazypants/enderio/base/paint/IPaintable$ITexturePaintableBlock]
[13:47:26] [Server thread/INFO] [EnderCore Mixins]: Patching 1 mixins onto class crazypants.enderio.base.block.painted.BlockPaintedStairs (MobilityFlagForPaintedBlocksMixin)
[13:47:26] [Server thread/INFO] [EnderCore Mixins]: Added 1 new method: [func_149656_h(Lnet/minecraft/block/state/IBlockState;)Lnet/minecraft/block/material/EnumPushReaction;]
[13:47:26] [Server thread/INFO] [EnderCore Mixins]: Successfully patched.
[13:47:26] [Server thread/INFO] [EnderCore Mixins]: Found 1 patch to apply to class crazypants.enderio.base.block.painted.BlockPaintedSlab from implemented interfaces: [crazypants/enderio/base/paint/IPaintable$ITexturePaintableBlock]
[13:47:26] [Server thread/INFO] [EnderCore Mixins]: Patching 1 mixins onto class crazypants.enderio.base.block.painted.BlockPaintedSlab (MobilityFlagForPaintedBlocksMixin)
[13:47:26] [Server thread/INFO] [EnderCore Mixins]: Added 1 new method: [func_149656_h(Lnet/minecraft/block/state/IBlockState;)Lnet/minecraft/block/material/EnumPushReaction;]
[13:47:26] [Server thread/INFO] [EnderCore Mixins]: Successfully patched.
[13:47:26] [Server thread/INFO] [EnderCore Mixins]: Found 1 patch to apply to class crazypants.enderio.base.block.painted.BlockPaintedGlowstone from implemented interfaces: [crazypants/enderio/base/paint/IPaintable$IBlockPaintableBlock]
[13:47:26] [Server thread/INFO] [EnderCore Mixins]: Patching 1 mixins onto class crazypants.enderio.base.block.painted.BlockPaintedGlowstone (MobilityFlagForPaintedBlocksMixin)
[13:47:26] [Server thread/INFO] [EnderCore Mixins]: Added 1 new method: [func_149656_h(Lnet/minecraft/block/state/IBlockState;)Lnet/minecraft/block/material/EnumPushReaction;]
[13:47:26] [Server thread/INFO] [EnderCore Mixins]: Successfully patched.
[13:47:26] [Server thread/INFO] [EnderCore Mixins]: Found 1 patch to apply to class crazypants.enderio.base.block.painted.BlockPaintedGlowstone$BlockPaintedGlowstoneNonSolid from implemented interfaces: [crazypants/enderio/base/paint/IPaintable$INonSolidBlockPaintableBlock]
[13:47:26] [Server thread/INFO] [EnderCore Mixins]: Patching 1 mixins onto class crazypants.enderio.base.block.painted.BlockPaintedGlowstone$BlockPaintedGlowstoneNonSolid (MobilityFlagForPaintedBlocksMixin)
[13:47:26] [Server thread/INFO] [EnderCore Mixins]: Added 1 new method: [func_149656_h(Lnet/minecraft/block/state/IBlockState;)Lnet/minecraft/block/material/EnumPushReaction;]
[13:47:26] [Server thread/INFO] [EnderCore Mixins]: Successfully patched.
[13:47:26] [Server thread/INFO] [EnderCore Mixins]: Found 1 patch to apply to class crazypants.enderio.base.block.painted.BlockPaintedGlowstone$BlockPaintedGlowstoneSolid from implemented interfaces: [crazypants/enderio/base/paint/IPaintable$ISolidBlockPaintableBlock]
[13:47:26] [Server thread/INFO] [EnderCore Mixins]: Patching 1 mixins onto class crazypants.enderio.base.block.painted.BlockPaintedGlowstone$BlockPaintedGlowstoneSolid (MobilityFlagForPaintedBlocksMixin)
[13:47:26] [Server thread/INFO] [EnderCore Mixins]: Added 1 new method: [func_149656_h(Lnet/minecraft/block/state/IBlockState;)Lnet/minecraft/block/material/EnumPushReaction;]
[13:47:26] [Server thread/INFO] [EnderCore Mixins]: Successfully patched.
[13:47:26] [Server thread/INFO] [EnderCore Mixins]: Found 1 patch to apply to class crazypants.enderio.base.block.painted.BlockPaintedCarpet from implemented interfaces: [crazypants/enderio/base/paint/IPaintable$ITexturePaintableBlock]
[13:47:26] [Server thread/INFO] [EnderCore Mixins]: Patching 1 mixins onto class crazypants.enderio.base.block.painted.BlockPaintedCarpet (MobilityFlagForPaintedBlocksMixin)
[13:47:26] [Server thread/INFO] [EnderCore Mixins]: Added 1 new method: [func_149656_h(Lnet/minecraft/block/state/IBlockState;)Lnet/minecraft/block/material/EnumPushReaction;]
[13:47:26] [Server thread/INFO] [EnderCore Mixins]: Successfully patched.
[13:47:26] [Server thread/INFO] [EnderCore Mixins]: Found 1 patch to apply to class crazypants.enderio.base.block.painted.BlockPaintedPressurePlate from implemented interfaces: [crazypants/enderio/base/paint/IPaintable$ITexturePaintableBlock]
[13:47:26] [Server thread/INFO] [EnderCore Mixins]: Patching 1 mixins onto class crazypants.enderio.base.block.painted.BlockPaintedPressurePlate (MobilityFlagForPaintedBlocksMixin)
[13:47:26] [Server thread/INFO] [EnderCore Mixins]: Added 1 new method: [func_149656_h(Lnet/minecraft/block/state/IBlockState;)Lnet/minecraft/block/material/EnumPushReaction;]
[13:47:26] [Server thread/INFO] [EnderCore Mixins]: Successfully patched.
[13:47:26] [Server thread/INFO] [EnderCore Mixins]: Found 1 patch to apply to class crazypants.enderio.base.block.painted.BlockPaintedRedstone from implemented interfaces: [crazypants/enderio/base/paint/IPaintable$IBlockPaintableBlock]
[13:47:26] [Server thread/INFO] [EnderCore Mixins]: Patching 1 mixins onto class crazypants.enderio.base.block.painted.BlockPaintedRedstone (MobilityFlagForPaintedBlocksMixin)
[13:47:26] [Server thread/INFO] [EnderCore Mixins]: Added 1 new method: [func_149656_h(Lnet/minecraft/block/state/IBlockState;)Lnet/minecraft/block/material/EnumPushReaction;]
[13:47:26] [Server thread/INFO] [EnderCore Mixins]: Successfully patched.
[13:47:26] [Server thread/INFO] [EnderCore Mixins]: Found 1 patch to apply to class crazypants.enderio.base.block.painted.BlockPaintedRedstone$BlockPaintedRedstoneNonSolid from implemented interfaces: [crazypants/enderio/base/paint/IPaintable$INonSolidBlockPaintableBlock]
[13:47:26] [Server thread/INFO] [EnderCore Mixins]: Patching 1 mixins onto class crazypants.enderio.base.block.painted.BlockPaintedRedstone$BlockPaintedRedstoneNonSolid (MobilityFlagForPaintedBlocksMixin)
[13:47:26] [Server thread/INFO] [EnderCore Mixins]: Added 1 new method: [func_149656_h(Lnet/minecraft/block/state/IBlockState;)Lnet/minecraft/block/material/EnumPushReaction;]
[13:47:26] [Server thread/INFO] [EnderCore Mixins]: Successfully patched.
[13:47:26] [Server thread/INFO] [EnderCore Mixins]: Found 1 patch to apply to class crazypants.enderio.base.block.painted.BlockPaintedRedstone$BlockPaintedRedstoneSolid from implemented interfaces: [crazypants/enderio/base/paint/IPaintable$ISolidBlockPaintableBlock]
[13:47:26] [Server thread/INFO] [EnderCore Mixins]: Patching 1 mixins onto class crazypants.enderio.base.block.painted.BlockPaintedRedstone$BlockPaintedRedstoneSolid (MobilityFlagForPaintedBlocksMixin)
[13:47:26] [Server thread/INFO] [EnderCore Mixins]: Added 1 new method: [func_149656_h(Lnet/minecraft/block/state/IBlockState;)Lnet/minecraft/block/material/EnumPushReaction;]
[13:47:26] [Server thread/INFO] [EnderCore Mixins]: Successfully patched.
[13:47:26] [Server thread/INFO] [EnderCore Mixins]: Found 1 patch to apply to class crazypants.enderio.base.block.painted.BlockPaintedStone from implemented interfaces: [crazypants/enderio/base/paint/IPaintable$ISolidBlockPaintableBlock]
[13:47:26] [Server thread/INFO] [EnderCore Mixins]: Patching 1 mixins onto class crazypants.enderio.base.block.painted.BlockPaintedStone (MobilityFlagForPaintedBlocksMixin)
[13:47:26] [Server thread/INFO] [EnderCore Mixins]: Added 1 new method: [func_149656_h(Lnet/minecraft/block/state/IBlockState;)Lnet/minecraft/block/material/EnumPushReaction;]
[13:47:26] [Server thread/INFO] [EnderCore Mixins]: Successfully patched.
[13:47:26] [Server thread/INFO] [EnderCore Mixins]: Found 1 patch to apply to class crazypants.enderio.base.block.painted.BlockPaintedSand from implemented interfaces: [crazypants/enderio/base/paint/IPaintable$ISolidBlockPaintableBlock]
[13:47:26] [Server thread/INFO] [EnderCore Mixins]: Patching 1 mixins onto class crazypants.enderio.base.block.painted.BlockPaintedSand (MobilityFlagForPaintedBlocksMixin)
[13:47:26] [Server thread/INFO] [EnderCore Mixins]: Added 1 new method: [func_149656_h(Lnet/minecraft/block/state/IBlockState;)Lnet/minecraft/block/material/EnumPushReaction;]
[13:47:26] [Server thread/INFO] [EnderCore Mixins]: Successfully patched.
[13:47:26] [Server thread/INFO] [EnderCore Mixins]: Found 1 patch to apply to class crazypants.enderio.base.block.painted.BlockPaintedTrapDoor from implemented interfaces: [crazypants/enderio/base/paint/IPaintable$ITexturePaintableBlock]
[13:47:26] [Server thread/INFO] [EnderCore Mixins]: Patching 1 mixins onto class crazypants.enderio.base.block.painted.BlockPaintedTrapDoor (MobilityFlagForPaintedBlocksMixin)
[13:47:26] [Server thread/INFO] [EnderCore Mixins]: Added 1 new method: [func_149656_h(Lnet/minecraft/block/state/IBlockState;)Lnet/minecraft/block/material/EnumPushReaction;]
[13:47:26] [Server thread/INFO] [EnderCore Mixins]: Successfully patched.
[13:47:26] [Server thread/INFO] [EnderCore Mixins]: Found 1 patch to apply to class crazypants.enderio.base.block.painted.BlockPaintedDoor from implemented interfaces: [crazypants/enderio/base/paint/IPaintable$ITexturePaintableBlock]
[13:47:26] [Server thread/INFO] [EnderCore Mixins]: Patching 1 mixins onto class crazypants.enderio.base.block.painted.BlockPaintedDoor (MobilityFlagForPaintedBlocksMixin)
[13:47:26] [Server thread/INFO] [EnderCore Mixins]: Added 1 new method: [func_149656_h(Lnet/minecraft/block/state/IBlockState;)Lnet/minecraft/block/material/EnumPushReaction;]
[13:47:26] [Server thread/INFO] [EnderCore Mixins]: Successfully patched.
[13:47:26] [Server thread/INFO] [EnderCore Mixins]: Found 1 patch to apply to class crazypants.enderio.base.block.painted.BlockPaintedWorkbench from implemented interfaces: [crazypants/enderio/base/paint/IPaintable$ISolidBlockPaintableBlock]
[13:47:26] [Server thread/INFO] [EnderCore Mixins]: Patching 1 mixins onto class crazypants.enderio.base.block.painted.BlockPaintedWorkbench (MobilityFlagForPaintedBlocksMixin)
[13:47:26] [Server thread/INFO] [EnderCore Mixins]: Added 1 new method: [func_149656_h(Lnet/minecraft/block/state/IBlockState;)Lnet/minecraft/block/material/EnumPushReaction;]
[13:47:26] [Server thread/INFO] [EnderCore Mixins]: Successfully patched.
[13:47:26] [Server thread/INFO] [EnderCore Mixins]: Found 1 patch to apply to class crazypants.enderio.base.block.painted.BlockPaintedReinforcedObsidian from implemented interfaces: [crazypants/enderio/base/paint/IPaintable$IBlockPaintableBlock]
[13:47:26] [Server thread/INFO] [EnderCore Mixins]: Patching 1 mixins onto class crazypants.enderio.base.block.painted.BlockPaintedReinforcedObsidian (MobilityFlagForPaintedBlocksMixin)
[13:47:26] [Server thread/INFO] [EnderCore Mixins]: Added 1 new method: [func_149656_h(Lnet/minecraft/block/state/IBlockState;)Lnet/minecraft/block/material/EnumPushReaction;]
[13:47:26] [Server thread/INFO] [EnderCore Mixins]: Successfully patched.
[13:47:26] [Server thread/INFO] [EnderCore Mixins]: Found 1 patch to apply to class crazypants.enderio.base.block.painted.BlockPaintedReinforcedObsidian$BlockPaintedReinforcedObsidianNonSolid from implemented interfaces: [crazypants/enderio/base/paint/IPaintable$INonSolidBlockPaintableBlock]
[13:47:26] [Server thread/INFO] [EnderCore Mixins]: Patching 1 mixins onto class crazypants.enderio.base.block.painted.BlockPaintedReinforcedObsidian$BlockPaintedReinforcedObsidianNonSolid (MobilityFlagForPaintedBlocksMixin)
[13:47:26] [Server thread/INFO] [EnderCore Mixins]: Added 1 new method: [func_149656_h(Lnet/minecraft/block/state/IBlockState;)Lnet/minecraft/block/material/EnumPushReaction;]
[13:47:26] [Server thread/INFO] [EnderCore Mixins]: Successfully patched.
[13:47:26] [Server thread/INFO] [EnderCore Mixins]: Found 1 patch to apply to class crazypants.enderio.base.block.painted.BlockPaintedReinforcedObsidian$BlockPaintedReinforcedObsidianSolid from implemented interfaces: [crazypants/enderio/base/paint/IPaintable$ISolidBlockPaintableBlock]
[13:47:26] [Server thread/INFO] [EnderCore Mixins]: Patching 1 mixins onto class crazypants.enderio.base.block.painted.BlockPaintedReinforcedObsidian$BlockPaintedReinforcedObsidianSolid (MobilityFlagForPaintedBlocksMixin)
[13:47:26] [Server thread/INFO] [EnderCore Mixins]: Added 1 new method: [func_149656_h(Lnet/minecraft/block/state/IBlockState;)Lnet/minecraft/block/material/EnumPushReaction;]
[13:47:26] [Server thread/INFO] [EnderCore Mixins]: Successfully patched.
[13:47:26] [Server thread/INFO] [EnderCore Mixins]: Found 1 patch to apply to class crazypants.enderio.base.block.painted.BlockPaintedPackedIce from implemented interfaces: [crazypants/enderio/base/paint/IPaintable$IBlockPaintableBlock]
[13:47:26] [Server thread/INFO] [EnderCore Mixins]: Patching 1 mixins onto class crazypants.enderio.base.block.painted.BlockPaintedPackedIce (MobilityFlagForPaintedBlocksMixin)
[13:47:26] [Server thread/INFO] [EnderCore Mixins]: Added 1 new method: [func_149656_h(Lnet/minecraft/block/state/IBlockState;)Lnet/minecraft/block/material/EnumPushReaction;]
[13:47:26] [Server thread/INFO] [EnderCore Mixins]: Successfully patched.
[13:47:26] [Server thread/INFO] [EnderCore Mixins]: Found 1 patch to apply to class crazypants.enderio.base.block.painted.BlockPaintedPackedIce$BlockPaintedPackedIceNonSolid from implemented interfaces: [crazypants/enderio/base/paint/IPaintable$INonSolidBlockPaintableBlock]
[13:47:26] [Server thread/INFO] [EnderCore Mixins]: Patching 1 mixins onto class crazypants.enderio.base.block.painted.BlockPaintedPackedIce$BlockPaintedPackedIceNonSolid (MobilityFlagForPaintedBlocksMixin)
[13:47:26] [Server thread/INFO] [EnderCore Mixins]: Added 1 new method: [func_149656_h(Lnet/minecraft/block/state/IBlockState;)Lnet/minecraft/block/material/EnumPushReaction;]
[13:47:26] [Server thread/INFO] [EnderCore Mixins]: Successfully patched.
[13:47:26] [Server thread/INFO] [EnderCore Mixins]: Found 1 patch to apply to class crazypants.enderio.base.block.painted.BlockPaintedPackedIce$BlockPaintedPackedIceSolid from implemented interfaces: [crazypants/enderio/base/paint/IPaintable$ISolidBlockPaintableBlock]
[13:47:26] [Server thread/INFO] [EnderCore Mixins]: Patching 1 mixins onto class crazypants.enderio.base.block.painted.BlockPaintedPackedIce$BlockPaintedPackedIceSolid (MobilityFlagForPaintedBlocksMixin)
[13:47:26] [Server thread/INFO] [EnderCore Mixins]: Added 1 new method: [func_149656_h(Lnet/minecraft/block/state/IBlockState;)Lnet/minecraft/block/material/EnumPushReaction;]
[13:47:26] [Server thread/INFO] [EnderCore Mixins]: Successfully patched.
[13:47:26] [Server thread/INFO] [EnderCore Mixins]: Found 1 patch to apply to class crazypants.enderio.base.item.travelstaff.ItemTravelStaff from implemented interfaces: [crazypants/enderio/api/upgrades/IDarkSteelItem]
[13:47:26] [Server thread/INFO] [EnderCore Mixins]: Patching 1 mixins onto class crazypants.enderio.base.item.travelstaff.ItemTravelStaff (DarkSteelUpgradeMixin)
[13:47:26] [Server thread/INFO] [EnderCore Mixins]: Added 3 new methods: [initCapabilities(Lnet/minecraft/item/ItemStack;Lnet/minecraft/nbt/NBTTagCompound;)Lnet/minecraftforge/common/capabilities/ICapabilityProvider;, getAttributeModifiers(Lnet/minecraft/inventory/EntityEquipmentSlot;Lnet/minecraft/item/ItemStack;)Lcom/google/common/collect/Multimap;, openUpgradeGui(Lnet/minecraft/entity/player/EntityPlayer;Lnet/minecraft/inventory/EntityEquipmentSlot;)V]
[13:47:26] [Server thread/INFO] [EnderCore Mixins]: Successfully patched.
[13:47:26] [Server thread/INFO] [EnderCore Mixins]: Found 1 patch to apply to class crazypants.enderio.base.power.forge.item.AbstractPoweredItem from implemented interfaces: [crazypants/enderio/base/power/forge/item/IInternalPoweredItem]
[13:47:26] [Server thread/INFO] [EnderCore Mixins]: Patching 1 mixins onto class crazypants.enderio.base.power.forge.item.AbstractPoweredItem (InternalPoweredItemMixin)
[13:47:26] [Server thread/INFO] [EnderCore Mixins]: Added 1 new method: [initCapabilities(Lnet/minecraft/item/ItemStack;Lnet/minecraft/nbt/NBTTagCompound;)Lnet/minecraftforge/common/capabilities/ICapabilityProvider;]
[13:47:26] [Server thread/INFO] [EnderCore Mixins]: Successfully patched.
[13:47:26] [Server thread/INFO] [EnderCore Mixins]: Found 1 patch to apply to class crazypants.enderio.base.material.glass.BlockPaintedFusedQuartz from implemented interfaces: [crazypants/enderio/base/paint/IPaintable$IBlockPaintableBlock]
[13:47:26] [Server thread/INFO] [EnderCore Mixins]: Patching 1 mixins onto class crazypants.enderio.base.material.glass.BlockPaintedFusedQuartz (MobilityFlagForPaintedBlocksMixin)
[13:47:26] [Server thread/INFO] [EnderCore Mixins]: Added 1 new method: [func_149656_h(Lnet/minecraft/block/state/IBlockState;)Lnet/minecraft/block/material/EnumPushReaction;]
[13:47:26] [Server thread/INFO] [EnderCore Mixins]: Successfully patched.
[13:47:26] [Server thread/INFO] [EnderCore Mixins]: Found 1 patch to apply to class crazypants.enderio.base.block.detector.BlockDetector from implemented interfaces: [crazypants/enderio/base/paint/IPaintable$ISolidBlockPaintableBlock]
[13:47:26] [Server thread/INFO] [EnderCore Mixins]: Patching 1 mixins onto class crazypants.enderio.base.block.detector.BlockDetector (MobilityFlagForPaintedBlocksMixin)
[13:47:26] [Server thread/INFO] [EnderCore Mixins]: Added 1 new method: [func_149656_h(Lnet/minecraft/block/state/IBlockState;)Lnet/minecraft/block/material/EnumPushReaction;]
[13:47:26] [Server thread/INFO] [EnderCore Mixins]: Successfully patched.
[13:47:26] [Server thread/INFO] [EnderCore Mixins]: Found 1 patch to apply to class crazypants.enderio.base.item.darksteel.ItemDarkSteelShield from implemented interfaces: [crazypants/enderio/api/upgrades/IDarkSteelItem]
[13:47:26] [Server thread/INFO] [EnderCore Mixins]: Patching 1 mixins onto class crazypants.enderio.base.item.darksteel.ItemDarkSteelShield (DarkSteelUpgradeMixin)
[13:47:26] [Server thread/INFO] [EnderCore Mixins]: Added 2 new methods: [initCapabilities(Lnet/minecraft/item/ItemStack;Lnet/minecraft/nbt/NBTTagCompound;)Lnet/minecraftforge/common/capabilities/ICapabilityProvider;, openUpgradeGui(Lnet/minecraft/entity/player/EntityPlayer;Lnet/minecraft/inventory/EntityEquipmentSlot;)V]
[13:47:26] [Server thread/INFO] [EnderCore Mixins]: Successfully patched.
[13:47:26] [Server thread/INFO] [EnderCore Mixins]: Found 1 patch to apply to class crazypants.enderio.base.item.darksteel.ItemDarkSteelSword from implemented interfaces: [crazypants/enderio/api/upgrades/IDarkSteelItem]
[13:47:26] [Server thread/INFO] [EnderCore Mixins]: Patching 1 mixins onto class crazypants.enderio.base.item.darksteel.ItemDarkSteelSword (DarkSteelUpgradeMixin)
[13:47:26] [Server thread/INFO] [EnderCore Mixins]: Added 2 new methods: [initCapabilities(Lnet/minecraft/item/ItemStack;Lnet/minecraft/nbt/NBTTagCompound;)Lnet/minecraftforge/common/capabilities/ICapabilityProvider;, openUpgradeGui(Lnet/minecraft/entity/player/EntityPlayer;Lnet/minecraft/inventory/EntityEquipmentSlot;)V]
[13:47:26] [Server thread/INFO] [EnderCore Mixins]: Successfully patched.
[13:47:26] [Server thread/INFO] [EnderCore Mixins]: Found 1 patch to apply to class crazypants.enderio.base.item.darksteel.ItemDarkSteelPickaxe from implemented interfaces: [crazypants/enderio/api/upgrades/IDarkSteelItem]
[13:47:26] [Server thread/INFO] [EnderCore Mixins]: Patching 1 mixins onto class crazypants.enderio.base.item.darksteel.ItemDarkSteelPickaxe (DarkSteelUpgradeMixin)
[13:47:26] [Server thread/INFO] [EnderCore Mixins]: Added 5 new methods: [initCapabilities(Lnet/minecraft/item/ItemStack;Lnet/minecraft/nbt/NBTTagCompound;)Lnet/minecraftforge/common/capabilities/ICapabilityProvider;, getAttributeModifiers(Lnet/minecraft/inventory/EntityEquipmentSlot;Lnet/minecraft/item/ItemStack;)Lcom/google/common/collect/Multimap;, addCommonEntries(Lnet/minecraft/item/ItemStack;Lnet/minecraft/entity/player/EntityPlayer;Ljava/util/List;Z)V, addBasicEntries(Lnet/minecraft/item/ItemStack;Lnet/minecraft/entity/player/EntityPlayer;Ljava/util/List;Z)V, openUpgradeGui(Lnet/minecraft/entity/player/EntityPlayer;Lnet/minecraft/inventory/EntityEquipmentSlot;)V]
[13:47:26] [Server thread/INFO] [EnderCore Mixins]: Successfully patched.
[13:47:26] [Server thread/INFO] [EnderCore Mixins]: Found 1 patch to apply to class crazypants.enderio.base.item.darksteel.ItemDarkSteelAxe from implemented interfaces: [crazypants/enderio/api/upgrades/IDarkSteelItem]
[13:47:26] [Server thread/INFO] [EnderCore Mixins]: Patching 1 mixins onto class crazypants.enderio.base.item.darksteel.ItemDarkSteelAxe (DarkSteelUpgradeMixin)
[13:47:26] [Server thread/INFO] [EnderCore Mixins]: Added 3 new methods: [initCapabilities(Lnet/minecraft/item/ItemStack;Lnet/minecraft/nbt/NBTTagCompound;)Lnet/minecraftforge/common/capabilities/ICapabilityProvider;, getAttributeModifiers(Lnet/minecraft/inventory/EntityEquipmentSlot;Lnet/minecraft/item/ItemStack;)Lcom/google/common/collect/Multimap;, openUpgradeGui(Lnet/minecraft/entity/player/EntityPlayer;Lnet/minecraft/inventory/EntityEquipmentSlot;)V]
[13:47:26] [Server thread/INFO] [EnderCore Mixins]: Successfully patched.
[13:47:26] [Server thread/INFO] [EnderCore Mixins]: Found 1 patch to apply to class crazypants.enderio.base.item.darksteel.ItemDarkSteelBow from implemented interfaces: [crazypants/enderio/api/upgrades/IDarkSteelItem]
[13:47:26] [Server thread/INFO] [EnderCore Mixins]: Patching 1 mixins onto class crazypants.enderio.base.item.darksteel.ItemDarkSteelBow (DarkSteelUpgradeMixin)
[13:47:26] [Server thread/INFO] [EnderCore Mixins]: Added 3 new methods: [initCapabilities(Lnet/minecraft/item/ItemStack;Lnet/minecraft/nbt/NBTTagCompound;)Lnet/minecraftforge/common/capabilities/ICapabilityProvider;, getAttributeModifiers(Lnet/minecraft/inventory/EntityEquipmentSlot;Lnet/minecraft/item/ItemStack;)Lcom/google/common/collect/Multimap;, openUpgradeGui(Lnet/minecraft/entity/player/EntityPlayer;Lnet/minecraft/inventory/EntityEquipmentSlot;)V]
[13:47:26] [Server thread/INFO] [EnderCore Mixins]: Successfully patched.
[13:47:26] [Server thread/INFO] [EnderCore Mixins]: Found 1 patch to apply to class crazypants.enderio.base.item.darksteel.ItemDarkSteelShears from implemented interfaces: [crazypants/enderio/api/upgrades/IDarkSteelItem]
[13:47:26] [Server thread/INFO] [EnderCore Mixins]: Patching 1 mixins onto class crazypants.enderio.base.item.darksteel.ItemDarkSteelShears (DarkSteelUpgradeMixin)
[13:47:26] [Server thread/INFO] [EnderCore Mixins]: Added 3 new methods: [initCapabilities(Lnet/minecraft/item/ItemStack;Lnet/minecraft/nbt/NBTTagCompound;)Lnet/minecraftforge/common/capabilities/ICapabilityProvider;, getAttributeModifiers(Lnet/minecraft/inventory/EntityEquipmentSlot;Lnet/minecraft/item/ItemStack;)Lcom/google/common/collect/Multimap;, openUpgradeGui(Lnet/minecraft/entity/player/EntityPlayer;Lnet/minecraft/inventory/EntityEquipmentSlot;)V]
[13:47:26] [Server thread/INFO] [EnderCore Mixins]: Successfully patched.
[13:47:26] [Server thread/INFO] [EnderCore Mixins]: Found 1 patch to apply to class crazypants.enderio.base.item.darksteel.ItemDarkSteelTreetap from implemented interfaces: [crazypants/enderio/api/upgrades/IDarkSteelItem]
[13:47:26] [Server thread/INFO] [EnderCore Mixins]: Patching 1 mixins onto class crazypants.enderio.base.item.darksteel.ItemDarkSteelTreetap (DarkSteelUpgradeMixin)
[13:47:26] [Server thread/INFO] [EnderCore Mixins]: Added 3 new methods: [initCapabilities(Lnet/minecraft/item/ItemStack;Lnet/minecraft/nbt/NBTTagCompound;)Lnet/minecraftforge/common/capabilities/ICapabilityProvider;, getAttributeModifiers(Lnet/minecraft/inventory/EntityEquipmentSlot;Lnet/minecraft/item/ItemStack;)Lcom/google/common/collect/Multimap;, openUpgradeGui(Lnet/minecraft/entity/player/EntityPlayer;Lnet/minecraft/inventory/EntityEquipmentSlot;)V]
[13:47:26] [Server thread/INFO] [EnderCore Mixins]: Successfully patched.
[13:47:26] [Server thread/INFO] [EnderCore Mixins]: Found 1 patch to apply to class crazypants.enderio.base.item.darksteel.ItemDarkSteelHand from implemented interfaces: [crazypants/enderio/api/upgrades/IDarkSteelItem]
[13:47:26] [Server thread/INFO] [EnderCore Mixins]: Patching 1 mixins onto class crazypants.enderio.base.item.darksteel.ItemDarkSteelHand (DarkSteelUpgradeMixin)
[13:47:26] [Server thread/INFO] [EnderCore Mixins]: Added 3 new methods: [initCapabilities(Lnet/minecraft/item/ItemStack;Lnet/minecraft/nbt/NBTTagCompound;)Lnet/minecraftforge/common/capabilities/ICapabilityProvider;, getAttributeModifiers(Lnet/minecraft/inventory/EntityEquipmentSlot;Lnet/minecraft/item/ItemStack;)Lcom/google/common/collect/Multimap;, openUpgradeGui(Lnet/minecraft/entity/player/EntityPlayer;Lnet/minecraft/inventory/EntityEquipmentSlot;)V]
[13:47:26] [Server thread/INFO] [EnderCore Mixins]: Successfully patched.
[13:47:26] [Server thread/INFO] [EnderCore Mixins]: Found 1 patch to apply to class crazypants.enderio.base.item.staffoflevity.ItemStaffOfLevity from implemented interfaces: [crazypants/enderio/api/upgrades/IDarkSteelItem]
[13:47:26] [Server thread/INFO] [EnderCore Mixins]: Patching 1 mixins onto class crazypants.enderio.base.item.staffoflevity.ItemStaffOfLevity (DarkSteelUpgradeMixin)
[13:47:26] [Server thread/INFO] [EnderCore Mixins]: Added 3 new methods: [initCapabilities(Lnet/minecraft/item/ItemStack;Lnet/minecraft/nbt/NBTTagCompound;)Lnet/minecraftforge/common/capabilities/ICapabilityProvider;, getAttributeModifiers(Lnet/minecraft/inventory/EntityEquipmentSlot;Lnet/minecraft/item/ItemStack;)Lcom/google/common/collect/Multimap;, openUpgradeGui(Lnet/minecraft/entity/player/EntityPlayer;Lnet/minecraft/inventory/EntityEquipmentSlot;)V]
[13:47:26] [Server thread/INFO] [EnderCore Mixins]: Successfully patched.
[13:47:26] [Server thread/INFO] [EnderCore Mixins]: Found 1 patch to apply to class crazypants.enderio.conduits.conduit.BlockConduitBundle from implemented interfaces: [crazypants/enderio/base/paint/IPaintable$IBlockPaintableBlock]
[13:47:26] [Server thread/INFO] [EnderCore Mixins]: Patching 1 mixins onto class crazypants.enderio.conduits.conduit.BlockConduitBundle (MobilityFlagForPaintedBlocksMixin)
[13:47:26] [Server thread/INFO] [EnderCore Mixins]: Added 1 new method: [func_149656_h(Lnet/minecraft/block/state/IBlockState;)Lnet/minecraft/block/material/EnumPushReaction;]
[13:47:26] [Server thread/INFO] [EnderCore Mixins]: Successfully patched.
[13:47:26] [Server thread/INFO] [EnderCore Mixins]: Found 1 patch to apply to class crazypants.enderio.invpanel.sensor.BlockInventoryPanelSensor from implemented interfaces: [crazypants/enderio/base/paint/IPaintable$ISolidBlockPaintableBlock]
[13:47:26] [Server thread/INFO] [EnderCore Mixins]: Patching 1 mixins onto class crazypants.enderio.invpanel.sensor.BlockInventoryPanelSensor (MobilityFlagForPaintedBlocksMixin)
[13:47:26] [Server thread/INFO] [EnderCore Mixins]: Added 1 new method: [func_149656_h(Lnet/minecraft/block/state/IBlockState;)Lnet/minecraft/block/material/EnumPushReaction;]
[13:47:26] [Server thread/INFO] [EnderCore Mixins]: Successfully patched.
[13:47:26] [Server thread/INFO] [EnderCore Mixins]: Found 1 patch to apply to class crazypants.enderio.invpanel.chest.BlockInventoryChest from implemented interfaces: [crazypants/enderio/base/paint/IPaintable$IBlockPaintableBlock]
[13:47:26] [Server thread/INFO] [EnderCore Mixins]: Patching 1 mixins onto class crazypants.enderio.invpanel.chest.BlockInventoryChest (MobilityFlagForPaintedBlocksMixin)
[13:47:26] [Server thread/INFO] [EnderCore Mixins]: Added 1 new method: [func_149656_h(Lnet/minecraft/block/state/IBlockState;)Lnet/minecraft/block/material/EnumPushReaction;]
[13:47:26] [Server thread/INFO] [EnderCore Mixins]: Successfully patched.
[13:47:26] [Server thread/INFO] [EnderCore Mixins]: Found 1 patch to apply to class crazypants.enderio.invpanel.remote.ItemRemoteInvAccess from implemented interfaces: [crazypants/enderio/base/power/forge/item/IInternalPoweredItem]
[13:47:26] [Server thread/INFO] [EnderCore Mixins]: Patching 1 mixins onto class crazypants.enderio.invpanel.remote.ItemRemoteInvAccess (InternalPoweredItemMixin)
[13:47:26] [Server thread/INFO] [EnderCore Mixins]: Added 1 new method: [initCapabilities(Lnet/minecraft/item/ItemStack;Lnet/minecraft/nbt/NBTTagCompound;)Lnet/minecraftforge/common/capabilities/ICapabilityProvider;]
[13:47:26] [Server thread/INFO] [EnderCore Mixins]: Successfully patched.
[13:47:26] [Server thread/INFO] [EnderCore Mixins]: Found 1 patch to apply to class crazypants.enderio.machines.machine.alloy.BlockAlloySmelter from implemented interfaces: [crazypants/enderio/base/paint/IPaintable$ISolidBlockPaintableBlock]
[13:47:26] [Server thread/INFO] [EnderCore Mixins]: Patching 1 mixins onto class crazypants.enderio.machines.machine.alloy.BlockAlloySmelter (MobilityFlagForPaintedBlocksMixin)
[13:47:26] [Server thread/INFO] [EnderCore Mixins]: Added 1 new method: [func_149656_h(Lnet/minecraft/block/state/IBlockState;)Lnet/minecraft/block/material/EnumPushReaction;]
[13:47:26] [Server thread/INFO] [EnderCore Mixins]: Successfully patched.
[13:47:26] [Server thread/INFO] [EnderCore Mixins]: Found 1 patch to apply to class crazypants.enderio.base.power.forge.item.PoweredBlockItem from implemented interfaces: [crazypants/enderio/base/power/forge/item/IInternalPoweredItem]
[13:47:26] [Server thread/INFO] [EnderCore Mixins]: Patching 1 mixins onto class crazypants.enderio.base.power.forge.item.PoweredBlockItem (InternalPoweredItemMixin)
[13:47:26] [Server thread/INFO] [EnderCore Mixins]: Added 1 new method: [initCapabilities(Lnet/minecraft/item/ItemStack;Lnet/minecraft/nbt/NBTTagCompound;)Lnet/minecraftforge/common/capabilities/ICapabilityProvider;]
[13:47:26] [Server thread/INFO] [EnderCore Mixins]: Successfully patched.
[13:47:26] [Server thread/INFO] [EnderCore Mixins]: Found 1 patch to apply to class crazypants.enderio.machines.machine.buffer.BlockBuffer from implemented interfaces: [crazypants/enderio/base/paint/IPaintable$ISolidBlockPaintableBlock]
[13:47:26] [Server thread/INFO] [EnderCore Mixins]: Patching 1 mixins onto class crazypants.enderio.machines.machine.buffer.BlockBuffer (MobilityFlagForPaintedBlocksMixin)
[13:47:26] [Server thread/INFO] [EnderCore Mixins]: Added 1 new method: [func_149656_h(Lnet/minecraft/block/state/IBlockState;)Lnet/minecraft/block/material/EnumPushReaction;]
[13:47:26] [Server thread/INFO] [EnderCore Mixins]: Successfully patched.
[13:47:27] [Server thread/INFO] [EnderCore Mixins]: Found 1 patch to apply to class crazypants.enderio.machines.machine.farm.BlockFarmStation from implemented interfaces: [crazypants/enderio/base/paint/IPaintable$INonSolidBlockPaintableBlock]
[13:47:27] [Server thread/INFO] [EnderCore Mixins]: Patching 1 mixins onto class crazypants.enderio.machines.machine.farm.BlockFarmStation (MobilityFlagForPaintedBlocksMixin)
[13:47:27] [Server thread/INFO] [EnderCore Mixins]: Added 1 new method: [func_149656_h(Lnet/minecraft/block/state/IBlockState;)Lnet/minecraft/block/material/EnumPushReaction;]
[13:47:27] [Server thread/INFO] [EnderCore Mixins]: Successfully patched.
[13:47:27] [Server thread/INFO] [EnderCore Mixins]: Found 1 patch to apply to class crazypants.enderio.machines.machine.generator.combustion.BlockCombustionGenerator from implemented interfaces: [crazypants/enderio/base/paint/IPaintable$INonSolidBlockPaintableBlock]
[13:47:27] [Server thread/INFO] [EnderCore Mixins]: Patching 1 mixins onto class crazypants.enderio.machines.machine.generator.combustion.BlockCombustionGenerator (MobilityFlagForPaintedBlocksMixin)
[13:47:27] [Server thread/INFO] [EnderCore Mixins]: Added 1 new method: [func_149656_h(Lnet/minecraft/block/state/IBlockState;)Lnet/minecraft/block/material/EnumPushReaction;]
[13:47:27] [Server thread/INFO] [EnderCore Mixins]: Successfully patched.
[13:47:27] [Server thread/INFO] [EnderCore Mixins]: Found 1 patch to apply to class crazypants.enderio.machines.machine.generator.stirling.BlockStirlingGenerator from implemented interfaces: [crazypants/enderio/base/paint/IPaintable$ISolidBlockPaintableBlock]
[13:47:27] [Server thread/INFO] [EnderCore Mixins]: Patching 1 mixins onto class crazypants.enderio.machines.machine.generator.stirling.BlockStirlingGenerator (MobilityFlagForPaintedBlocksMixin)
[13:47:27] [Server thread/INFO] [EnderCore Mixins]: Added 1 new method: [func_149656_h(Lnet/minecraft/block/state/IBlockState;)Lnet/minecraft/block/material/EnumPushReaction;]
[13:47:27] [Server thread/INFO] [EnderCore Mixins]: Successfully patched.
[13:47:27] [Server thread/INFO] [EnderCore Mixins]: Found 1 patch to apply to class crazypants.enderio.machines.machine.generator.lava.BlockLavaGenerator from implemented interfaces: [crazypants/enderio/base/paint/IPaintable$ISolidBlockPaintableBlock]
[13:47:27] [Server thread/INFO] [EnderCore Mixins]: Patching 1 mixins onto class crazypants.enderio.machines.machine.generator.lava.BlockLavaGenerator (MobilityFlagForPaintedBlocksMixin)
[13:47:27] [Server thread/INFO] [EnderCore Mixins]: Added 1 new method: [func_149656_h(Lnet/minecraft/block/state/IBlockState;)Lnet/minecraft/block/material/EnumPushReaction;]
[13:47:27] [Server thread/INFO] [EnderCore Mixins]: Successfully patched.
[13:47:27] [Server thread/INFO] [EnderCore Mixins]: Found 1 patch to apply to class crazypants.enderio.machines.machine.painter.BlockPainter from implemented interfaces: [crazypants/enderio/base/paint/IPaintable$ISolidBlockPaintableBlock]
[13:47:27] [Server thread/INFO] [EnderCore Mixins]: Patching 1 mixins onto class crazypants.enderio.machines.machine.painter.BlockPainter (MobilityFlagForPaintedBlocksMixin)
[13:47:27] [Server thread/INFO] [EnderCore Mixins]: Added 1 new method: [func_149656_h(Lnet/minecraft/block/state/IBlockState;)Lnet/minecraft/block/material/EnumPushReaction;]
[13:47:27] [Server thread/INFO] [EnderCore Mixins]: Successfully patched.
[13:47:27] [Server thread/INFO] [EnderCore Mixins]: Found 1 patch to apply to class crazypants.enderio.machines.machine.sagmill.BlockSagMill from implemented interfaces: [crazypants/enderio/base/paint/IPaintable$ISolidBlockPaintableBlock]
[13:47:27] [Server thread/INFO] [EnderCore Mixins]: Patching 1 mixins onto class crazypants.enderio.machines.machine.sagmill.BlockSagMill (MobilityFlagForPaintedBlocksMixin)
[13:47:27] [Server thread/INFO] [EnderCore Mixins]: Added 1 new method: [func_149656_h(Lnet/minecraft/block/state/IBlockState;)Lnet/minecraft/block/material/EnumPushReaction;]
[13:47:27] [Server thread/INFO] [EnderCore Mixins]: Successfully patched.
[13:47:27] [Server thread/INFO] [EnderCore Mixins]: Found 1 patch to apply to class crazypants.enderio.machines.machine.slicensplice.BlockSliceAndSplice from implemented interfaces: [crazypants/enderio/base/paint/IPaintable$ISolidBlockPaintableBlock]
[13:47:27] [Server thread/INFO] [EnderCore Mixins]: Patching 1 mixins onto class crazypants.enderio.machines.machine.slicensplice.BlockSliceAndSplice (MobilityFlagForPaintedBlocksMixin)
[13:47:27] [Server thread/INFO] [EnderCore Mixins]: Added 1 new method: [func_149656_h(Lnet/minecraft/block/state/IBlockState;)Lnet/minecraft/block/material/EnumPushReaction;]
[13:47:27] [Server thread/INFO] [EnderCore Mixins]: Successfully patched.
[13:47:27] [Server thread/INFO] [EnderCore Mixins]: Found 1 patch to apply to class crazypants.enderio.machines.machine.soul.BlockSoulBinder from implemented interfaces: [crazypants/enderio/base/paint/IPaintable$INonSolidBlockPaintableBlock]
[13:47:27] [Server thread/INFO] [EnderCore Mixins]: Patching 1 mixins onto class crazypants.enderio.machines.machine.soul.BlockSoulBinder (MobilityFlagForPaintedBlocksMixin)
[13:47:27] [Server thread/INFO] [EnderCore Mixins]: Added 1 new method: [func_149656_h(Lnet/minecraft/block/state/IBlockState;)Lnet/minecraft/block/material/EnumPushReaction;]
[13:47:27] [Server thread/INFO] [EnderCore Mixins]: Successfully patched.
[13:47:27] [Server thread/INFO] [EnderCore Mixins]: Found 1 patch to apply to class crazypants.enderio.machines.machine.spawner.BlockPoweredSpawner from implemented interfaces: [crazypants/enderio/base/paint/IPaintable$INonSolidBlockPaintableBlock]
[13:47:27] [Server thread/INFO] [EnderCore Mixins]: Patching 1 mixins onto class crazypants.enderio.machines.machine.spawner.BlockPoweredSpawner (MobilityFlagForPaintedBlocksMixin)
[13:47:27] [Server thread/INFO] [EnderCore Mixins]: Added 1 new method: [func_149656_h(Lnet/minecraft/block/state/IBlockState;)Lnet/minecraft/block/material/EnumPushReaction;]
[13:47:27] [Server thread/INFO] [EnderCore Mixins]: Successfully patched.
[13:47:27] [Server thread/INFO] [EnderCore Mixins]: Found 1 patch to apply to class crazypants.enderio.machines.machine.vat.BlockVat from implemented interfaces: [crazypants/enderio/base/paint/IPaintable$INonSolidBlockPaintableBlock]
[13:47:27] [Server thread/INFO] [EnderCore Mixins]: Patching 1 mixins onto class crazypants.enderio.machines.machine.vat.BlockVat (MobilityFlagForPaintedBlocksMixin)
[13:47:27] [Server thread/INFO] [EnderCore Mixins]: Added 1 new method: [func_149656_h(Lnet/minecraft/block/state/IBlockState;)Lnet/minecraft/block/material/EnumPushReaction;]
[13:47:27] [Server thread/INFO] [EnderCore Mixins]: Successfully patched.
[13:47:27] [Server thread/INFO] [EnderCore Mixins]: Found 1 patch to apply to class crazypants.enderio.machines.machine.wired.BlockWiredCharger from implemented interfaces: [crazypants/enderio/base/paint/IPaintable$ISolidBlockPaintableBlock]
[13:47:27] [Server thread/INFO] [EnderCore Mixins]: Patching 1 mixins onto class crazypants.enderio.machines.machine.wired.BlockWiredCharger (MobilityFlagForPaintedBlocksMixin)
[13:47:27] [Server thread/INFO] [EnderCore Mixins]: Added 1 new method: [func_149656_h(Lnet/minecraft/block/state/IBlockState;)Lnet/minecraft/block/material/EnumPushReaction;]
[13:47:27] [Server thread/INFO] [EnderCore Mixins]: Successfully patched.
[13:47:27] [Server thread/INFO] [EnderCore Mixins]: Found 1 patch to apply to class crazypants.enderio.machines.machine.wireless.BlockWirelessCharger from implemented interfaces: [crazypants/enderio/base/paint/IPaintable$IBlockPaintableBlock]
[13:47:27] [Server thread/INFO] [EnderCore Mixins]: Patching 1 mixins onto class crazypants.enderio.machines.machine.wireless.BlockWirelessCharger (MobilityFlagForPaintedBlocksMixin)
[13:47:27] [Server thread/INFO] [EnderCore Mixins]: Added 1 new method: [func_149656_h(Lnet/minecraft/block/state/IBlockState;)Lnet/minecraft/block/material/EnumPushReaction;]
[13:47:27] [Server thread/INFO] [EnderCore Mixins]: Successfully patched.
[13:47:27] [Server thread/INFO] [EnderCore Mixins]: Found 1 patch to apply to class crazypants.enderio.machines.machine.tank.BlockTank from implemented interfaces: [crazypants/enderio/base/paint/IPaintable$INonSolidBlockPaintableBlock]
[13:47:27] [Server thread/INFO] [EnderCore Mixins]: Patching 1 mixins onto class crazypants.enderio.machines.machine.tank.BlockTank (MobilityFlagForPaintedBlocksMixin)
[13:47:27] [Server thread/INFO] [EnderCore Mixins]: Added 1 new method: [func_149656_h(Lnet/minecraft/block/state/IBlockState;)Lnet/minecraft/block/material/EnumPushReaction;]
[13:47:27] [Server thread/INFO] [EnderCore Mixins]: Successfully patched.
[13:47:27] [Server thread/INFO] [EnderCore Mixins]: Found 1 patch to apply to class crazypants.enderio.machines.machine.transceiver.BlockTransceiver from implemented interfaces: [crazypants/enderio/base/paint/IPaintable$INonSolidBlockPaintableBlock]
[13:47:27] [Server thread/INFO] [EnderCore Mixins]: Patching 1 mixins onto class crazypants.enderio.machines.machine.transceiver.BlockTransceiver (MobilityFlagForPaintedBlocksMixin)
[13:47:27] [Server thread/INFO] [EnderCore Mixins]: Added 1 new method: [func_149656_h(Lnet/minecraft/block/state/IBlockState;)Lnet/minecraft/block/material/EnumPushReaction;]
[13:47:27] [Server thread/INFO] [EnderCore Mixins]: Successfully patched.
[13:47:27] [Server thread/INFO] [EnderCore Mixins]: Found 1 patch to apply to class crazypants.enderio.machines.machine.vacuum.chest.BlockVacuumChest from implemented interfaces: [crazypants/enderio/base/paint/IPaintable$IBlockPaintableBlock]
[13:47:27] [Server thread/INFO] [EnderCore Mixins]: Patching 1 mixins onto class crazypants.enderio.machines.machine.vacuum.chest.BlockVacuumChest (MobilityFlagForPaintedBlocksMixin)
[13:47:27] [Server thread/INFO] [EnderCore Mixins]: Added 1 new method: [func_149656_h(Lnet/minecraft/block/state/IBlockState;)Lnet/minecraft/block/material/EnumPushReaction;]
[13:47:27] [Server thread/INFO] [EnderCore Mixins]: Successfully patched.
[13:47:27] [Server thread/INFO] [EnderCore Mixins]: Found 1 patch to apply to class crazypants.enderio.machines.machine.vacuum.xp.BlockXPVacuum from implemented interfaces: [crazypants/enderio/base/paint/IPaintable$IBlockPaintableBlock]
[13:47:27] [Server thread/INFO] [EnderCore Mixins]: Patching 1 mixins onto class crazypants.enderio.machines.machine.vacuum.xp.BlockXPVacuum (MobilityFlagForPaintedBlocksMixin)
[13:47:27] [Server thread/INFO] [EnderCore Mixins]: Added 1 new method: [func_149656_h(Lnet/minecraft/block/state/IBlockState;)Lnet/minecraft/block/material/EnumPushReaction;]
[13:47:27] [Server thread/INFO] [EnderCore Mixins]: Successfully patched.
[13:47:27] [Server thread/INFO] [EnderCore Mixins]: Found 1 patch to apply to class crazypants.enderio.machines.machine.niard.BlockNiard from implemented interfaces: [crazypants/enderio/base/paint/IPaintable$INonSolidBlockPaintableBlock]
[13:47:27] [Server thread/INFO] [EnderCore Mixins]: Patching 1 mixins onto class crazypants.enderio.machines.machine.niard.BlockNiard (MobilityFlagForPaintedBlocksMixin)
[13:47:27] [Server thread/INFO] [EnderCore Mixins]: Added 1 new method: [func_149656_h(Lnet/minecraft/block/state/IBlockState;)Lnet/minecraft/block/material/EnumPushReaction;]
[13:47:27] [Server thread/INFO] [EnderCore Mixins]: Successfully patched.
[13:47:27] [Server thread/INFO] [EnderCore Mixins]: Found 1 patch to apply to class crazypants.enderio.machines.machine.teleport.anchor.BlockTravelAnchor from implemented interfaces: [crazypants/enderio/base/paint/IPaintable$IBlockPaintableBlock]
[13:47:27] [Server thread/INFO] [EnderCore Mixins]: Patching 1 mixins onto class crazypants.enderio.machines.machine.teleport.anchor.BlockTravelAnchor (MobilityFlagForPaintedBlocksMixin)
[13:47:27] [Server thread/INFO] [EnderCore Mixins]: Added 1 new method: [func_149656_h(Lnet/minecraft/block/state/IBlockState;)Lnet/minecraft/block/material/EnumPushReaction;]
[13:47:27] [Server thread/INFO] [EnderCore Mixins]: Successfully patched.
[13:47:27] [Server thread/INFO] [EnderCore Mixins]: Found 1 patch to apply to class crazypants.enderio.machines.machine.teleport.telepad.BlockTelePad from implemented interfaces: [crazypants/enderio/base/paint/IPaintable$ISolidBlockPaintableBlock]
[13:47:27] [Server thread/INFO] [EnderCore Mixins]: Patching 1 mixins onto class crazypants.enderio.machines.machine.teleport.telepad.BlockTelePad (MobilityFlagForPaintedBlocksMixin)
[13:47:27] [Server thread/INFO] [EnderCore Mixins]: Added 1 new method: [func_149656_h(Lnet/minecraft/block/state/IBlockState;)Lnet/minecraft/block/material/EnumPushReaction;]
[13:47:27] [Server thread/INFO] [EnderCore Mixins]: Successfully patched.
[13:47:27] [Server thread/INFO] [EnderCore Mixins]: Found 1 patch to apply to class crazypants.enderio.machines.machine.crafter.BlockCrafter from implemented interfaces: [crazypants/enderio/base/paint/IPaintable$ISolidBlockPaintableBlock]
[13:47:27] [Server thread/INFO] [EnderCore Mixins]: Patching 1 mixins onto class crazypants.enderio.machines.machine.crafter.BlockCrafter (MobilityFlagForPaintedBlocksMixin)
[13:47:27] [Server thread/INFO] [EnderCore Mixins]: Added 1 new method: [func_149656_h(Lnet/minecraft/block/state/IBlockState;)Lnet/minecraft/block/material/EnumPushReaction;]
[13:47:27] [Server thread/INFO] [EnderCore Mixins]: Successfully patched.
[13:47:27] [Server thread/INFO] [EnderCore Mixins]: Found 1 patch to apply to class crazypants.enderio.machines.machine.spawner.creative.BlockCreativeSpawner from implemented interfaces: [crazypants/enderio/base/paint/IPaintable$ISolidBlockPaintableBlock]
[13:47:27] [Server thread/INFO] [EnderCore Mixins]: Patching 1 mixins onto class crazypants.enderio.machines.machine.spawner.creative.BlockCreativeSpawner (MobilityFlagForPaintedBlocksMixin)
[13:47:27] [Server thread/INFO] [EnderCore Mixins]: Added 1 new method: [func_149656_h(Lnet/minecraft/block/state/IBlockState;)Lnet/minecraft/block/material/EnumPushReaction;]
[13:47:27] [Server thread/INFO] [EnderCore Mixins]: Successfully patched.
[13:47:27] [Server thread/INFO] [EnderCore Mixins]: Found 1 patch to apply to class crazypants.enderio.powertools.machine.capbank.BlockCapBank from implemented interfaces: [crazypants/enderio/base/paint/IPaintable$ISolidBlockPaintableBlock]
[13:47:27] [Server thread/INFO] [EnderCore Mixins]: Patching 1 mixins onto class crazypants.enderio.powertools.machine.capbank.BlockCapBank (MobilityFlagForPaintedBlocksMixin)
[13:47:27] [Server thread/INFO] [EnderCore Mixins]: Added 1 new method: [func_149656_h(Lnet/minecraft/block/state/IBlockState;)Lnet/minecraft/block/material/EnumPushReaction;]
[13:47:27] [Server thread/INFO] [EnderCore Mixins]: Successfully patched.
[13:47:27] [Server thread/INFO] [EnderCore Mixins]: Found 1 patch to apply to class crazypants.enderio.powertools.machine.capbank.BlockItemCapBank from implemented interfaces: [crazypants/enderio/base/power/forge/item/IInternalPoweredItem]
[13:47:27] [Server thread/INFO] [EnderCore Mixins]: Patching 1 mixins onto class crazypants.enderio.powertools.machine.capbank.BlockItemCapBank (InternalPoweredItemMixin)
[13:47:27] [Server thread/INFO] [EnderCore Mixins]: Added 1 new method: [initCapabilities(Lnet/minecraft/item/ItemStack;Lnet/minecraft/nbt/NBTTagCompound;)Lnet/minecraftforge/common/capabilities/ICapabilityProvider;]
[13:47:27] [Server thread/INFO] [EnderCore Mixins]: Successfully patched.
[13:47:27] [Server thread/INFO] [EnderCore Mixins]: Found 1 patch to apply to class crazypants.enderio.powertools.machine.monitor.BlockPowerMonitor from implemented interfaces: [crazypants/enderio/base/paint/IPaintable$ISolidBlockPaintableBlock]
[13:47:27] [Server thread/INFO] [EnderCore Mixins]: Patching 1 mixins onto class crazypants.enderio.powertools.machine.monitor.BlockPowerMonitor (MobilityFlagForPaintedBlocksMixin)
[13:47:27] [Server thread/INFO] [EnderCore Mixins]: Added 1 new method: [func_149656_h(Lnet/minecraft/block/state/IBlockState;)Lnet/minecraft/block/material/EnumPushReaction;]
[13:47:27] [Server thread/INFO] [EnderCore Mixins]: Successfully patched.
[13:47:27] [Server thread/WARN] [enderio]: TConstruct, you fail again, muhaha! The world is mine, mine!
[13:47:27] [Server thread/INFO] [Quark]: 'Food tooltip' is forcefully disabled as it's incompatible with the following loaded mods: [appleskin]
[13:47:27] [Server thread/INFO] [Quark]: 'Charcoal block' is forcefully disabled as it's incompatible with the following loaded mods: [actuallyadditions, mekanism]
[13:47:27] [Server thread/INFO] [Quark]: 'Ender watcher' is forcefully disabled as it's incompatible with the following loaded mods: [botania]
[13:47:27] [Server thread/INFO] [Quark]: 'Dispensers place seeds' is forcefully disabled as it's incompatible with the following loaded mods: [botania]
[13:47:27] [Server thread/INFO] [Quark]: 'Automatic tool restock' is forcefully disabled as it's incompatible with the following loaded mods: [inventorytweaks]
[13:47:27] [Server thread/INFO] [Quark]: 'Inventory sorting' is forcefully disabled as it's incompatible with the following loaded mods: [inventorytweaks]
[13:47:28] [Server thread/INFO] [Quark]: Module experimental is enabled
[13:47:28] [Server thread/INFO] [Quark]: Module building is enabled
[13:47:28] [Server thread/INFO] [Quark]: Module client is enabled
[13:47:28] [Server thread/INFO] [Quark]: Module tweaks is enabled
[13:47:28] [Server thread/INFO] [Quark]: Module world is enabled
[13:47:28] [Server thread/INFO] [Quark]: Module decoration is enabled
[13:47:28] [Server thread/INFO] [Quark]: Module vanity is enabled
[13:47:28] [Server thread/INFO] [Quark]: Module automation is enabled
[13:47:28] [Server thread/INFO] [Quark]: Module management is enabled
[13:47:28] [Server thread/INFO] [Quark]: Module misc is enabled
[13:47:28] [Immersive Engineering Contributors Thread/INFO] [immersiveengineering]: Attempting to download special revolvers from GitHub
[13:47:28] [Server thread/INFO] [libVulpes]: Tesla integration loaded
[13:47:29] [Server thread/WARN] [FML]: Potentially Dangerous alternative prefix `minecraft` for name `arrocketbuilder`, expected `advancedrocketry`. This could be a intended override, but in most cases indicates a broken mod.
[13:47:29] [Server thread/WARN] [FML]: Potentially Dangerous alternative prefix `minecraft` for name `arwarpcore`, expected `advancedrocketry`. This could be a intended override, but in most cases indicates a broken mod.
[13:47:29] [Server thread/WARN] [FML]: Potentially Dangerous alternative prefix `minecraft` for name `arfuelingstation`, expected `advancedrocketry`. This could be a intended override, but in most cases indicates a broken mod.
[13:47:29] [Server thread/WARN] [FML]: Potentially Dangerous alternative prefix `minecraft` for name `armonitoringstation`, expected `advancedrocketry`. This could be a intended override, but in most cases indicates a broken mod.
[13:47:29] [Server thread/WARN] [FML]: Potentially Dangerous alternative prefix `minecraft` for name `arspacelaser`, expected `advancedrocketry`. This could be a intended override, but in most cases indicates a broken mod.
[13:47:29] [Server thread/WARN] [FML]: Potentially Dangerous alternative prefix `minecraft` for name `arprecisionassembler`, expected `advancedrocketry`. This could be a intended override, but in most cases indicates a broken mod.
[13:47:29] [Server thread/WARN] [FML]: Potentially Dangerous alternative prefix `minecraft` for name `arobservatory`, expected `advancedrocketry`. This could be a intended override, but in most cases indicates a broken mod.
[13:47:29] [Server thread/WARN] [FML]: Potentially Dangerous alternative prefix `minecraft` for name `arcrystallizer`, expected `advancedrocketry`. This could be a intended override, but in most cases indicates a broken mod.
[13:47:29] [Server thread/WARN] [FML]: Potentially Dangerous alternative prefix `minecraft` for name `arcuttingmachine`, expected `advancedrocketry`. This could be a intended override, but in most cases indicates a broken mod.
[13:47:29] [Server thread/WARN] [FML]: Potentially Dangerous alternative prefix `minecraft` for name `ardatabus`, expected `advancedrocketry`. This could be a intended override, but in most cases indicates a broken mod.
[13:47:29] [Server thread/WARN] [FML]: Potentially Dangerous alternative prefix `minecraft` for name `arsatellitehatch`, expected `advancedrocketry`. This could be a intended override, but in most cases indicates a broken mod.
[13:47:29] [Server thread/WARN] [FML]: Potentially Dangerous alternative prefix `minecraft` for name `arguidancecomputerhatch`, expected `advancedrocketry`. This could be a intended override, but in most cases indicates a broken mod.
[13:47:29] [Server thread/WARN] [FML]: Potentially Dangerous alternative prefix `minecraft` for name `arsatellitebuilder`, expected `advancedrocketry`. This could be a intended override, but in most cases indicates a broken mod.
[13:47:29] [Server thread/WARN] [FML]: Potentially Dangerous alternative prefix `minecraft` for name `artileentitysatellitecontrolcenter`, expected `advancedrocketry`. This could be a intended override, but in most cases indicates a broken mod.
[13:47:29] [Server thread/WARN] [FML]: Potentially Dangerous alternative prefix `minecraft` for name `arplanetanalyser`, expected `advancedrocketry`. This could be a intended override, but in most cases indicates a broken mod.
[13:47:29] [Server thread/WARN] [FML]: Potentially Dangerous alternative prefix `minecraft` for name `arguidancecomputer`, expected `advancedrocketry`. This could be a intended override, but in most cases indicates a broken mod.
[13:47:29] [Server thread/WARN] [FML]: Potentially Dangerous alternative prefix `minecraft` for name `arelectricarcfurnace`, expected `advancedrocketry`. This could be a intended override, but in most cases indicates a broken mod.
[13:47:29] [Server thread/WARN] [FML]: Potentially Dangerous alternative prefix `minecraft` for name `artileplanetselector`, expected `advancedrocketry`. This could be a intended override, but in most cases indicates a broken mod.
[13:47:29] [Server thread/WARN] [FML]: Potentially Dangerous alternative prefix `minecraft` for name `artilematerial`, expected `advancedrocketry`. This could be a intended override, but in most cases indicates a broken mod.
[13:47:29] [Server thread/WARN] [FML]: Potentially Dangerous alternative prefix `minecraft` for name `artilelathe`, expected `advancedrocketry`. This could be a intended override, but in most cases indicates a broken mod.
[13:47:29] [Server thread/WARN] [FML]: Potentially Dangerous alternative prefix `minecraft` for name `artilemetalbender`, expected `advancedrocketry`. This could be a intended override, but in most cases indicates a broken mod.
[13:47:29] [Server thread/WARN] [FML]: Potentially Dangerous alternative prefix `minecraft` for name `arstationbuilder`, expected `advancedrocketry`. This could be a intended override, but in most cases indicates a broken mod.
[13:47:29] [Server thread/WARN] [FML]: Potentially Dangerous alternative prefix `minecraft` for name `arelectrolyser`, expected `advancedrocketry`. This could be a intended override, but in most cases indicates a broken mod.
[13:47:29] [Server thread/WARN] [FML]: Potentially Dangerous alternative prefix `minecraft` for name `archemicalreactor`, expected `advancedrocketry`. This could be a intended override, but in most cases indicates a broken mod.
[13:47:29] [Server thread/WARN] [FML]: Potentially Dangerous alternative prefix `minecraft` for name `aroxygenvent`, expected `advancedrocketry`. This could be a intended override, but in most cases indicates a broken mod.
[13:47:29] [Server thread/WARN] [FML]: Potentially Dangerous alternative prefix `minecraft` for name `aroxygencharger`, expected `advancedrocketry`. This could be a intended override, but in most cases indicates a broken mod.
[13:47:29] [Server thread/WARN] [FML]: Potentially Dangerous alternative prefix `minecraft` for name `arco2scrubber`, expected `advancedrocketry`. This could be a intended override, but in most cases indicates a broken mod.
[13:47:29] [Server thread/WARN] [FML]: Potentially Dangerous alternative prefix `minecraft` for name `arstationmonitor`, expected `advancedrocketry`. This could be a intended override, but in most cases indicates a broken mod.
[13:47:29] [Server thread/WARN] [FML]: Potentially Dangerous alternative prefix `minecraft` for name `aroxygendetector`, expected `advancedrocketry`. This could be a intended override, but in most cases indicates a broken mod.
[13:47:29] [Server thread/WARN] [FML]: Potentially Dangerous alternative prefix `minecraft` for name `arorientationcontrol`, expected `advancedrocketry`. This could be a intended override, but in most cases indicates a broken mod.
[13:47:29] [Server thread/WARN] [FML]: Potentially Dangerous alternative prefix `minecraft` for name `argravitycontrol`, expected `advancedrocketry`. This could be a intended override, but in most cases indicates a broken mod.
[13:47:29] [Server thread/WARN] [FML]: Potentially Dangerous alternative prefix `minecraft` for name `arliquidpipe`, expected `advancedrocketry`. This could be a intended override, but in most cases indicates a broken mod.
[13:47:29] [Server thread/WARN] [FML]: Potentially Dangerous alternative prefix `minecraft` for name `ardatapipe`, expected `advancedrocketry`. This could be a intended override, but in most cases indicates a broken mod.
[13:47:29] [Server thread/WARN] [FML]: Potentially Dangerous alternative prefix `minecraft` for name `arenergypipe`, expected `advancedrocketry`. This could be a intended override, but in most cases indicates a broken mod.
[13:47:29] [Server thread/WARN] [FML]: Potentially Dangerous alternative prefix `minecraft` for name `armicrowavereciever`, expected `advancedrocketry`. This could be a intended override, but in most cases indicates a broken mod.
[13:47:29] [Server thread/WARN] [FML]: Potentially Dangerous alternative prefix `minecraft` for name `arsuitworkstation`, expected `advancedrocketry`. This could be a intended override, but in most cases indicates a broken mod.
[13:47:29] [Server thread/WARN] [FML]: Potentially Dangerous alternative prefix `minecraft` for name `arrocketloader`, expected `advancedrocketry`. This could be a intended override, but in most cases indicates a broken mod.
[13:47:29] [Server thread/WARN] [FML]: Potentially Dangerous alternative prefix `minecraft` for name `arrocketunloader`, expected `advancedrocketry`. This could be a intended override, but in most cases indicates a broken mod.
[13:47:29] [Server thread/WARN] [FML]: Potentially Dangerous alternative prefix `minecraft` for name `arbiomescanner`, expected `advancedrocketry`. This could be a intended override, but in most cases indicates a broken mod.
[13:47:29] [Server thread/WARN] [FML]: Potentially Dangerous alternative prefix `minecraft` for name `arattterraformer`, expected `advancedrocketry`. This could be a intended override, but in most cases indicates a broken mod.
[13:47:29] [Server thread/WARN] [FML]: Potentially Dangerous alternative prefix `minecraft` for name `arlandingpad`, expected `advancedrocketry`. This could be a intended override, but in most cases indicates a broken mod.
[13:47:29] [Server thread/WARN] [FML]: Potentially Dangerous alternative prefix `minecraft` for name `arstationdeployablerocketassembler`, expected `advancedrocketry`. This could be a intended override, but in most cases indicates a broken mod.
[13:47:29] [Server thread/WARN] [FML]: Potentially Dangerous alternative prefix `minecraft` for name `arfluidtank`, expected `advancedrocketry`. This could be a intended override, but in most cases indicates a broken mod.
[13:47:29] [Server thread/WARN] [FML]: Potentially Dangerous alternative prefix `minecraft` for name `arfluidunloader`, expected `advancedrocketry`. This could be a intended override, but in most cases indicates a broken mod.
[13:47:29] [Server thread/WARN] [FML]: Potentially Dangerous alternative prefix `minecraft` for name `arfluidloader`, expected `advancedrocketry`. This could be a intended override, but in most cases indicates a broken mod.
[13:47:29] [Server thread/WARN] [FML]: Potentially Dangerous alternative prefix `minecraft` for name `arsolargenerator`, expected `advancedrocketry`. This could be a intended override, but in most cases indicates a broken mod.
[13:47:29] [Server thread/WARN] [FML]: Potentially Dangerous alternative prefix `minecraft` for name `ardockingport`, expected `advancedrocketry`. This could be a intended override, but in most cases indicates a broken mod.
[13:47:29] [Server thread/WARN] [FML]: Potentially Dangerous alternative prefix `minecraft` for name `arstationaltitudecontroller`, expected `advancedrocketry`. This could be a intended override, but in most cases indicates a broken mod.
[13:47:29] [Server thread/WARN] [FML]: Potentially Dangerous alternative prefix `minecraft` for name `arrailgun`, expected `advancedrocketry`. This could be a intended override, but in most cases indicates a broken mod.
[13:47:29] [Server thread/WARN] [FML]: Potentially Dangerous alternative prefix `minecraft` for name `arplanetholoselector`, expected `advancedrocketry`. This could be a intended override, but in most cases indicates a broken mod.
[13:47:29] [Server thread/WARN] [FML]: Potentially Dangerous alternative prefix `minecraft` for name `arforcefieldprojector`, expected `advancedrocketry`. This could be a intended override, but in most cases indicates a broken mod.
[13:47:29] [Server thread/WARN] [FML]: Potentially Dangerous alternative prefix `minecraft` for name `arblockseal`, expected `advancedrocketry`. This could be a intended override, but in most cases indicates a broken mod.
[13:47:29] [Server thread/WARN] [FML]: Potentially Dangerous alternative prefix `minecraft` for name `arspaceelevator`, expected `advancedrocketry`. This could be a intended override, but in most cases indicates a broken mod.
[13:47:29] [Server thread/WARN] [FML]: Potentially Dangerous alternative prefix `minecraft` for name `arbeacon`, expected `advancedrocketry`. This could be a intended override, but in most cases indicates a broken mod.
[13:47:29] [Server thread/WARN] [FML]: Potentially Dangerous alternative prefix `minecraft` for name `artransciever`, expected `advancedrocketry`. This could be a intended override, but in most cases indicates a broken mod.
[13:47:29] [Server thread/WARN] [FML]: Potentially Dangerous alternative prefix `minecraft` for name `arblackholegenerator`, expected `advancedrocketry`. This could be a intended override, but in most cases indicates a broken mod.
[13:47:29] [Server thread/WARN] [FML]: Potentially Dangerous alternative prefix `minecraft` for name `argravitymachine`, expected `advancedrocketry`. This could be a intended override, but in most cases indicates a broken mod.
[13:47:30] [Server thread/INFO] [bdlib]: bdlib 1.14.3.12 loaded
[13:47:30] [Server thread/INFO] [bdlib]: Initialized network channel 'bdew.multiblock' for mod 'bdlib'
[13:47:30] [Server thread/INFO] [bdlib]: Loading internal config files for mod AE2 Stuff
[13:47:30] [Server thread/INFO] [bdlib]: Loading config: jar:file:/C:/Users/jular/Desktop/Enigmatica2LightServer-1.5.1-log4j-fix/./mods/ae2stuff-0.7.0.4-mc1.12.2.jar!/assets/ae2stuff/config/tuning.cfg
[13:47:30] [Server thread/INFO] [bdlib]: Loading config: jar:file:/C:/Users/jular/Desktop/Enigmatica2LightServer-1.5.1-log4j-fix/./mods/ae2stuff-0.7.0.4-mc1.12.2.jar!/assets/ae2stuff/config/recipes.cfg
[13:47:30] [Server thread/INFO] [bdlib]: Loading user config files for mod AE2 Stuff
[13:47:30] [Server thread/INFO] [bdlib]: Config loading for mod AE2 Stuff finished
[13:47:30] [Server thread/INFO] [bdlib]: Loaded creative tabs for ae2stuff
[13:47:30] [Server thread/INFO] [STDOUT]: [pl.asie.foamfix.coremod.FoamFixTransformer:spliceClasses:114]: Spliced in METHOD: net.minecraftforge.fml.common.network.ByteBufUtils.writeUTF8String
[13:47:31] [Server thread/INFO] [Aroma1997Core]: Finished Pre-initialization.
[13:47:32] [Server thread/INFO] [Astral Core]: [AstralTransformer] Transforming wh : net.minecraft.entity.ai.attributes.ModifiableAttributeInstance with 1 patches!
[13:47:32] [Server thread/INFO] [Astral Core]: [AstralTransformer] Applied patch PATCHPOSTPROCESSATTRIBUTES
[13:47:32] [Server thread/INFO] [Astral Sorcery]: Crafttweaker found! Adding recipe handlers...
[13:47:32] [Server thread/INFO] [betterbuilderswands]: Access transform success createStackedBlock (func_180643_i).
[13:47:32] [Server thread/WARN] [FML]: Potentially Dangerous alternative prefix `minecraft` for name `mod.chiselsandbits.tileentitychiseled`, expected `chiselsandbits`. This could be a intended override, but in most cases indicates a broken mod.
[13:47:32] [Server thread/WARN] [FML]: Potentially Dangerous alternative prefix `minecraft` for name `mod.chiselsandbits.tileentitychiseled.tesr`, expected `chiselsandbits`. This could be a intended override, but in most cases indicates a broken mod.
[13:47:32] [Server thread/WARN] [FML]: Potentially Dangerous alternative prefix `minecraft` for name `mod.chiselsandbits.tileentitybittank`, expected `chiselsandbits`. This could be a intended override, but in most cases indicates a broken mod.
[13:47:32] [Server thread/INFO] [Chunk Pregenerator]: Made the Pregenerator ThreadSave
[13:47:33] [Server thread/INFO] [/dank/null]: The One Probe Integation: Disabled
[13:47:33] [Server thread/WARN] [FML]: Potentially Dangerous alternative prefix `minecraft` for name `sneaky`, expected `darkutils`. This could be a intended override, but in most cases indicates a broken mod.
[13:47:33] [Server thread/WARN] [FML]: Potentially Dangerous alternative prefix `minecraft` for name `timer`, expected `darkutils`. This could be a intended override, but in most cases indicates a broken mod.
[13:47:33] [Server thread/WARN] [FML]: Potentially Dangerous alternative prefix `minecraft` for name `monolith_exp`, expected `darkutils`. This could be a intended override, but in most cases indicates a broken mod.
[13:47:33] [Server thread/WARN] [FML]: Potentially Dangerous alternative prefix `minecraft` for name `monolith_spawning`, expected `darkutils`. This could be a intended override, but in most cases indicates a broken mod.
[13:47:33] [Server thread/WARN] [FML]: Potentially Dangerous alternative prefix `minecraft` for name `ender_tether`, expected `darkutils`. This could be a intended override, but in most cases indicates a broken mod.
[13:47:33] [Server thread/WARN] [FML]: Potentially Dangerous alternative prefix `minecraft` for name `ender_hopper`, expected `darkutils`. This could be a intended override, but in most cases indicates a broken mod.
[13:47:33] [Server thread/WARN] [FML]: Potentially Dangerous alternative prefix `minecraft` for name `anti_slime`, expected `darkutils`. This could be a intended override, but in most cases indicates a broken mod.
[13:47:33] [Server thread/INFO] [com.mia.craftstudio.CSPack]: Original locale was fr_FR, switching to Locale.US
[13:47:33] [Server thread/INFO] [com.mia.craftstudio.CSPack]: Locale is now en_US
[13:47:33] [Server thread/INFO] [com.mia.craftstudio.CSPack]: Locale was restored to fr_FR
[13:47:38] [Server thread/WARN] [FML]: Potentially Dangerous alternative prefix `minecraft` for name `hopper`, expected `diethopper`. This could be a intended override, but in most cases indicates a broken mod.
[13:47:38] [Server thread/WARN] [enderio]: Applied Energistics conduits loaded. Let your networks connect!
[13:47:38] [Server thread/WARN] [enderio]: OpenComputers conduits NOT loaded. OpenComputers is not installed
[13:47:38] [Server thread/WARN] [enderio]: Refined Storage conduits NOT loaded. Refined Storage is not installed
[13:47:38] [Server thread/INFO] [forestry]: Module AgriCraft Module failed to load: AgriCraft not found
[13:47:38] [Server thread/INFO] [forestry]: Module disabled: Crate Module
[13:47:38] [Server thread/INFO] [forestry]: Module BuildCraft 6 Transport Module failed to load: buildcrafttransport not found
[13:47:38] [Server thread/INFO] [forestry]: Module Better With Mods Module failed to load: Better With Mods not found
[13:47:38] [Server thread/INFO] [forestry]: Module BuildCraft 6 Fuels Module failed to load: Compatible BuildCraftAPI|fuels version not found
[13:47:38] [Server thread/INFO] [forestry]: Module BiomesOPlenty Module failed to load: BiomesOPlenty not found
[13:47:38] [Server thread/INFO] [forestry]: Module TechReborn Module failed to load: TechReborn not found
[13:47:38] [Server thread/INFO] [forestry]: Module BuildCraft 6 Statements Module failed to load: Compatible BuildCraftAPI|statements version not found
[13:47:38] [Server thread/INFO] [forestry]: Module Natura Module failed to load: Natura not found
[13:47:38] [Server thread/INFO] [forestry]: Module Roots Module failed to load: Roots not found
[13:47:38] [Server thread/INFO] [forestry]: Module Mystical Agriculture Module failed to load: Mystical Agriculture not found
[13:47:38] [Server thread/INFO] [forestry]: Module BuildCraft 6 Recipes Module failed to load: Compatible BuildCraftAPI|recipes version not found
[13:47:39] [Server thread/WARN] [enderio]: Forestry integration loaded. Let things grow.
[13:47:39] [Server thread/WARN] [FTB Library]: Replacing com.feed_the_beast.ftblib.lib.config.DefaultRankConfigHandler with com.feed_the_beast.ftbutilities.ranks.FTBUtilitiesPermissionHandler
[13:47:40] [Server thread/WARN] [enderio]: Mekanism Gas conduits loaded. Let your networks connect!
[13:47:40] [Server thread/WARN] [FML]: Potentially Dangerous alternative prefix `minecraft` for name `ender chest`, expected `enderstorage`. This could be a intended override, but in most cases indicates a broken mod.
[13:47:40] [Server thread/WARN] [FML]: Potentially Dangerous alternative prefix `minecraft` for name `ender tank`, expected `enderstorage`. This could be a intended override, but in most cases indicates a broken mod.
[13:47:40] [Server thread/INFO] [Engineer's Doors]: 3 modules loaded.
[13:47:40] [Server thread/INFO] [Engineer's Doors]: Pre-initializing doors module
[13:47:40] [Server thread/INFO] [Engineer's Doors]: Pre-initializing fence gates module
[13:47:40] [Server thread/INFO] [Engineer's Doors]: Pre-initializing trapdoors module
[13:47:40] [Server thread/INFO] [STDOUT]: [com.valkyrieofnight.vliblegacy.m_guide.item.ItemGuide:getGuiRegistryObject:26]: com.valkyrieofnight.vliblegacy.m_guide.item.ItemGuide$GuiRegistryID@3ded89b3
[13:47:41] [Server thread/WARN] [FML]: Potentially Dangerous alternative prefix `xu2` for name `xutesrtile`, expected `extrautils2`. This could be a intended override, but in most cases indicates a broken mod.
[13:47:41] [Server thread/WARN] [tconstruct-API]: Itemstack 1xitem.null@17 cannot represent material xu_evil_metal since it is not associated with the material!
[13:47:41] [Server thread/WARN] [tconstruct-API]: Itemstack 1xitem.null@12 cannot represent material xu_enchanted_metal since it is not associated with the material!
[13:47:41] [Server thread/WARN] [tconstruct-API]: Itemstack 1xitem.null@11 cannot represent material xu_demonic_metal since it is not associated with the material!
[13:47:41] [Server thread/WARN] [FML]: Potentially Dangerous alternative prefix `xu2` for name `tiletrashcan`, expected `extrautils2`. This could be a intended override, but in most cases indicates a broken mod.
[13:47:41] [Server thread/WARN] [FML]: Potentially Dangerous alternative prefix `xu2` for name `tiletrashcanfluids`, expected `extrautils2`. This could be a intended override, but in most cases indicates a broken mod.
[13:47:41] [Server thread/WARN] [FML]: Potentially Dangerous alternative prefix `xu2` for name `tiletrashcanenergy`, expected `extrautils2`. This could be a intended override, but in most cases indicates a broken mod.
[13:47:41] [Server thread/WARN] [FML]: Potentially Dangerous alternative prefix `xu2` for name `tilepassivegenerator`, expected `extrautils2`. This could be a intended override, but in most cases indicates a broken mod.
[13:47:41] [Server thread/WARN] [FML]: Potentially Dangerous alternative prefix `xu2` for name `tilepowerhandcrank`, expected `extrautils2`. This could be a intended override, but in most cases indicates a broken mod.
[13:47:41] [Server thread/WARN] [FML]: Potentially Dangerous alternative prefix `xu2` for name `tilesupermobspawner`, expected `extrautils2`. This could be a intended override, but in most cases indicates a broken mod.
[13:47:41] [Server thread/WARN] [FML]: Potentially Dangerous alternative prefix `xu2` for name `tilepoweroverload`, expected `extrautils2`. This could be a intended override, but in most cases indicates a broken mod.
[13:47:41] [Server thread/WARN] [FML]: Potentially Dangerous alternative prefix `xu2` for name `tileresonator`, expected `extrautils2`. This could be a intended override, but in most cases indicates a broken mod.
[13:47:41] [Server thread/WARN] [FML]: Potentially Dangerous alternative prefix `xu2` for name `tilespotlight`, expected `extrautils2`. This could be a intended override, but in most cases indicates a broken mod.
[13:47:41] [Server thread/WARN] [FML]: Potentially Dangerous alternative prefix `xu2` for name `tilescreen`, expected `extrautils2`. This could be a intended override, but in most cases indicates a broken mod.
[13:47:41] [Server thread/WARN] [FML]: Potentially Dangerous alternative prefix `xu2` for name `tiletransferholder`, expected `extrautils2`. This could be a intended override, but in most cases indicates a broken mod.
[13:47:41] [Server thread/WARN] [FML]: Potentially Dangerous alternative prefix `xu2` for name `tileplayerchest`, expected `extrautils2`. This could be a intended override, but in most cases indicates a broken mod.
[13:47:41] [Server thread/WARN] [FML]: Potentially Dangerous alternative prefix `xu2` for name `tileindexer`, expected `extrautils2`. This could be a intended override, but in most cases indicates a broken mod.
[13:47:41] [Server thread/WARN] [FML]: Potentially Dangerous alternative prefix `xu2` for name `tilescanner`, expected `extrautils2`. This could be a intended override, but in most cases indicates a broken mod.
[13:47:41] [Server thread/WARN] [FML]: Potentially Dangerous alternative prefix `xu2` for name `tilemine`, expected `extrautils2`. This could be a intended override, but in most cases indicates a broken mod.
[13:47:41] [Server thread/WARN] [FML]: Potentially Dangerous alternative prefix `xu2` for name `tileuse`, expected `extrautils2`. This could be a intended override, but in most cases indicates a broken mod.
[13:47:41] [Server thread/WARN] [FML]: Potentially Dangerous alternative prefix `xu2` for name `tank16`, expected `extrautils2`. This could be a intended override, but in most cases indicates a broken mod.
[13:47:41] [Server thread/WARN] [FML]: Potentially Dangerous alternative prefix `xu2` for name `tank256`, expected `extrautils2`. This could be a intended override, but in most cases indicates a broken mod.
[13:47:41] [Server thread/WARN] [FML]: Potentially Dangerous alternative prefix `xu2` for name `tank4096`, expected `extrautils2`. This could be a intended override, but in most cases indicates a broken mod.
[13:47:41] [Server thread/WARN] [FML]: Potentially Dangerous alternative prefix `xu2` for name `tank65536`, expected `extrautils2`. This could be a intended override, but in most cases indicates a broken mod.
[13:47:41] [Server thread/WARN] [FML]: Potentially Dangerous alternative prefix `xu2` for name `tankinf`, expected `extrautils2`. This could be a intended override, but in most cases indicates a broken mod.
[13:47:41] [Server thread/WARN] [FML]: Potentially Dangerous alternative prefix `xu2` for name `tilemachineprovider`, expected `extrautils2`. This could be a intended override, but in most cases indicates a broken mod.
[13:47:41] [Server thread/WARN] [FML]: Potentially Dangerous alternative prefix `xu2` for name `tilemachinereceiver`, expected `extrautils2`. This could be a intended override, but in most cases indicates a broken mod.
[13:47:41] [Server thread/WARN] [FML]: Potentially Dangerous alternative prefix `xu2` for name `tileteleporter`, expected `extrautils2`. This could be a intended override, but in most cases indicates a broken mod.
[13:47:41] [Server thread/WARN] [FML]: Potentially Dangerous alternative prefix `xu2` for name `tilepowertransmitter`, expected `extrautils2`. This could be a intended override, but in most cases indicates a broken mod.
[13:47:41] [Server thread/WARN] [FML]: Potentially Dangerous alternative prefix `xu2` for name `tilepowerbattery`, expected `extrautils2`. This could be a intended override, but in most cases indicates a broken mod.
[13:47:41] [Server thread/WARN] [FML]: Potentially Dangerous alternative prefix `xu2` for name `tilelargishchest`, expected `extrautils2`. This could be a intended override, but in most cases indicates a broken mod.
[13:47:41] [Server thread/WARN] [FML]: Potentially Dangerous alternative prefix `xu2` for name `tileminchest`, expected `extrautils2`. This could be a intended override, but in most cases indicates a broken mod.
[13:47:41] [Server thread/WARN] [FML]: Potentially Dangerous alternative prefix `xu2` for name `tilerainbowgenerator`, expected `extrautils2`. This could be a intended override, but in most cases indicates a broken mod.
[13:47:41] [Server thread/WARN] [FML]: Potentially Dangerous alternative prefix `xu2` for name `tilecreativechest`, expected `extrautils2`. This could be a intended override, but in most cases indicates a broken mod.
[13:47:41] [Server thread/WARN] [FML]: Potentially Dangerous alternative prefix `xu2` for name `tilecreativeenergy`, expected `extrautils2`. This could be a intended override, but in most cases indicates a broken mod.
[13:47:41] [Server thread/WARN] [FML]: Potentially Dangerous alternative prefix `xu2` for name `tilecreativeharvest`, expected `extrautils2`. This could be a intended override, but in most cases indicates a broken mod.
[13:47:41] [Server thread/WARN] [FML]: Potentially Dangerous alternative prefix `xu2` for name `tileterraformer`, expected `extrautils2`. This could be a intended override, but in most cases indicates a broken mod.
[13:47:41] [Server thread/WARN] [FML]: Potentially Dangerous alternative prefix `xu2` for name `tileterraformerclimograph`, expected `extrautils2`. This could be a intended override, but in most cases indicates a broken mod.
[13:47:41] [Server thread/WARN] [FML]: Potentially Dangerous alternative prefix `xu2` for name `tiletrashchest`, expected `extrautils2`. This could be a intended override, but in most cases indicates a broken mod.
[13:47:41] [Server thread/WARN] [FML]: Potentially Dangerous alternative prefix `xu2` for name `tileanalogcrafter`, expected `extrautils2`. This could be a intended override, but in most cases indicates a broken mod.
[13:47:41] [Server thread/WARN] [FML]: Potentially Dangerous alternative prefix `xu2` for name `tileinteractionproxy`, expected `extrautils2`. This could be a intended override, but in most cases indicates a broken mod.
[13:47:41] [Server thread/INFO] [BigReactors]: Loaded support for thermalexpansion
[13:47:41] [Server thread/INFO] [BigReactors]: Loaded support for mekanism
[13:47:42] [Server thread/WARN] [FML]: Potentially Dangerous alternative prefix `minecraft` for name `furnace`, expected `fastfurnace`. This could be a intended override, but in most cases indicates a broken mod.
[13:47:42] [Server thread/INFO] [foamfix]: Removing LaunchWrapper package manifest map...
[13:47:42] [Server thread/WARN] [FML]: Replacing net.minecraftforge.server.permission.DefaultPermissionHandler with com.feed_the_beast.ftbutilities.ranks.FTBUtilitiesPermissionHandler
[13:47:42] [Server thread/ERROR] [FML]: Error registering event handler: FMLMod:immersivepetroleum{1.1.9} class blusunrize.immersiveengineering.api.MultiblockHandler$MultiblockFormEvent public void flaxbeard.immersivepetroleum.common.items.ItemProjector.handleMultiblockComplete(blusunrize.immersiveengineering.api.MultiblockHandler$MultiblockFormEvent)
java.lang.InstantiationException: null
	at sun.reflect.InstantiationExceptionConstructorAccessorImpl.newInstance(Unknown Source) ~[?:1.8.0_503]
	at java.lang.reflect.Constructor.newInstance(Unknown Source) ~[?:1.8.0_503]
	at net.minecraftforge.fml.common.eventhandler.EventBus.register(EventBus.java:130) [EventBus.class:?]
	at net.minecraftforge.fml.common.eventhandler.EventBus.register(EventBus.java:112) [EventBus.class:?]
	at flaxbeard.immersivepetroleum.common.items.ItemProjector.<init>(ItemProjector.java:73) [ItemProjector.class:?]
	at flaxbeard.immersivepetroleum.common.IPContent.preInit(IPContent.java:146) [IPContent.class:?]
	at flaxbeard.immersivepetroleum.ImmersivePetroleum.preInit(ImmersivePetroleum.java:55) [ImmersivePetroleum.class:?]
	at sun.reflect.NativeMethodAccessorImpl.invoke0(Native Method) ~[?:1.8.0_503]
	at sun.reflect.NativeMethodAccessorImpl.invoke(Unknown Source) ~[?:1.8.0_503]
	at sun.reflect.DelegatingMethodAccessorImpl.invoke(Unknown Source) ~[?:1.8.0_503]
	at java.lang.reflect.Method.invoke(Unknown Source) ~[?:1.8.0_503]
	at net.minecraftforge.fml.common.FMLModContainer.handleModStateEvent(FMLModContainer.java:637) [FMLModContainer.class:?]
	at sun.reflect.GeneratedMethodAccessor10.invoke(Unknown Source) ~[?:?]
	at sun.reflect.DelegatingMethodAccessorImpl.invoke(Unknown Source) ~[?:1.8.0_503]
	at java.lang.reflect.Method.invoke(Unknown Source) ~[?:1.8.0_503]
	at com.google.common.eventbus.Subscriber.invokeSubscriberMethod(Subscriber.java:91) [minecraft_server.1.12.2.jar:?]
	at com.google.common.eventbus.Subscriber$SynchronizedSubscriber.invokeSubscriberMethod(Subscriber.java:150) [minecraft_server.1.12.2.jar:?]
	at com.google.common.eventbus.Subscriber$1.run(Subscriber.java:76) [minecraft_server.1.12.2.jar:?]
	at com.google.common.util.concurrent.MoreExecutors$DirectExecutor.execute(MoreExecutors.java:399) [minecraft_server.1.12.2.jar:?]
	at com.google.common.eventbus.Subscriber.dispatchEvent(Subscriber.java:71) [minecraft_server.1.12.2.jar:?]
	at com.google.common.eventbus.Dispatcher$PerThreadQueuedDispatcher.dispatch(Dispatcher.java:116) [minecraft_server.1.12.2.jar:?]
	at com.google.common.eventbus.EventBus.post(EventBus.java:217) [minecraft_server.1.12.2.jar:?]
	at net.minecraftforge.fml.common.LoadController.sendEventToModContainer(LoadController.java:219) [LoadController.class:?]
	at net.minecraftforge.fml.common.LoadController.propogateStateMessage(LoadController.java:197) [LoadController.class:?]
	at sun.reflect.NativeMethodAccessorImpl.invoke0(Native Method) ~[?:1.8.0_503]
	at sun.reflect.NativeMethodAccessorImpl.invoke(Unknown Source) ~[?:1.8.0_503]
	at sun.reflect.DelegatingMethodAccessorImpl.invoke(Unknown Source) ~[?:1.8.0_503]
	at java.lang.reflect.Method.invoke(Unknown Source) ~[?:1.8.0_503]
	at com.google.common.eventbus.Subscriber.invokeSubscriberMethod(Subscriber.java:91) [minecraft_server.1.12.2.jar:?]
	at com.google.common.eventbus.Subscriber$SynchronizedSubscriber.invokeSubscriberMethod(Subscriber.java:150) [minecraft_server.1.12.2.jar:?]
	at com.google.common.eventbus.Subscriber$1.run(Subscriber.java:76) [minecraft_server.1.12.2.jar:?]
	at com.google.common.util.concurrent.MoreExecutors$DirectExecutor.execute(MoreExecutors.java:399) [minecraft_server.1.12.2.jar:?]
	at com.google.common.eventbus.Subscriber.dispatchEvent(Subscriber.java:71) [minecraft_server.1.12.2.jar:?]
	at com.google.common.eventbus.Dispatcher$PerThreadQueuedDispatcher.dispatch(Dispatcher.java:116) [minecraft_server.1.12.2.jar:?]
	at com.google.common.eventbus.EventBus.post(EventBus.java:217) [minecraft_server.1.12.2.jar:?]
	at net.minecraftforge.fml.common.LoadController.distributeStateMessage(LoadController.java:136) [LoadController.class:?]
	at net.minecraftforge.fml.common.Loader.preinitializeMods(Loader.java:629) [Loader.class:?]
	at net.minecraftforge.fml.server.FMLServerHandler.beginServerLoading(FMLServerHandler.java:99) [FMLServerHandler.class:?]
	at net.minecraftforge.fml.common.FMLCommonHandler.onServerStart(FMLCommonHandler.java:333) [FMLCommonHandler.class:?]
	at net.minecraft.server.dedicated.DedicatedServer.func_71197_b(DedicatedServer.java:125) [nz.class:?]
	at net.minecraft.server.MinecraftServer.run(MinecraftServer.java:486) [MinecraftServer.class:?]
	at java.lang.Thread.run(Unknown Source) [?:1.8.0_503]
[13:47:42] [Server thread/ERROR] [immersiveengineering]: WireType#init was called by Immersive Tech (immersivetech)!
[13:47:42] [Server thread/ERROR] [immersiveengineering]: The method should only be called by Immersive Engineering, calls from other mods will cause many hard-to-debug issues and are therefore forbidden!
[13:47:42] [Server thread/ERROR] [immersiveengineering]: Please report this as a bug to Immersive Tech
[13:47:42] [Server thread/INFO] [incontrol]: Enabling support for Baubles
[13:47:43] [Server thread/INFO] [reborncore]: Pre loaded registries in 18ms
[13:47:43] [Server thread/INFO] [reborncore]: Loaded registrys for reborncore.common.registration.RegistryConstructionEvent in 38ms
[13:47:43] [Server thread/INFO] [reborncore]: Loaded power manager from: ForgePowerManager
[13:47:43] [Server thread/INFO] [reborncore]: Loaded registrys for net.minecraftforge.fml.common.event.FMLPreInitializationEvent in 0ms
[13:47:43] [Server thread/INFO] [nuclearcraft]: Pre Initializing...
[13:47:44] [Server thread/WARN] [FML]: A mod has attempted to assign Block Block{minecraft:air} to the Fluid 'uranium' but this Fluid has already been linked to the Block Block{minecraft:air}. You may have duplicate Fluid Blocks as a result. It *may* be possible to configure your mods to avoid this.
[13:47:44] [Server thread/WARN] [FML]: Potentially Dangerous alternative prefix `tconstruct` for name `enderference`, expected `nuclearcraft`. This could be a intended override, but in most cases indicates a broken mod.
[13:47:44] [Server thread/WARN] [FML]: Potentially Dangerous alternative prefix `tconstruct` for name `insatiable`, expected `nuclearcraft`. This could be a intended override, but in most cases indicates a broken mod.
[13:47:44] [Server thread/WARN] [FML]: Potentially Dangerous alternative prefix `tconstruct` for name `magnetic`, expected `nuclearcraft`. This could be a intended override, but in most cases indicates a broken mod.
[13:47:44] [Server thread/WARN] [FML]: Potentially Dangerous alternative prefix `tconstruct` for name `momentum`, expected `nuclearcraft`. This could be a intended override, but in most cases indicates a broken mod.
[13:47:44] [Server thread/WARN] [FML]: Potentially Dangerous alternative prefix `tconstruct` for name `dot`, expected `nuclearcraft`. This could be a intended override, but in most cases indicates a broken mod.
[13:47:44] [Server thread/WARN] [FML]: Potentially Dangerous alternative prefix `tconstruct` for name `splinter`, expected `nuclearcraft`. This could be a intended override, but in most cases indicates a broken mod.
[13:47:44] [Server thread/INFO] [OpenMods]: openmods.config.game.GameRegistryObjectsProvider.processAnnotations(GameRegistryObjectsProvider.java:208): Object grave (from field public static net.minecraft.block.Block openblocks.OpenBlocks$Blocks.grave) is disabled
[13:47:45] [Server thread/WARN] [FML]: Unable to inject capability landmaster.plustic.api.Toggle$IToggleArmor at landmaster.plustic.traits.armor.Invariant.TOGGLE_ARMOR
java.lang.ClassNotFoundException: landmaster.plustic.traits.armor.Invariant
	at net.minecraft.launchwrapper.LaunchClassLoader.findClass(LaunchClassLoader.java:191) ~[launchwrapper-1.12.jar:?]
	at java.lang.ClassLoader.loadClass(Unknown Source) ~[?:1.8.0_503]
	at java.lang.ClassLoader.loadClass(Unknown Source) ~[?:1.8.0_503]
	at java.lang.Class.forName0(Native Method) ~[?:1.8.0_503]
	at java.lang.Class.forName(Unknown Source) ~[?:1.8.0_503]
	at net.minecraftforge.common.capabilities.CapabilityManager$2.apply(CapabilityManager.java:162) ~[CapabilityManager$2.class:?]
	at net.minecraftforge.common.capabilities.CapabilityManager$2.apply(CapabilityManager.java:156) ~[CapabilityManager$2.class:?]
	at net.minecraftforge.common.capabilities.CapabilityManager.register(CapabilityManager.java:95) ~[CapabilityManager.class:?]
	at landmaster.plustic.api.Toggle.<clinit>(Toggle.java:51) ~[Toggle.class:?]
	at landmaster.plustic.traits.Global.<init>(Global.java:38) ~[Global.class:?]
	at landmaster.plustic.traits.Global.<clinit>(Global.java:31) ~[Global.class:?]
	at landmaster.plustic.modules.ModuleBase.init(ModuleBase.java:67) ~[ModuleBase.class:?]
	at java.lang.Iterable.forEach(Unknown Source) [?:1.8.0_503]
	at landmaster.plustic.PlusTiC.preInit(PlusTiC.java:141) [PlusTiC.class:?]
	at sun.reflect.NativeMethodAccessorImpl.invoke0(Native Method) ~[?:1.8.0_503]
	at sun.reflect.NativeMethodAccessorImpl.invoke(Unknown Source) ~[?:1.8.0_503]
	at sun.reflect.DelegatingMethodAccessorImpl.invoke(Unknown Source) ~[?:1.8.0_503]
	at java.lang.reflect.Method.invoke(Unknown Source) ~[?:1.8.0_503]
	at net.minecraftforge.fml.common.FMLModContainer.handleModStateEvent(FMLModContainer.java:637) [FMLModContainer.class:?]
	at sun.reflect.GeneratedMethodAccessor10.invoke(Unknown Source) ~[?:?]
	at sun.reflect.DelegatingMethodAccessorImpl.invoke(Unknown Source) ~[?:1.8.0_503]
	at java.lang.reflect.Method.invoke(Unknown Source) ~[?:1.8.0_503]
	at com.google.common.eventbus.Subscriber.invokeSubscriberMethod(Subscriber.java:91) [minecraft_server.1.12.2.jar:?]
	at com.google.common.eventbus.Subscriber$SynchronizedSubscriber.invokeSubscriberMethod(Subscriber.java:150) [minecraft_server.1.12.2.jar:?]
	at com.google.common.eventbus.Subscriber$1.run(Subscriber.java:76) [minecraft_server.1.12.2.jar:?]
	at com.google.common.util.concurrent.MoreExecutors$DirectExecutor.execute(MoreExecutors.java:399) [minecraft_server.1.12.2.jar:?]
	at com.google.common.eventbus.Subscriber.dispatchEvent(Subscriber.java:71) [minecraft_server.1.12.2.jar:?]
	at com.google.common.eventbus.Dispatcher$PerThreadQueuedDispatcher.dispatch(Dispatcher.java:116) [minecraft_server.1.12.2.jar:?]
	at com.google.common.eventbus.EventBus.post(EventBus.java:217) [minecraft_server.1.12.2.jar:?]
	at net.minecraftforge.fml.common.LoadController.sendEventToModContainer(LoadController.java:219) [LoadController.class:?]
	at net.minecraftforge.fml.common.LoadController.propogateStateMessage(LoadController.java:197) [LoadController.class:?]
	at sun.reflect.NativeMethodAccessorImpl.invoke0(Native Method) ~[?:1.8.0_503]
	at sun.reflect.NativeMethodAccessorImpl.invoke(Unknown Source) ~[?:1.8.0_503]
	at sun.reflect.DelegatingMethodAccessorImpl.invoke(Unknown Source) ~[?:1.8.0_503]
	at java.lang.reflect.Method.invoke(Unknown Source) ~[?:1.8.0_503]
	at com.google.common.eventbus.Subscriber.invokeSubscriberMethod(Subscriber.java:91) [minecraft_server.1.12.2.jar:?]
	at com.google.common.eventbus.Subscriber$SynchronizedSubscriber.invokeSubscriberMethod(Subscriber.java:150) [minecraft_server.1.12.2.jar:?]
	at com.google.common.eventbus.Subscriber$1.run(Subscriber.java:76) [minecraft_server.1.12.2.jar:?]
	at com.google.common.util.concurrent.MoreExecutors$DirectExecutor.execute(MoreExecutors.java:399) [minecraft_server.1.12.2.jar:?]
	at com.google.common.eventbus.Subscriber.dispatchEvent(Subscriber.java:71) [minecraft_server.1.12.2.jar:?]
	at com.google.common.eventbus.Dispatcher$PerThreadQueuedDispatcher.dispatch(Dispatcher.java:116) [minecraft_server.1.12.2.jar:?]
	at com.google.common.eventbus.EventBus.post(EventBus.java:217) [minecraft_server.1.12.2.jar:?]
	at net.minecraftforge.fml.common.LoadController.distributeStateMessage(LoadController.java:136) [LoadController.class:?]
	at net.minecraftforge.fml.common.Loader.preinitializeMods(Loader.java:629) [Loader.class:?]
	at net.minecraftforge.fml.server.FMLServerHandler.beginServerLoading(FMLServerHandler.java:99) [FMLServerHandler.class:?]
	at net.minecraftforge.fml.common.FMLCommonHandler.onServerStart(FMLCommonHandler.java:333) [FMLCommonHandler.class:?]
	at net.minecraft.server.dedicated.DedicatedServer.func_71197_b(DedicatedServer.java:125) [nz.class:?]
	at net.minecraft.server.MinecraftServer.run(MinecraftServer.java:486) [MinecraftServer.class:?]
	at java.lang.Thread.run(Unknown Source) [?:1.8.0_503]
Caused by: java.lang.NoClassDefFoundError: c4/conarm/lib/traits/AbstractArmorTrait
	at java.lang.ClassLoader.defineClass1(Native Method) ~[?:1.8.0_503]
	at java.lang.ClassLoader.defineClass(Unknown Source) ~[?:1.8.0_503]
	at java.security.SecureClassLoader.defineClass(Unknown Source) ~[?:1.8.0_503]
	at net.minecraft.launchwrapper.LaunchClassLoader.findClass(LaunchClassLoader.java:182) ~[launchwrapper-1.12.jar:?]
	... 48 more
Caused by: java.lang.ClassNotFoundException: c4.conarm.lib.traits.AbstractArmorTrait
	at net.minecraft.launchwrapper.LaunchClassLoader.findClass(LaunchClassLoader.java:101) ~[launchwrapper-1.12.jar:?]
	at java.lang.ClassLoader.loadClass(Unknown Source) ~[?:1.8.0_503]
	at java.lang.ClassLoader.loadClass(Unknown Source) ~[?:1.8.0_503]
	at java.lang.ClassLoader.defineClass1(Native Method) ~[?:1.8.0_503]
	at java.lang.ClassLoader.defineClass(Unknown Source) ~[?:1.8.0_503]
	at java.security.SecureClassLoader.defineClass(Unknown Source) ~[?:1.8.0_503]
	at net.minecraft.launchwrapper.LaunchClassLoader.findClass(LaunchClassLoader.java:182) ~[launchwrapper-1.12.jar:?]
	... 48 more
[13:47:45] [Server thread/WARN] [FML]: Unable to inject capability landmaster.plustic.api.Toggle$IToggleArmor at landmaster.plustic.api.Toggle$Gui.TOGGLE_ARMOR
java.lang.ClassNotFoundException: landmaster.plustic.api.Toggle$Gui
	at net.minecraft.launchwrapper.LaunchClassLoader.findClass(LaunchClassLoader.java:191) ~[launchwrapper-1.12.jar:?]
	at java.lang.ClassLoader.loadClass(Unknown Source) ~[?:1.8.0_503]
	at java.lang.ClassLoader.loadClass(Unknown Source) ~[?:1.8.0_503]
	at java.lang.Class.forName0(Native Method) ~[?:1.8.0_503]
	at java.lang.Class.forName(Unknown Source) ~[?:1.8.0_503]
	at net.minecraftforge.common.capabilities.CapabilityManager$2.apply(CapabilityManager.java:162) ~[CapabilityManager$2.class:?]
	at net.minecraftforge.common.capabilities.CapabilityManager$2.apply(CapabilityManager.java:156) ~[CapabilityManager$2.class:?]
	at net.minecraftforge.common.capabilities.CapabilityManager.register(CapabilityManager.java:95) ~[CapabilityManager.class:?]
	at landmaster.plustic.api.Toggle.<clinit>(Toggle.java:51) ~[Toggle.class:?]
	at landmaster.plustic.traits.Global.<init>(Global.java:38) ~[Global.class:?]
	at landmaster.plustic.traits.Global.<clinit>(Global.java:31) ~[Global.class:?]
	at landmaster.plustic.modules.ModuleBase.init(ModuleBase.java:67) ~[ModuleBase.class:?]
	at java.lang.Iterable.forEach(Unknown Source) [?:1.8.0_503]
	at landmaster.plustic.PlusTiC.preInit(PlusTiC.java:141) [PlusTiC.class:?]
	at sun.reflect.NativeMethodAccessorImpl.invoke0(Native Method) ~[?:1.8.0_503]
	at sun.reflect.NativeMethodAccessorImpl.invoke(Unknown Source) ~[?:1.8.0_503]
	at sun.reflect.DelegatingMethodAccessorImpl.invoke(Unknown Source) ~[?:1.8.0_503]
	at java.lang.reflect.Method.invoke(Unknown Source) ~[?:1.8.0_503]
	at net.minecraftforge.fml.common.FMLModContainer.handleModStateEvent(FMLModContainer.java:637) [FMLModContainer.class:?]
	at sun.reflect.GeneratedMethodAccessor10.invoke(Unknown Source) ~[?:?]
	at sun.reflect.DelegatingMethodAccessorImpl.invoke(Unknown Source) ~[?:1.8.0_503]
	at java.lang.reflect.Method.invoke(Unknown Source) ~[?:1.8.0_503]
	at com.google.common.eventbus.Subscriber.invokeSubscriberMethod(Subscriber.java:91) [minecraft_server.1.12.2.jar:?]
	at com.google.common.eventbus.Subscriber$SynchronizedSubscriber.invokeSubscriberMethod(Subscriber.java:150) [minecraft_server.1.12.2.jar:?]
	at com.google.common.eventbus.Subscriber$1.run(Subscriber.java:76) [minecraft_server.1.12.2.jar:?]
	at com.google.common.util.concurrent.MoreExecutors$DirectExecutor.execute(MoreExecutors.java:399) [minecraft_server.1.12.2.jar:?]
	at com.google.common.eventbus.Subscriber.dispatchEvent(Subscriber.java:71) [minecraft_server.1.12.2.jar:?]
	at com.google.common.eventbus.Dispatcher$PerThreadQueuedDispatcher.dispatch(Dispatcher.java:116) [minecraft_server.1.12.2.jar:?]
	at com.google.common.eventbus.EventBus.post(EventBus.java:217) [minecraft_server.1.12.2.jar:?]
	at net.minecraftforge.fml.common.LoadController.sendEventToModContainer(LoadController.java:219) [LoadController.class:?]
	at net.minecraftforge.fml.common.LoadController.propogateStateMessage(LoadController.java:197) [LoadController.class:?]
	at sun.reflect.NativeMethodAccessorImpl.invoke0(Native Method) ~[?:1.8.0_503]
	at sun.reflect.NativeMethodAccessorImpl.invoke(Unknown Source) ~[?:1.8.0_503]
	at sun.reflect.DelegatingMethodAccessorImpl.invoke(Unknown Source) ~[?:1.8.0_503]
	at java.lang.reflect.Method.invoke(Unknown Source) ~[?:1.8.0_503]
	at com.google.common.eventbus.Subscriber.invokeSubscriberMethod(Subscriber.java:91) [minecraft_server.1.12.2.jar:?]
	at com.google.common.eventbus.Subscriber$SynchronizedSubscriber.invokeSubscriberMethod(Subscriber.java:150) [minecraft_server.1.12.2.jar:?]
	at com.google.common.eventbus.Subscriber$1.run(Subscriber.java:76) [minecraft_server.1.12.2.jar:?]
	at com.google.common.util.concurrent.MoreExecutors$DirectExecutor.execute(MoreExecutors.java:399) [minecraft_server.1.12.2.jar:?]
	at com.google.common.eventbus.Subscriber.dispatchEvent(Subscriber.java:71) [minecraft_server.1.12.2.jar:?]
	at com.google.common.eventbus.Dispatcher$PerThreadQueuedDispatcher.dispatch(Dispatcher.java:116) [minecraft_server.1.12.2.jar:?]
	at com.google.common.eventbus.EventBus.post(EventBus.java:217) [minecraft_server.1.12.2.jar:?]
	at net.minecraftforge.fml.common.LoadController.distributeStateMessage(LoadController.java:136) [LoadController.class:?]
	at net.minecraftforge.fml.common.Loader.preinitializeMods(Loader.java:629) [Loader.class:?]
	at net.minecraftforge.fml.server.FMLServerHandler.beginServerLoading(FMLServerHandler.java:99) [FMLServerHandler.class:?]
	at net.minecraftforge.fml.common.FMLCommonHandler.onServerStart(FMLCommonHandler.java:333) [FMLCommonHandler.class:?]
	at net.minecraft.server.dedicated.DedicatedServer.func_71197_b(DedicatedServer.java:125) [nz.class:?]
	at net.minecraft.server.MinecraftServer.run(MinecraftServer.java:486) [MinecraftServer.class:?]
	at java.lang.Thread.run(Unknown Source) [?:1.8.0_503]
Caused by: java.lang.NoClassDefFoundError: net/minecraft/client/gui/GuiScreen
	at java.lang.ClassLoader.defineClass1(Native Method) ~[?:1.8.0_503]
	at java.lang.ClassLoader.defineClass(Unknown Source) ~[?:1.8.0_503]
	at java.security.SecureClassLoader.defineClass(Unknown Source) ~[?:1.8.0_503]
	at net.minecraft.launchwrapper.LaunchClassLoader.findClass(LaunchClassLoader.java:182) ~[launchwrapper-1.12.jar:?]
	... 48 more
Caused by: java.lang.ClassNotFoundException: net.minecraft.client.gui.GuiScreen
	at net.minecraft.launchwrapper.LaunchClassLoader.findClass(LaunchClassLoader.java:101) ~[launchwrapper-1.12.jar:?]
	at java.lang.ClassLoader.loadClass(Unknown Source) ~[?:1.8.0_503]
	at java.lang.ClassLoader.loadClass(Unknown Source) ~[?:1.8.0_503]
	at java.lang.ClassLoader.defineClass1(Native Method) ~[?:1.8.0_503]
	at java.lang.ClassLoader.defineClass(Unknown Source) ~[?:1.8.0_503]
	at java.security.SecureClassLoader.defineClass(Unknown Source) ~[?:1.8.0_503]
	at net.minecraft.launchwrapper.LaunchClassLoader.findClass(LaunchClassLoader.java:182) ~[launchwrapper-1.12.jar:?]
	... 48 more
[13:47:45] [Server thread/WARN] [FML]: Unable to inject capability landmaster.plustic.traits.MusicOfTheSpheres$IMOTSItemHandler at landmaster.plustic.proxy.ClientProxy.MOTS_ITEM_CAP
java.lang.ClassNotFoundException: landmaster.plustic.proxy.ClientProxy
	at net.minecraft.launchwrapper.LaunchClassLoader.findClass(LaunchClassLoader.java:191) ~[launchwrapper-1.12.jar:?]
	at java.lang.ClassLoader.loadClass(Unknown Source) ~[?:1.8.0_503]
	at java.lang.ClassLoader.loadClass(Unknown Source) ~[?:1.8.0_503]
	at java.lang.Class.forName0(Native Method) ~[?:1.8.0_503]
	at java.lang.Class.forName(Unknown Source) ~[?:1.8.0_503]
	at net.minecraftforge.common.capabilities.CapabilityManager$2.apply(CapabilityManager.java:162) ~[CapabilityManager$2.class:?]
	at net.minecraftforge.common.capabilities.CapabilityManager$2.apply(CapabilityManager.java:156) ~[CapabilityManager$2.class:?]
	at net.minecraftforge.common.capabilities.CapabilityManager.register(CapabilityManager.java:95) ~[CapabilityManager.class:?]
	at landmaster.plustic.traits.MusicOfTheSpheres.<clinit>(MusicOfTheSpheres.java:43) ~[MusicOfTheSpheres.class:?]
	at landmaster.plustic.modules.ModuleEnvironTech.init(ModuleEnvironTech.java:98) ~[ModuleEnvironTech.class:?]
	at java.lang.Iterable.forEach(Unknown Source) [?:1.8.0_503]
	at landmaster.plustic.PlusTiC.preInit(PlusTiC.java:141) [PlusTiC.class:?]
	at sun.reflect.NativeMethodAccessorImpl.invoke0(Native Method) ~[?:1.8.0_503]
	at sun.reflect.NativeMethodAccessorImpl.invoke(Unknown Source) ~[?:1.8.0_503]
	at sun.reflect.DelegatingMethodAccessorImpl.invoke(Unknown Source) ~[?:1.8.0_503]
	at java.lang.reflect.Method.invoke(Unknown Source) ~[?:1.8.0_503]
	at net.minecraftforge.fml.common.FMLModContainer.handleModStateEvent(FMLModContainer.java:637) [FMLModContainer.class:?]
	at sun.reflect.GeneratedMethodAccessor10.invoke(Unknown Source) ~[?:?]
	at sun.reflect.DelegatingMethodAccessorImpl.invoke(Unknown Source) ~[?:1.8.0_503]
	at java.lang.reflect.Method.invoke(Unknown Source) ~[?:1.8.0_503]
	at com.google.common.eventbus.Subscriber.invokeSubscriberMethod(Subscriber.java:91) [minecraft_server.1.12.2.jar:?]
	at com.google.common.eventbus.Subscriber$SynchronizedSubscriber.invokeSubscriberMethod(Subscriber.java:150) [minecraft_server.1.12.2.jar:?]
	at com.google.common.eventbus.Subscriber$1.run(Subscriber.java:76) [minecraft_server.1.12.2.jar:?]
	at com.google.common.util.concurrent.MoreExecutors$DirectExecutor.execute(MoreExecutors.java:399) [minecraft_server.1.12.2.jar:?]
	at com.google.common.eventbus.Subscriber.dispatchEvent(Subscriber.java:71) [minecraft_server.1.12.2.jar:?]
	at com.google.common.eventbus.Dispatcher$PerThreadQueuedDispatcher.dispatch(Dispatcher.java:116) [minecraft_server.1.12.2.jar:?]
	at com.google.common.eventbus.EventBus.post(EventBus.java:217) [minecraft_server.1.12.2.jar:?]
	at net.minecraftforge.fml.common.LoadController.sendEventToModContainer(LoadController.java:219) [LoadController.class:?]
	at net.minecraftforge.fml.common.LoadController.propogateStateMessage(LoadController.java:197) [LoadController.class:?]
	at sun.reflect.NativeMethodAccessorImpl.invoke0(Native Method) ~[?:1.8.0_503]
	at sun.reflect.NativeMethodAccessorImpl.invoke(Unknown Source) ~[?:1.8.0_503]
	at sun.reflect.DelegatingMethodAccessorImpl.invoke(Unknown Source) ~[?:1.8.0_503]
	at java.lang.reflect.Method.invoke(Unknown Source) ~[?:1.8.0_503]
	at com.google.common.eventbus.Subscriber.invokeSubscriberMethod(Subscriber.java:91) [minecraft_server.1.12.2.jar:?]
	at com.google.common.eventbus.Subscriber$SynchronizedSubscriber.invokeSubscriberMethod(Subscriber.java:150) [minecraft_server.1.12.2.jar:?]
	at com.google.common.eventbus.Subscriber$1.run(Subscriber.java:76) [minecraft_server.1.12.2.jar:?]
	at com.google.common.util.concurrent.MoreExecutors$DirectExecutor.execute(MoreExecutors.java:399) [minecraft_server.1.12.2.jar:?]
	at com.google.common.eventbus.Subscriber.dispatchEvent(Subscriber.java:71) [minecraft_server.1.12.2.jar:?]
	at com.google.common.eventbus.Dispatcher$PerThreadQueuedDispatcher.dispatch(Dispatcher.java:116) [minecraft_server.1.12.2.jar:?]
	at com.google.common.eventbus.EventBus.post(EventBus.java:217) [minecraft_server.1.12.2.jar:?]
	at net.minecraftforge.fml.common.LoadController.distributeStateMessage(LoadController.java:136) [LoadController.class:?]
	at net.minecraftforge.fml.common.Loader.preinitializeMods(Loader.java:629) [Loader.class:?]
	at net.minecraftforge.fml.server.FMLServerHandler.beginServerLoading(FMLServerHandler.java:99) [FMLServerHandler.class:?]
	at net.minecraftforge.fml.common.FMLCommonHandler.onServerStart(FMLCommonHandler.java:333) [FMLCommonHandler.class:?]
	at net.minecraft.server.dedicated.DedicatedServer.func_71197_b(DedicatedServer.java:125) [nz.class:?]
	at net.minecraft.server.MinecraftServer.run(MinecraftServer.java:486) [MinecraftServer.class:?]
	at java.lang.Thread.run(Unknown Source) [?:1.8.0_503]
Caused by: net.minecraftforge.fml.common.asm.ASMTransformerWrapper$TransformerException: Exception in class transformer net.minecraftforge.fml.common.asm.transformers.SideTransformer@2eeb0f9b from coremod FMLCorePlugin
	at net.minecraftforge.fml.common.asm.ASMTransformerWrapper$TransformerWrapper.transform(ASMTransformerWrapper.java:260) ~[forge-1.12.2-14.23.5.2860.jar:?]
	at net.minecraft.launchwrapper.LaunchClassLoader.runTransformers(LaunchClassLoader.java:279) ~[launchwrapper-1.12.jar:?]
	at net.minecraft.launchwrapper.LaunchClassLoader.findClass(LaunchClassLoader.java:176) ~[launchwrapper-1.12.jar:?]
	... 46 more
Caused by: java.lang.RuntimeException: Attempted to load class landmaster/plustic/proxy/ClientProxy for invalid side SERVER
	at net.minecraftforge.fml.common.asm.transformers.SideTransformer.transform(SideTransformer.java:62) ~[forge-1.12.2-14.23.5.2860.jar:?]
	at net.minecraftforge.fml.common.asm.ASMTransformerWrapper$TransformerWrapper.transform(ASMTransformerWrapper.java:256) ~[forge-1.12.2-14.23.5.2860.jar:?]
	at net.minecraft.launchwrapper.LaunchClassLoader.runTransformers(LaunchClassLoader.java:279) ~[launchwrapper-1.12.jar:?]
	at net.minecraft.launchwrapper.LaunchClassLoader.findClass(LaunchClassLoader.java:176) ~[launchwrapper-1.12.jar:?]
	... 46 more
[13:47:45] [Server thread/INFO] [questbook]: Loading config file.
[13:47:46] [Server thread/INFO] [mcjtylib_ng]: RFTools Detected Dimensions addon: enabling support
[13:47:46] [Server thread/INFO] [mcjtylib_ng]: RFTools Detected XNet: enabling support
[13:47:46] [Server thread/INFO] [mcjtylib_ng]: Could not read 'userbuilder.json', this is not an error!
[13:47:46] [Server thread/INFO] [mcjtylib_ng]: Reading dimlets.json from config
[13:47:46] [Server thread/INFO] [mcjtylib_ng]: Reading default dimlets.json
[13:47:47] [Server thread/INFO] [mcjtylib_ng]: Registering rftools dimension type at id 5
[13:47:47] [Server thread/INFO] [EnderCore ASM]: Transforming Class [net.minecraft.world.chunk.storage.ExtendedBlockStorage], Method [func_76663_a]
[13:47:47] [Server thread/INFO] [EnderCore ASM]: Transforming net.minecraft.world.chunk.storage.ExtendedBlockStorage Finished.
[13:47:47] [Server thread/INFO] [tombmanygraves]: [TombManyGraves]: Successfully loaded the friend list.
[13:47:47] [Server thread/INFO] [unloader]: Unloader loaded!... Wait... What?
[13:47:48] [Server thread/WARN] [FML]: Potentially Dangerous alternative prefix `minecraft` for name `vulpesoutputhatch`, expected `libvulpes`. This could be a intended override, but in most cases indicates a broken mod.
[13:47:48] [Server thread/WARN] [FML]: Potentially Dangerous alternative prefix `minecraft` for name `vulpesinputhatch`, expected `libvulpes`. This could be a intended override, but in most cases indicates a broken mod.
[13:47:48] [Server thread/WARN] [FML]: Potentially Dangerous alternative prefix `minecraft` for name `vulpesplaceholder`, expected `libvulpes`. This could be a intended override, but in most cases indicates a broken mod.
[13:47:48] [Server thread/WARN] [FML]: Potentially Dangerous alternative prefix `minecraft` for name `vulpesfluidhatch`, expected `libvulpes`. This could be a intended override, but in most cases indicates a broken mod.
[13:47:48] [Server thread/WARN] [FML]: Potentially Dangerous alternative prefix `minecraft` for name `vulpestileschematic`, expected `libvulpes`. This could be a intended override, but in most cases indicates a broken mod.
[13:47:48] [Server thread/WARN] [FML]: Potentially Dangerous alternative prefix `minecraft` for name `vulpescreativebattery`, expected `libvulpes`. This could be a intended override, but in most cases indicates a broken mod.
[13:47:48] [Server thread/WARN] [FML]: Potentially Dangerous alternative prefix `minecraft` for name `vulpesforgepowerinput`, expected `libvulpes`. This could be a intended override, but in most cases indicates a broken mod.
[13:47:48] [Server thread/WARN] [FML]: Potentially Dangerous alternative prefix `minecraft` for name `vulpesforgepoweroutput`, expected `libvulpes`. This could be a intended override, but in most cases indicates a broken mod.
[13:47:48] [Server thread/WARN] [FML]: Potentially Dangerous alternative prefix `minecraft` for name `vulpescoalgenerator`, expected `libvulpes`. This could be a intended override, but in most cases indicates a broken mod.
[13:47:48] [Server thread/WARN] [FML]: Potentially Dangerous alternative prefix `minecraft` for name `vulpestilepointer`, expected `libvulpes`. This could be a intended override, but in most cases indicates a broken mod.
[13:47:48] [Server thread/WARN] [FML]: Potentially Dangerous alternative prefix `minecraft` for name `vulpestileinvpointer`, expected `libvulpes`. This could be a intended override, but in most cases indicates a broken mod.
[13:47:48] [Server thread/WARN] [FML]: Potentially Dangerous alternative prefix `minecraft` for name `aric2plug`, expected `libvulpes`. This could be a intended override, but in most cases indicates a broken mod.
[13:47:48] [Server thread/WARN] [FML]: A mod has attempted to assign Block Block{minecraft:air} to the Fluid 'oxygen' but this Fluid has already been linked to the Block Block{nuclearcraft:fluid_oxygen}. You may have duplicate Fluid Blocks as a result. It *may* be possible to configure your mods to avoid this.
[13:47:48] [Server thread/WARN] [FML]: A mod has attempted to assign Block Block{minecraft:air} to the Fluid 'hydrogen' but this Fluid has already been linked to the Block Block{nuclearcraft:fluid_hydrogen}. You may have duplicate Fluid Blocks as a result. It *may* be possible to configure your mods to avoid this.
[13:47:48] [Server thread/WARN] [FML]: A mod has attempted to assign Block Block{minecraft:air} to the Fluid 'nitrogen' but this Fluid has already been linked to the Block Block{nuclearcraft:fluid_nitrogen}. You may have duplicate Fluid Blocks as a result. It *may* be possible to configure your mods to avoid this.
[13:47:48] [Server thread/INFO] [Chisel]: Loading blocks...
[13:47:48] [Server thread/INFO] [Chisel]: 75 Feature's blocks loaded.
[13:47:48] [Server thread/INFO] [Chisel]: Loading Tile Entities...
[13:47:48] [Server thread/INFO] [Chisel]: Tile Entities loaded.
[13:47:48] [Server thread/INFO] [STDOUT]: [pl.asie.foamfix.coremod.patches.GhostBusterDefinitionPatch:apply:136]: Added ghost buster patch (radius = 1) in net/minecraftforge/fluids/BlockFluidFinite func_180650_b
[13:47:49] [Server thread/WARN] [FML]: Potentially Dangerous alternative prefix `minecraft` for name `tconstruct.table`, expected `tconstruct`. This could be a intended override, but in most cases indicates a broken mod.
[13:47:49] [Server thread/WARN] [FML]: Potentially Dangerous alternative prefix `minecraft` for name `tconstruct.craftingstation`, expected `tconstruct`. This could be a intended override, but in most cases indicates a broken mod.
[13:47:49] [Server thread/WARN] [FML]: Potentially Dangerous alternative prefix `minecraft` for name `tconstruct.stenciltable`, expected `tconstruct`. This could be a intended override, but in most cases indicates a broken mod.
[13:47:49] [Server thread/WARN] [FML]: Potentially Dangerous alternative prefix `minecraft` for name `tconstruct.partbuilder`, expected `tconstruct`. This could be a intended override, but in most cases indicates a broken mod.
[13:47:49] [Server thread/WARN] [FML]: Potentially Dangerous alternative prefix `minecraft` for name `tconstruct.patternchest`, expected `tconstruct`. This could be a intended override, but in most cases indicates a broken mod.
[13:47:49] [Server thread/WARN] [FML]: Potentially Dangerous alternative prefix `minecraft` for name `tconstruct.partchest`, expected `tconstruct`. This could be a intended override, but in most cases indicates a broken mod.
[13:47:49] [Server thread/WARN] [FML]: Potentially Dangerous alternative prefix `minecraft` for name `tconstruct.toolstation`, expected `tconstruct`. This could be a intended override, but in most cases indicates a broken mod.
[13:47:49] [Server thread/WARN] [FML]: Potentially Dangerous alternative prefix `minecraft` for name `tconstruct.toolforge`, expected `tconstruct`. This could be a intended override, but in most cases indicates a broken mod.
[13:47:49] [Server thread/WARN] [FML]: Potentially Dangerous alternative prefix `minecraft` for name `tconstruct.smeltery_controller`, expected `tconstruct`. This could be a intended override, but in most cases indicates a broken mod.
[13:47:49] [Server thread/WARN] [FML]: Potentially Dangerous alternative prefix `minecraft` for name `tconstruct.smeltery_component`, expected `tconstruct`. This could be a intended override, but in most cases indicates a broken mod.
[13:47:49] [Server thread/WARN] [FML]: Potentially Dangerous alternative prefix `minecraft` for name `tconstruct.tank`, expected `tconstruct`. This could be a intended override, but in most cases indicates a broken mod.
[13:47:49] [Server thread/WARN] [FML]: Potentially Dangerous alternative prefix `minecraft` for name `tconstruct.faucet`, expected `tconstruct`. This could be a intended override, but in most cases indicates a broken mod.
[13:47:49] [Server thread/WARN] [FML]: Potentially Dangerous alternative prefix `minecraft` for name `tconstruct.channel`, expected `tconstruct`. This could be a intended override, but in most cases indicates a broken mod.
[13:47:49] [Server thread/WARN] [FML]: Potentially Dangerous alternative prefix `minecraft` for name `tconstruct.casting_table`, expected `tconstruct`. This could be a intended override, but in most cases indicates a broken mod.
[13:47:49] [Server thread/WARN] [FML]: Potentially Dangerous alternative prefix `minecraft` for name `tconstruct.casting_basin`, expected `tconstruct`. This could be a intended override, but in most cases indicates a broken mod.
[13:47:49] [Server thread/WARN] [FML]: Potentially Dangerous alternative prefix `minecraft` for name `tconstruct.smeltery_drain`, expected `tconstruct`. This could be a intended override, but in most cases indicates a broken mod.
[13:47:49] [Server thread/WARN] [FML]: Potentially Dangerous alternative prefix `minecraft` for name `tconstruct.seared_furnace`, expected `tconstruct`. This could be a intended override, but in most cases indicates a broken mod.
[13:47:49] [Server thread/WARN] [FML]: Potentially Dangerous alternative prefix `minecraft` for name `tconstruct.tinker_tank`, expected `tconstruct`. This could be a intended override, but in most cases indicates a broken mod.
[13:47:49] [Server thread/WARN] [FML]: Potentially Dangerous alternative prefix `minecraft` for name `tconstruct.item_rack`, expected `tconstruct`. This could be a intended override, but in most cases indicates a broken mod.
[13:47:49] [Server thread/WARN] [FML]: Potentially Dangerous alternative prefix `minecraft` for name `tconstruct.drying_rack`, expected `tconstruct`. This could be a intended override, but in most cases indicates a broken mod.
[13:47:49] [Server thread/WARN] [FML]: Potentially Dangerous alternative prefix `minecraft` for name `tconstruct.wooden_hopper`, expected `tconstruct`. This could be a intended override, but in most cases indicates a broken mod.
[13:47:49] [Server thread/WARN] [FML]: Potentially Dangerous alternative prefix `minecraft` for name `tconstruct.slime_channel`, expected `tconstruct`. This could be a intended override, but in most cases indicates a broken mod.
[13:47:49] [Server thread/WARN] [FML]: Potentially Dangerous alternative prefix `minecraft` for name `portal`, expected `mekanism`. This could be a intended override, but in most cases indicates a broken mod.
[13:47:49] [Server thread/INFO] [STDOUT]: [com.valkyrieofnight.vliblegacy.lib.registry.VLGameRegistry$BlockItemHandler:registerBlocks:32]: TESTREGISTERINGBLOCKS
[13:47:49] [Server thread/WARN] [FML]: Potentially Dangerous alternative prefix `minecraft` for name `ironchest.iron`, expected `ironchest`. This could be a intended override, but in most cases indicates a broken mod.
[13:47:49] [Server thread/WARN] [FML]: Potentially Dangerous alternative prefix `minecraft` for name `ironchest.gold`, expected `ironchest`. This could be a intended override, but in most cases indicates a broken mod.
[13:47:49] [Server thread/WARN] [FML]: Potentially Dangerous alternative prefix `minecraft` for name `ironchest.diamond`, expected `ironchest`. This could be a intended override, but in most cases indicates a broken mod.
[13:47:49] [Server thread/WARN] [FML]: Potentially Dangerous alternative prefix `minecraft` for name `ironchest.copper`, expected `ironchest`. This could be a intended override, but in most cases indicates a broken mod.
[13:47:49] [Server thread/WARN] [FML]: Potentially Dangerous alternative prefix `minecraft` for name `ironchest.silver`, expected `ironchest`. This could be a intended override, but in most cases indicates a broken mod.
[13:47:49] [Server thread/WARN] [FML]: Potentially Dangerous alternative prefix `minecraft` for name `ironchest.crystal`, expected `ironchest`. This could be a intended override, but in most cases indicates a broken mod.
[13:47:49] [Server thread/WARN] [FML]: Potentially Dangerous alternative prefix `minecraft` for name `ironchest.obsidian`, expected `ironchest`. This could be a intended override, but in most cases indicates a broken mod.
[13:47:49] [Server thread/WARN] [FML]: Potentially Dangerous alternative prefix `minecraft` for name `ironchest.dirtchest9000`, expected `ironchest`. This could be a intended override, but in most cases indicates a broken mod.
[13:47:49] [Server thread/WARN] [FML]: Potentially Dangerous alternative prefix `minecraft` for name `ironshulkerbox.iron`, expected `ironchest`. This could be a intended override, but in most cases indicates a broken mod.
[13:47:49] [Server thread/WARN] [FML]: Potentially Dangerous alternative prefix `minecraft` for name `ironshulkerbox.gold`, expected `ironchest`. This could be a intended override, but in most cases indicates a broken mod.
[13:47:49] [Server thread/WARN] [FML]: Potentially Dangerous alternative prefix `minecraft` for name `ironshulkerbox.diamond`, expected `ironchest`. This could be a intended override, but in most cases indicates a broken mod.
[13:47:49] [Server thread/WARN] [FML]: Potentially Dangerous alternative prefix `minecraft` for name `ironshulkerbox.copper`, expected `ironchest`. This could be a intended override, but in most cases indicates a broken mod.
[13:47:49] [Server thread/WARN] [FML]: Potentially Dangerous alternative prefix `minecraft` for name `ironshulkerbox.silver`, expected `ironchest`. This could be a intended override, but in most cases indicates a broken mod.
[13:47:49] [Server thread/WARN] [FML]: Potentially Dangerous alternative prefix `minecraft` for name `ironshulkerbox.crystal`, expected `ironchest`. This could be a intended override, but in most cases indicates a broken mod.
[13:47:49] [Server thread/WARN] [FML]: Potentially Dangerous alternative prefix `minecraft` for name `ironshulkerbox.obsidian`, expected `ironchest`. This could be a intended override, but in most cases indicates a broken mod.
[13:47:50] [Server thread/INFO] [Actually Additions]: Initializing Blocks...
[13:47:50] [Server thread/INFO] [Aroma1997Core]: Successfully registered 3 Blocks for class net.minecraft.block.Block from aroma1997sdimension.
[13:47:50] [Server thread/WARN] [FML]: Potentially Dangerous alternative prefix `minecraft` for name `furnace`, expected `fastfurnace`. This could be a intended override, but in most cases indicates a broken mod.
[13:47:50] [Server thread/WARN] [FML]: Potentially Dangerous alternative prefix `minecraft` for name `lit_furnace`, expected `fastfurnace`. This could be a intended override, but in most cases indicates a broken mod.
[13:47:50] [Server thread/WARN] [FML]: Potentially Dangerous alternative prefix `minecraft` for name `conveyor_tile`, expected `industrialforegoing`. This could be a intended override, but in most cases indicates a broken mod.
[13:47:50] [Server thread/WARN] [FML]: Potentially Dangerous alternative prefix `minecraft` for name `crafting_table`, expected `fastbench`. This could be a intended override, but in most cases indicates a broken mod.
[13:47:50] [Server thread/WARN] [FML]: Potentially Dangerous alternative prefix `minecraft` for name `crafting_table`, expected `fastbench`. This could be a intended override, but in most cases indicates a broken mod.
[13:47:50] [Server thread/INFO] [FML]: Applying holder lookups
[13:47:50] [Server thread/INFO] [FML]: Holder lookups applied
[13:47:50] [Server thread/INFO] [Chisel]: Loading items...
[13:47:50] [Server thread/INFO] [Chisel]: 75 Feature's items loaded.
[13:47:51] [Server thread/WARN] [FML]: Potentially Dangerous alternative prefix `gasconduits` for name `item_gas_filter`, expected `enderio`. This could be a intended override, but in most cases indicates a broken mod.
[13:47:51] [Server thread/INFO] [Backpack]: Loading items...
[13:47:51] [Server thread/INFO] [Backpack]: 15 item features loaded.
[13:47:51] [Server thread/INFO] [Actually Additions]: Initializing Items...
[13:47:51] [Server thread/INFO] [Actually Additions]: Initializing OreDictionary Entries...
[13:47:51] [Server thread/WARN] [FML]: ****************************************
[13:47:51] [Server thread/WARN] [FML]: * Registry Item: The object me.jacky1356400.actuallybaubles.item.ItemMagnetRingBauble@471f8fba has been registered twice for the same name actuallyadditions:magnet_ring_bauble.
[13:47:51] [Server thread/WARN] [FML]: *  at net.minecraftforge.registries.ForgeRegistry.add(ForgeRegistry.java:300)
[13:47:51] [Server thread/WARN] [FML]: *  at net.minecraftforge.registries.ForgeRegistry.add(ForgeRegistry.java:281)
[13:47:51] [Server thread/WARN] [FML]: *  at net.minecraftforge.registries.ForgeRegistry.register(ForgeRegistry.java:113)
[13:47:51] [Server thread/WARN] [FML]: *  at net.minecraftforge.registries.ForgeRegistry.registerAll(ForgeRegistry.java:154)
[13:47:51] [Server thread/WARN] [FML]: *  at me.jacky1356400.actuallybaubles.ActuallyBaubles.onItemRegistry(ActuallyBaubles.java:67)
[13:47:51] [Server thread/WARN] [FML]: *  at net.minecraftforge.fml.common.eventhandler.ASMEventHandler_752_ActuallyBaubles_onItemRegistry_Register.invoke(.dynamic)...
[13:47:51] [Server thread/WARN] [FML]: ****************************************
[13:47:51] [Server thread/WARN] [FML]: ****************************************
[13:47:51] [Server thread/WARN] [FML]: * Registry Item: The object me.jacky1356400.actuallybaubles.item.ItemPotionRingAdvancedBauble@6c3b6ecb has been registered twice for the same name actuallyadditions:potion_ring_advanced_bauble.
[13:47:51] [Server thread/WARN] [FML]: *  at net.minecraftforge.registries.ForgeRegistry.add(ForgeRegistry.java:300)
[13:47:51] [Server thread/WARN] [FML]: *  at net.minecraftforge.registries.ForgeRegistry.add(ForgeRegistry.java:281)
[13:47:51] [Server thread/WARN] [FML]: *  at net.minecraftforge.registries.ForgeRegistry.register(ForgeRegistry.java:113)
[13:47:51] [Server thread/WARN] [FML]: *  at net.minecraftforge.registries.ForgeRegistry.registerAll(ForgeRegistry.java:154)
[13:47:51] [Server thread/WARN] [FML]: *  at me.jacky1356400.actuallybaubles.ActuallyBaubles.onItemRegistry(ActuallyBaubles.java:67)
[13:47:51] [Server thread/WARN] [FML]: *  at net.minecraftforge.fml.common.eventhandler.ASMEventHandler_752_ActuallyBaubles_onItemRegistry_Register.invoke(.dynamic)...
[13:47:51] [Server thread/WARN] [FML]: ****************************************
[13:47:51] [Server thread/WARN] [FML]: ****************************************
[13:47:51] [Server thread/WARN] [FML]: * Registry Item: The object me.jacky1356400.actuallybaubles.item.ItemBatteryBauble@240e17e5 has been registered twice for the same name actuallyadditions:battery_bauble.
[13:47:51] [Server thread/WARN] [FML]: *  at net.minecraftforge.registries.ForgeRegistry.add(ForgeRegistry.java:300)
[13:47:51] [Server thread/WARN] [FML]: *  at net.minecraftforge.registries.ForgeRegistry.add(ForgeRegistry.java:281)
[13:47:51] [Server thread/WARN] [FML]: *  at net.minecraftforge.registries.ForgeRegistry.register(ForgeRegistry.java:113)
[13:47:51] [Server thread/WARN] [FML]: *  at net.minecraftforge.registries.ForgeRegistry.registerAll(ForgeRegistry.java:154)
[13:47:51] [Server thread/WARN] [FML]: *  at me.jacky1356400.actuallybaubles.ActuallyBaubles.onItemRegistry(ActuallyBaubles.java:67)
[13:47:51] [Server thread/WARN] [FML]: *  at net.minecraftforge.fml.common.eventhandler.ASMEventHandler_752_ActuallyBaubles_onItemRegistry_Register.invoke(.dynamic)...
[13:47:51] [Server thread/WARN] [FML]: ****************************************
[13:47:51] [Server thread/WARN] [FML]: ****************************************
[13:47:51] [Server thread/WARN] [FML]: * Registry Item: The object me.jacky1356400.actuallybaubles.item.ItemBatteryBauble@43048113 has been registered twice for the same name actuallyadditions:battery_double_bauble.
[13:47:51] [Server thread/WARN] [FML]: *  at net.minecraftforge.registries.ForgeRegistry.add(ForgeRegistry.java:300)
[13:47:51] [Server thread/WARN] [FML]: *  at net.minecraftforge.registries.ForgeRegistry.add(ForgeRegistry.java:281)
[13:47:51] [Server thread/WARN] [FML]: *  at net.minecraftforge.registries.ForgeRegistry.register(ForgeRegistry.java:113)
[13:47:51] [Server thread/WARN] [FML]: *  at net.minecraftforge.registries.ForgeRegistry.registerAll(ForgeRegistry.java:154)
[13:47:51] [Server thread/WARN] [FML]: *  at me.jacky1356400.actuallybaubles.ActuallyBaubles.onItemRegistry(ActuallyBaubles.java:67)
[13:47:51] [Server thread/WARN] [FML]: *  at net.minecraftforge.fml.common.eventhandler.ASMEventHandler_752_ActuallyBaubles_onItemRegistry_Register.invoke(.dynamic)...
[13:47:51] [Server thread/WARN] [FML]: ****************************************
[13:47:51] [Server thread/WARN] [FML]: ****************************************
[13:47:51] [Server thread/WARN] [FML]: * Registry Item: The object me.jacky1356400.actuallybaubles.item.ItemBatteryBauble@785db496 has been registered twice for the same name actuallyadditions:battery_triple_bauble.
[13:47:51] [Server thread/WARN] [FML]: *  at net.minecraftforge.registries.ForgeRegistry.add(ForgeRegistry.java:300)
[13:47:51] [Server thread/WARN] [FML]: *  at net.minecraftforge.registries.ForgeRegistry.add(ForgeRegistry.java:281)
[13:47:51] [Server thread/WARN] [FML]: *  at net.minecraftforge.registries.ForgeRegistry.register(ForgeRegistry.java:113)
[13:47:51] [Server thread/WARN] [FML]: *  at net.minecraftforge.registries.ForgeRegistry.registerAll(ForgeRegistry.java:154)
[13:47:51] [Server thread/WARN] [FML]: *  at me.jacky1356400.actuallybaubles.ActuallyBaubles.onItemRegistry(ActuallyBaubles.java:67)
[13:47:51] [Server thread/WARN] [FML]: *  at net.minecraftforge.fml.common.eventhandler.ASMEventHandler_752_ActuallyBaubles_onItemRegistry_Register.invoke(.dynamic)...
[13:47:51] [Server thread/WARN] [FML]: ****************************************
[13:47:51] [Server thread/WARN] [FML]: ****************************************
[13:47:51] [Server thread/WARN] [FML]: * Registry Item: The object me.jacky1356400.actuallybaubles.item.ItemBatteryBauble@4f27c060 has been registered twice for the same name actuallyadditions:battery_quadruple_bauble.
[13:47:51] [Server thread/WARN] [FML]: *  at net.minecraftforge.registries.ForgeRegistry.add(ForgeRegistry.java:300)
[13:47:51] [Server thread/WARN] [FML]: *  at net.minecraftforge.registries.ForgeRegistry.add(ForgeRegistry.java:281)
[13:47:51] [Server thread/WARN] [FML]: *  at net.minecraftforge.registries.ForgeRegistry.register(ForgeRegistry.java:113)
[13:47:51] [Server thread/WARN] [FML]: *  at net.minecraftforge.registries.ForgeRegistry.registerAll(ForgeRegistry.java:154)
[13:47:51] [Server thread/WARN] [FML]: *  at me.jacky1356400.actuallybaubles.ActuallyBaubles.onItemRegistry(ActuallyBaubles.java:67)
[13:47:51] [Server thread/WARN] [FML]: *  at net.minecraftforge.fml.common.eventhandler.ASMEventHandler_752_ActuallyBaubles_onItemRegistry_Register.invoke(.dynamic)...
[13:47:51] [Server thread/WARN] [FML]: ****************************************
[13:47:51] [Server thread/WARN] [FML]: ****************************************
[13:47:51] [Server thread/WARN] [FML]: * Registry Item: The object me.jacky1356400.actuallybaubles.item.ItemBatteryBauble@1bc2475e has been registered twice for the same name actuallyadditions:battery_quintuple_bauble.
[13:47:51] [Server thread/WARN] [FML]: *  at net.minecraftforge.registries.ForgeRegistry.add(ForgeRegistry.java:300)
[13:47:51] [Server thread/WARN] [FML]: *  at net.minecraftforge.registries.ForgeRegistry.add(ForgeRegistry.java:281)
[13:47:51] [Server thread/WARN] [FML]: *  at net.minecraftforge.registries.ForgeRegistry.register(ForgeRegistry.java:113)
[13:47:51] [Server thread/WARN] [FML]: *  at net.minecraftforge.registries.ForgeRegistry.registerAll(ForgeRegistry.java:154)
[13:47:51] [Server thread/WARN] [FML]: *  at me.jacky1356400.actuallybaubles.ActuallyBaubles.onItemRegistry(ActuallyBaubles.java:67)
[13:47:51] [Server thread/WARN] [FML]: *  at net.minecraftforge.fml.common.eventhandler.ASMEventHandler_752_ActuallyBaubles_onItemRegistry_Register.invoke(.dynamic)...
[13:47:51] [Server thread/WARN] [FML]: ****************************************
[13:47:51] [Server thread/INFO] [Aroma1997Core]: Successfully registered 4 Items for class net.minecraft.item.Item from aroma1997sdimension.
[13:47:51] [Server thread/WARN] [FML]: Potentially Dangerous alternative prefix `minecraft` for name `furnace`, expected `fastfurnace`. This could be a intended override, but in most cases indicates a broken mod.
[13:47:52] [Server thread/INFO] [FML]: Applying holder lookups
[13:47:52] [Server thread/INFO] [FML]: Holder lookups applied
[13:47:52] [Server thread/WARN] [FML]: Potentially Dangerous alternative prefix `immersiveengineering` for name `hemp`, expected `enderio`. This could be a intended override, but in most cases indicates a broken mod.
[13:47:52] [Server thread/INFO] [enderio]: Farming Station: Immersive Engineering integration fully loaded
[13:47:52] [Server thread/WARN] [FML]: Potentially Dangerous alternative prefix `extrautils2` for name `enderlilly`, expected `enderio`. This could be a intended override, but in most cases indicates a broken mod.
[13:47:52] [Server thread/WARN] [FML]: Potentially Dangerous alternative prefix `extrautils2` for name `redorchid`, expected `enderio`. This could be a intended override, but in most cases indicates a broken mod.
[13:47:52] [Server thread/INFO] [enderio]: Farming Station: Extra Utilities 2 integration fully loaded
[13:47:52] [Server thread/WARN] [FML]: Potentially Dangerous alternative prefix `botania` for name `petals`, expected `enderio`. This could be a intended override, but in most cases indicates a broken mod.
[13:47:52] [Server thread/INFO] [enderio]: Farming Station: Botania integration for farming fully loaded
[13:47:52] [Server thread/INFO] [enderio]: Farming Station: 'Thaumic Additions: reconstructed' integration for farming not loaded
[13:47:52] [Server thread/WARN] [FML]: Potentially Dangerous alternative prefix `ic2` for name `trees`, expected `enderio`. This could be a intended override, but in most cases indicates a broken mod.
[13:47:52] [Server thread/INFO] [enderio]: Farming Station: IC2 integration fully loaded
[13:47:52] [Server thread/INFO] [enderio]: Farming Station: MFR integration not loaded
[13:47:52] [Server thread/INFO] [enderio]: Farming Station: Natura integration not loaded
[13:47:52] [Server thread/INFO] [enderio]: Farming Station: TechReborn integration not loaded
[13:47:52] [Server thread/INFO] [enderio]: Farming Station: IC2 classic integration not loaded
[13:47:52] [Server thread/INFO] [enderio]: Farming Station: Thaumcraft integration for farming mana beans not loaded
[13:47:52] [Server thread/WARN] [enderio]: Farming Station: Forestry integration for farming loaded but could not find Forestry sapling.
[13:47:52] [Server thread/WARN] [FML]: Potentially Dangerous alternative prefix `minecraft` for name `dye`, expected `enderio`. This could be a intended override, but in most cases indicates a broken mod.
[13:47:52] [Server thread/INFO] [enderio]: Farming Station: Metallurgy integration not loaded
[13:47:52] [Server thread/WARN] [FML]: Potentially Dangerous alternative prefix `botania` for name `fertilizer`, expected `enderio`. This could be a intended override, but in most cases indicates a broken mod.
[13:47:52] [Server thread/INFO] [enderio]: Farming Station: Botania integration for fertilizing fully loaded
[13:47:52] [Server thread/WARN] [FML]: Potentially Dangerous alternative prefix `actuallyadditions` for name `item_fertilizer`, expected `enderio`. This could be a intended override, but in most cases indicates a broken mod.
[13:47:52] [Server thread/INFO] [enderio]: Farming Station: Actually Additions integration loaded
[13:47:52] [Server thread/INFO] [enderio]: Farming Station: Magicalcrops integration not loaded
[13:47:52] [Server thread/INFO] [enderio]: Farming Station: Gardencore integration not loaded
[13:47:52] [Server thread/WARN] [enderio]: Farming Station: Forestry integration for fertilizing loaded but could not find Forestry fertilizer.
[13:47:52] [Server thread/INFO] [enderio]: Dark Steel Upgrades: Thaumcraft integration loaded
[13:47:52] [Server thread/INFO] [enderio]: Dark Steel Upgrades: Forestry integration loaded
[13:47:52] [Server thread/INFO] [STDOUT]: [zmaster587.advancedRocketry.AdvancedRocketry:register:185]: REGISTERING BIOMES
[13:47:52] [Server thread/INFO] [Aroma1997Core]: Successfully registered 1 Biomes for class net.minecraft.world.biome.Biome from aroma1997sdimension.
[13:47:52] [Server thread/INFO] [Actually Additions]: Initializing Village Addons...
[13:47:53] [Server thread/INFO] [OreDictInit]: Loading Custom Block Entries
[13:47:53] [Server thread/INFO] [OreDictInit]: Loading Custom Item Entries
[13:47:53] [Server thread/INFO] [FML]: Applying holder lookups
[13:47:53] [Server thread/INFO] [FML]: Holder lookups applied
[13:47:53] [Server thread/INFO] [FML]: Applying holder lookups
[13:47:53] [Server thread/INFO] [FML]: Holder lookups applied
[13:47:53] [Server thread/INFO] [FML]: Injecting itemstacks
[13:47:53] [Server thread/INFO] [FML]: Itemstack injection complete
[13:47:53] [Server thread/INFO] [net.minecraft.server.dedicated.DedicatedServer]: Loading properties
[13:47:53] [Server thread/INFO] [net.minecraft.server.dedicated.DedicatedServer]: Default game type: SURVIVAL
[13:47:53] [Server thread/INFO] [net.minecraft.server.dedicated.DedicatedServer]: Generating keypair
[13:47:53] [Server thread/INFO] [net.minecraft.server.dedicated.DedicatedServer]: Starting Minecraft server on *:25565
[13:47:53] [Server thread/INFO] [net.minecraft.network.NetworkSystem]: Using default channel type
[13:47:56] [Server thread/ERROR] [FML]: Parsing error loading recipe harvestcraft:minecraft_pumpkinseeds
com.google.gson.JsonSyntaxException: Unknown item 'harvestcraft:harvestpumpkinitem'
	at net.minecraftforge.common.crafting.CraftingHelper.getItemStackBasic(CraftingHelper.java:262) ~[CraftingHelper.class:?]
	at net.minecraftforge.common.crafting.CraftingHelper.lambda$init$16(CraftingHelper.java:544) ~[CraftingHelper.class:?]
	at net.minecraftforge.common.crafting.CraftingHelper.getIngredient(CraftingHelper.java:204) ~[CraftingHelper.class:?]
	at net.minecraftforge.common.crafting.CraftingHelper.lambda$init$15(CraftingHelper.java:531) ~[CraftingHelper.class:?]
	at net.minecraftforge.common.crafting.CraftingHelper.getRecipe(CraftingHelper.java:416) ~[CraftingHelper.class:?]
	at net.minecraftforge.common.crafting.CraftingHelper.lambda$loadRecipes$22(CraftingHelper.java:723) ~[CraftingHelper.class:?]
	at net.minecraftforge.common.crafting.CraftingHelper.findFiles(CraftingHelper.java:833) ~[CraftingHelper.class:?]
	at net.minecraftforge.common.crafting.CraftingHelper.loadRecipes(CraftingHelper.java:688) ~[CraftingHelper.class:?]
	at java.util.ArrayList.forEach(Unknown Source) [?:1.8.0_503]
	at net.minecraftforge.common.crafting.CraftingHelper.loadRecipes(CraftingHelper.java:633) [CraftingHelper.class:?]
	at net.minecraftforge.fml.common.Loader.initializeMods(Loader.java:747) [Loader.class:?]
	at net.minecraftforge.fml.server.FMLServerHandler.finishServerLoading(FMLServerHandler.java:108) [FMLServerHandler.class:?]
	at net.minecraftforge.fml.common.FMLCommonHandler.onServerStarted(FMLCommonHandler.java:338) [FMLCommonHandler.class:?]
	at net.minecraft.server.dedicated.DedicatedServer.func_71197_b(DedicatedServer.java:219) [nz.class:?]
	at net.minecraft.server.MinecraftServer.run(MinecraftServer.java:486) [MinecraftServer.class:?]
	at java.lang.Thread.run(Unknown Source) [?:1.8.0_503]
[13:47:56] [Server thread/ERROR] [FML]: Parsing error loading recipe harvestcraft:minecraft_pumpkinblocks
com.google.gson.JsonSyntaxException: Unknown item 'harvestcraft:harvestpumpkinitem'
	at net.minecraftforge.common.crafting.CraftingHelper.getItemStackBasic(CraftingHelper.java:262) ~[CraftingHelper.class:?]
	at net.minecraftforge.common.crafting.CraftingHelper.lambda$init$16(CraftingHelper.java:544) ~[CraftingHelper.class:?]
	at net.minecraftforge.common.crafting.CraftingHelper.getIngredient(CraftingHelper.java:204) ~[CraftingHelper.class:?]
	at net.minecraftforge.common.crafting.CraftingHelper.lambda$init$15(CraftingHelper.java:531) ~[CraftingHelper.class:?]
	at net.minecraftforge.common.crafting.CraftingHelper.getRecipe(CraftingHelper.java:416) ~[CraftingHelper.class:?]
	at net.minecraftforge.common.crafting.CraftingHelper.lambda$loadRecipes$22(CraftingHelper.java:723) ~[CraftingHelper.class:?]
	at net.minecraftforge.common.crafting.CraftingHelper.findFiles(CraftingHelper.java:833) ~[CraftingHelper.class:?]
	at net.minecraftforge.common.crafting.CraftingHelper.loadRecipes(CraftingHelper.java:688) ~[CraftingHelper.class:?]
	at java.util.ArrayList.forEach(Unknown Source) [?:1.8.0_503]
	at net.minecraftforge.common.crafting.CraftingHelper.loadRecipes(CraftingHelper.java:633) [CraftingHelper.class:?]
	at net.minecraftforge.fml.common.Loader.initializeMods(Loader.java:747) [Loader.class:?]
	at net.minecraftforge.fml.server.FMLServerHandler.finishServerLoading(FMLServerHandler.java:108) [FMLServerHandler.class:?]
	at net.minecraftforge.fml.common.FMLCommonHandler.onServerStarted(FMLCommonHandler.java:338) [FMLCommonHandler.class:?]
	at net.minecraft.server.dedicated.DedicatedServer.func_71197_b(DedicatedServer.java:219) [nz.class:?]
	at net.minecraft.server.MinecraftServer.run(MinecraftServer.java:486) [MinecraftServer.class:?]
	at java.lang.Thread.run(Unknown Source) [?:1.8.0_503]
[13:47:56] [Server thread/ERROR] [FML]: Parsing error loading recipe harvestcraft:harvestpumpkinitem
com.google.gson.JsonSyntaxException: Unknown item 'harvestcraft:harvestpumpkinitem'
	at net.minecraftforge.common.crafting.CraftingHelper.getItemStack(CraftingHelper.java:214) ~[CraftingHelper.class:?]
	at net.minecraftforge.common.crafting.CraftingHelper.lambda$init$15(CraftingHelper.java:538) ~[CraftingHelper.class:?]
	at net.minecraftforge.common.crafting.CraftingHelper.getRecipe(CraftingHelper.java:416) ~[CraftingHelper.class:?]
	at net.minecraftforge.common.crafting.CraftingHelper.lambda$loadRecipes$22(CraftingHelper.java:723) ~[CraftingHelper.class:?]
	at net.minecraftforge.common.crafting.CraftingHelper.findFiles(CraftingHelper.java:833) ~[CraftingHelper.class:?]
	at net.minecraftforge.common.crafting.CraftingHelper.loadRecipes(CraftingHelper.java:688) ~[CraftingHelper.class:?]
	at java.util.ArrayList.forEach(Unknown Source) [?:1.8.0_503]
	at net.minecraftforge.common.crafting.CraftingHelper.loadRecipes(CraftingHelper.java:633) [CraftingHelper.class:?]
	at net.minecraftforge.fml.common.Loader.initializeMods(Loader.java:747) [Loader.class:?]
	at net.minecraftforge.fml.server.FMLServerHandler.finishServerLoading(FMLServerHandler.java:108) [FMLServerHandler.class:?]
	at net.minecraftforge.fml.common.FMLCommonHandler.onServerStarted(FMLCommonHandler.java:338) [FMLCommonHandler.class:?]
	at net.minecraft.server.dedicated.DedicatedServer.func_71197_b(DedicatedServer.java:219) [nz.class:?]
	at net.minecraft.server.MinecraftServer.run(MinecraftServer.java:486) [MinecraftServer.class:?]
	at java.lang.Thread.run(Unknown Source) [?:1.8.0_503]
[13:47:56] [Server thread/INFO] [Chisel]: Loading recipes...
[13:47:56] [Server thread/INFO] [Chisel]: 75 Feature's recipes loaded.
[13:47:56] [Server thread/INFO] [THAUMCRAFT]: Checking for mod & oredict compatibilities
[13:47:56] [Server thread/INFO] [THAUMCRAFT]: Adding entities to MFR safari net blacklist.
[13:47:56] [Server thread/WARN] [FML]: Potentially Dangerous alternative prefix `minecraft` for name `slime`, expected `tconstruct`. This could be a intended override, but in most cases indicates a broken mod.
[13:47:56] [Server thread/INFO] [FML]: Ignored smelting recipe with conflicting input: 1xic2.dust@8 = 1xitem.ingotIron@0
[13:47:56] [Server thread/INFO] [FML]: Ignored smelting recipe with conflicting input: 1xitem.immersiveengineering.metal@18 = 1xitem.ingotIron@0
[13:47:56] [Server thread/INFO] [FML]: Ignored smelting recipe with conflicting input: 1xic2.dust@7 = 1xitem.ingotGold@0
[13:47:56] [Server thread/INFO] [FML]: Ignored smelting recipe with conflicting input: 1xitem.immersiveengineering.metal@19 = 1xitem.ingotGold@0
[13:47:56] [Server thread/INFO] [Backpack]: Loading recipes...
[13:47:56] [Server thread/INFO] [Backpack]: 15 recipe features loaded.
[13:47:56] [Server thread/WARN] [FML]: Potentially Dangerous alternative prefix `enderio` for name `capbank_basic2normal`, expected `enderiopowertools`. This could be a intended override, but in most cases indicates a broken mod.
[13:47:56] [Server thread/WARN] [FML]: Potentially Dangerous alternative prefix `enderio` for name `capbank_normal2vibrant`, expected `enderiopowertools`. This could be a intended override, but in most cases indicates a broken mod.
[13:47:56] [Server thread/INFO] [FML]: Ignored smelting recipe with conflicting input: 1xitem.Dust@0 = 1xitem.ingotIron@0
[13:47:56] [Server thread/INFO] [FML]: Ignored smelting recipe with conflicting input: 1xitem.Dust@1 = 1xitem.ingotGold@0
[13:47:56] [Server thread/WARN] [FML]: Potentially Dangerous alternative prefix `minecraft` for name `bread`, expected `harvestcraft`. This could be a intended override, but in most cases indicates a broken mod.
[13:47:56] [Server thread/WARN] [FML]: Unable to find recipe for minecraft:rabbit_stew
[13:47:56] [Server thread/WARN] [FML]: Potentially Dangerous alternative prefix `minecraft` for name `beetroot_soup`, expected `harvestcraft`. This could be a intended override, but in most cases indicates a broken mod.
[13:47:56] [Server thread/WARN] [FML]: Potentially Dangerous alternative prefix `minecraft` for name `mushroom_stew`, expected `harvestcraft`. This could be a intended override, but in most cases indicates a broken mod.
[13:47:56] [Server thread/WARN] [FML]: Potentially Dangerous alternative prefix `minecraft` for name `cookie`, expected `harvestcraft`. This could be a intended override, but in most cases indicates a broken mod.
[13:47:56] [Server thread/WARN] [FML]: Potentially Dangerous alternative prefix `minecraft` for name `pumpkin_pie`, expected `harvestcraft`. This could be a intended override, but in most cases indicates a broken mod.
[13:47:56] [Server thread/WARN] [FML]: Unable to find recipe for minecraft:baked_potato
[13:47:56] [Server thread/INFO] [thaumictinkerer]: Hi Botania, we have unfinished business you and I
[13:47:56] [Server thread/INFO] [Actually Additions]: Initializing Crafting Recipes...
[13:47:56] [Server thread/INFO] [FML]: Ignored smelting recipe with conflicting input: 1xitem.actuallyadditions.item_dust@0 = 1xitem.ingotIron@0
[13:47:56] [Server thread/INFO] [FML]: Ignored smelting recipe with conflicting input: 1xitem.actuallyadditions.item_dust@1 = 1xitem.ingotGold@0
[13:47:56] [Server thread/INFO] [FML]: Ignored smelting recipe with conflicting input: 1xitem.actuallyadditions.item_dust@5 = 1xitem.netherquartz@0
[13:47:57] [Server thread/INFO] [FML]: Ignored smelting recipe with conflicting input: 1xitem.thermalfoundation.material@0 = 1xitem.ingotIron@0
[13:47:57] [Server thread/INFO] [FML]: Ignored smelting recipe with conflicting input: 1xitem.thermalfoundation.material@1 = 1xitem.ingotGold@0
[13:47:57] [Server thread/INFO] [draconicevolution]: Loading Default Recipes...
[13:48:00] [Server thread/INFO] [FML]: Applying holder lookups
[13:48:00] [Server thread/INFO] [FML]: Holder lookups applied
[13:48:00] [Server thread/INFO] [Actually Additions]: Starting Initialization Phase...
[13:48:00] [Server thread/INFO] [Actually Additions]: Initializing GuiHandler...
[13:48:00] [Server thread/INFO] [Actually Additions]: Registering World Generator...
[13:48:00] [Server thread/INFO] [Actually Additions]: Registering TileEntities...
[13:48:00] [Server thread/INFO] [Actually Additions]: Initializing Entities...
[13:48:00] [Server thread/INFO] [Actually Additions]: Initializing ServerProxy...
[13:48:00] [Server thread/INFO] [Actually Additions]: Initialization Finished.
[13:48:00] [Server thread/INFO] [EnderCore]: [Handlers] Registering handler RightClickCropHandler to busses: [FORGE]
[13:48:00] [Server thread/INFO] [EnderCore]: [Handlers] Skipping class com.enderio.core.client.handlers.FluidVisualsHandler, it is not loaded on this side.
[13:48:00] [Server thread/INFO] [EnderCore]: [Handlers] Registering handler Scheduler to busses: [FORGE]
[13:48:00] [Server thread/INFO] [EnderCore]: [Handlers] Skipping class com.enderio.core.client.handlers.OreDictTooltipHandler, it is not loaded on this side.
[13:48:00] [Server thread/INFO] [EnderCore]: [Handlers] Registering handler AutoSmeltHandler to busses: [FORGE]
[13:48:00] [Server thread/INFO] [EnderCore]: [Handlers] Registering handler FluidSpawnHandler to busses: [FORGE]
[13:48:00] [Server thread/INFO] [EnderCore]: [Handlers] Registering handler XPBoostHandler to busses: [FORGE]
[13:48:00] [Server thread/INFO] [EnderCore]: [Handlers] Registering handler JoinMessageHandler to busses: [FORGE]
[13:48:00] [Server thread/INFO] [EnderCore]: [Handlers] Skipping class com.enderio.core.client.handlers.ClientHandler, it is not loaded on this side.
[13:48:00] [Server thread/INFO] [EnderCore]: [Handlers] Skipping class com.enderio.core.client.handlers.EnchantTooltipHandler, it is not loaded on this side.
[13:48:00] [Server thread/INFO] [EnderCore]: [Handlers] Skipping class com.enderio.core.client.handlers.SpecialTooltipHandler, it is not loaded on this side.
[13:48:00] [Server thread/INFO] [EnderCore]: [Handlers] Registering handler FireworkHandler to busses: [FORGE]
[13:48:00] [Server thread/INFO] [EnderCore]: Sending dummy event to all mods
[13:48:00] [Server thread/INFO] [EnderCore]: Reloading ingame configs for modid: endercore
[13:48:00] [Server thread/INFO] [enderio]: Reloading config file...
[13:48:00] [Server thread/INFO] [enderio]: Config reload finished
[13:48:00] [Server thread/INFO] [enderio]: Reloading config file...
[13:48:00] [Server thread/INFO] [enderio]: Config reload finished
[13:48:00] [Server thread/INFO] [enderio]: Reloading config file...
[13:48:00] [Server thread/INFO] [enderio]: Config reload finished
[13:48:00] [Server thread/INFO] [enderio]: Reloading config file...
[13:48:00] [Server thread/INFO] [enderio]: Config reload finished
[13:48:00] [Server thread/INFO] [enderio]: Reloading config file...
[13:48:00] [Server thread/INFO] [enderio]: Config reload finished
[13:48:00] [Server thread/INFO] [enderio]: Reloading config file...
[13:48:00] [Server thread/INFO] [enderio]: Config reload finished
[13:48:00] [Server thread/INFO] [enderio]: Reloading config file...
[13:48:00] [Server thread/INFO] [enderio]: Config reload finished
[13:48:00] [Server thread/INFO] [draconicevolution]: Finished Initialization
[13:48:00] [Server thread/INFO] [enderio]: Farming Station: Thaumcraft integration for hoes loaded
[13:48:00] [Server thread/INFO] [enderio]: Sending whitelist message to Chisel and Bits for block blockDecoration1
[13:48:00] [Server thread/INFO] [enderio]: Sending whitelist message to Chisel and Bits for block blockDecoration2
[13:48:00] [Server thread/INFO] [enderio]: Sending whitelist message to Chisel and Bits for block blockDecoration3
[13:48:00] [Server thread/INFO] [enderio]: Registered permission enderio.gui.block_dark_steel_anvil
[13:48:00] [Server thread/INFO] [enderio]: Registered permission enderio.gui.block_dark_paper_anvil
[13:48:00] [Server thread/INFO] [enderio]: Registered permission enderio.gui.item_basic_item_filter
[13:48:00] [Server thread/INFO] [enderio]: Registered permission enderio.gui.item_advanced_item_filter
[13:48:00] [Server thread/INFO] [enderio]: Registered permission enderio.gui.item_limited_item_filter
[13:48:00] [Server thread/INFO] [enderio]: Registered permission enderio.gui.item_big_item_filter
[13:48:00] [Server thread/INFO] [enderio]: Registered permission enderio.gui.item_big_advanced_item_filter
[13:48:00] [Server thread/INFO] [enderio]: Registered permission enderio.gui.item_existing_item_filter
[13:48:00] [Server thread/INFO] [enderio]: Registered permission enderio.gui.item_mod_item_filter
[13:48:00] [Server thread/INFO] [enderio]: Registered permission enderio.gui.item_power_item_filter
[13:48:00] [Server thread/INFO] [enderio]: Registered permission enderio.gui.item_soul_filter_normal
[13:48:00] [Server thread/INFO] [enderio]: Registered permission enderio.gui.item_soul_filter_big
[13:48:00] [Server thread/INFO] [enderio]: Registered permission enderio.gui.item_enchantment_filter_normal
[13:48:00] [Server thread/INFO] [enderio]: Registered permission enderio.gui.item_enchantment_filter_big
[13:48:00] [Server thread/INFO] [enderio]: Registered permission enderio.gui.item_fluid_filter
[13:48:00] [Server thread/INFO] [enderio]: Registered permission enderio.gui.item_redstone_not_filter
[13:48:00] [Server thread/INFO] [enderio]: Registered permission enderio.gui.item_redstone_or_filter
[13:48:00] [Server thread/INFO] [enderio]: Registered permission enderio.gui.item_redstone_and_filter
[13:48:00] [Server thread/INFO] [enderio]: Registered permission enderio.gui.item_redstone_nor_filter
[13:48:00] [Server thread/INFO] [enderio]: Registered permission enderio.gui.item_redstone_nand_filter
[13:48:00] [Server thread/INFO] [enderio]: Registered permission enderio.gui.item_redstone_xor_filter
[13:48:00] [Server thread/INFO] [enderio]: Registered permission enderio.gui.item_redstone_xnor_filter
[13:48:00] [Server thread/INFO] [enderio]: Registered permission enderio.gui.item_redstone_toggle_filter
[13:48:00] [Server thread/INFO] [enderio]: Registered permission enderio.gui.item_redstone_counting_filter
[13:48:00] [Server thread/INFO] [enderio]: Registered permission enderio.gui.item_redstone_sensor_filter
[13:48:00] [Server thread/INFO] [enderio]: Registered permission enderio.gui.item_redstone_timer_filter
[13:48:00] [Server thread/INFO] [enderio]: Registered permission enderio.gui.item_dark_steel_helmet
[13:48:00] [Server thread/INFO] [enderio]: Registered permission enderio.gui.item_dark_steel_chestplate
[13:48:00] [Server thread/INFO] [enderio]: Registered permission enderio.gui.item_dark_steel_leggings
[13:48:00] [Server thread/INFO] [enderio]: Registered permission enderio.gui.item_dark_steel_boots
[13:48:00] [Server thread/INFO] [enderio]: Registered permission enderio.gui.item_end_steel_helmet
[13:48:00] [Server thread/INFO] [enderio]: Registered permission enderio.gui.item_end_steel_chestplate
[13:48:00] [Server thread/INFO] [enderio]: Registered permission enderio.gui.item_end_steel_leggings
[13:48:00] [Server thread/INFO] [enderio]: Registered permission enderio.gui.item_end_steel_boots
[13:48:00] [Server thread/INFO] [enderio]: Registered permission enderio.gui.block_conduit_bundle
[13:48:00] [Server thread/INFO] [enderio]: Registered permission enderio.gui.item_species_item_filter
[13:48:00] [Server thread/INFO] [enderio]: Registered permission enderio.gui.block_inventory_panel
[13:48:00] [Server thread/INFO] [enderio]: Registered permission enderio.gui.block_inventory_panel_sensor
[13:48:00] [Server thread/INFO] [enderio]: Registered permission enderio.gui.block_inventory_chest_tiny
[13:48:00] [Server thread/INFO] [enderio]: Registered permission enderio.gui.block_inventory_chest_small
[13:48:00] [Server thread/INFO] [enderio]: Registered permission enderio.gui.block_inventory_chest_medium
[13:48:00] [Server thread/INFO] [enderio]: Registered permission enderio.gui.block_inventory_chest_big
[13:48:00] [Server thread/INFO] [enderio]: Registered permission enderio.gui.block_inventory_chest_large
[13:48:00] [Server thread/INFO] [enderio]: Registered permission enderio.gui.block_inventory_chest_huge
[13:48:00] [Server thread/INFO] [enderio]: Registered permission enderio.gui.block_inventory_chest_enormous
[13:48:00] [Server thread/INFO] [enderio]: Registered permission enderio.gui.block_inventory_chest_warehouse
[13:48:00] [Server thread/INFO] [enderio]: Registered permission enderio.gui.block_inventory_chest_warehouse13
[13:48:00] [Server thread/INFO] [enderio]: Registered permission enderio.gui.item_inventory_remote
[13:48:00] [Server thread/INFO] [enderio]: Registered permission enderio.gui.block_simple_furnace
[13:48:00] [Server thread/INFO] [enderio]: Registered permission enderio.gui.block_simple_alloy_smelter
[13:48:00] [Server thread/INFO] [enderio]: Registered permission enderio.gui.block_alloy_smelter
[13:48:00] [Server thread/INFO] [enderio]: Registered permission enderio.gui.block_enhanced_alloy_smelter
[13:48:00] [Server thread/INFO] [enderio]: Registered permission enderio.gui.block_buffer
[13:48:00] [Server thread/INFO] [enderio]: Registered permission enderio.gui.block_enchanter
[13:48:00] [Server thread/INFO] [enderio]: Registered permission enderio.gui.block_farm_station
[13:48:00] [Server thread/INFO] [enderio]: Registered permission enderio.gui.block_combustion_generator
[13:48:00] [Server thread/INFO] [enderio]: Registered permission enderio.gui.block_enhanced_combustion_generator
[13:48:00] [Server thread/INFO] [enderio]: Registered permission enderio.gui.block_simple_stirling_generator
[13:48:00] [Server thread/INFO] [enderio]: Registered permission enderio.gui.block_stirling_generator
[13:48:00] [Server thread/INFO] [enderio]: Registered permission enderio.gui.block_zombie_generator
[13:48:00] [Server thread/INFO] [enderio]: Registered permission enderio.gui.block_franken_zombie_generator
[13:48:00] [Server thread/INFO] [enderio]: Registered permission enderio.gui.block_ender_generator
[13:48:00] [Server thread/INFO] [enderio]: Registered permission enderio.gui.block_lava_generator
[13:48:00] [Server thread/INFO] [enderio]: Registered permission enderio.gui.block_killer_joe
[13:48:00] [Server thread/INFO] [enderio]: Registered permission enderio.gui.block_attractor_obelisk
[13:48:00] [Server thread/INFO] [enderio]: Registered permission enderio.gui.block_aversion_obelisk
[13:48:00] [Server thread/INFO] [enderio]: Registered permission enderio.gui.block_inhibitor_obelisk
[13:48:00] [Server thread/INFO] [enderio]: Registered permission enderio.gui.block_relocator_obelisk
[13:48:00] [Server thread/INFO] [enderio]: Registered permission enderio.gui.block_weather_obelisk
[13:48:00] [Server thread/INFO] [enderio]: Registered permission enderio.gui.block_experience_obelisk
[13:48:00] [Server thread/INFO] [enderio]: Registered permission enderio.gui.block_painter
[13:48:00] [Server thread/INFO] [enderio]: Registered permission enderio.gui.block_simple_sag_mill
[13:48:00] [Server thread/INFO] [enderio]: Registered permission enderio.gui.block_sag_mill
[13:48:00] [Server thread/INFO] [enderio]: Registered permission enderio.gui.block_enhanced_sag_mill
[13:48:00] [Server thread/INFO] [enderio]: Registered permission enderio.gui.block_slice_and_splice
[13:48:00] [Server thread/INFO] [enderio]: Registered permission enderio.gui.block_soul_binder
[13:48:00] [Server thread/INFO] [enderio]: Registered permission enderio.gui.block_powered_spawner
[13:48:00] [Server thread/INFO] [enderio]: Registered permission enderio.gui.block_vat
[13:48:00] [Server thread/INFO] [enderio]: Registered permission enderio.gui.block_enhanced_vat
[13:48:00] [Server thread/INFO] [enderio]: Registered permission enderio.gui.block_simple_wired_charger
[13:48:00] [Server thread/INFO] [enderio]: Registered permission enderio.gui.block_wired_charger
[13:48:00] [Server thread/INFO] [enderio]: Registered permission enderio.gui.block_enhanced_wired_charger
[13:48:00] [Server thread/INFO] [enderio]: Registered permission enderio.gui.block_tank
[13:48:00] [Server thread/INFO] [enderio]: Registered permission enderio.gui.block_transceiver
[13:48:00] [Server thread/INFO] [enderio]: Registered permission enderio.gui.block_vacuum_chest
[13:48:00] [Server thread/INFO] [enderio]: Registered permission enderio.gui.block_xp_vacuum
[13:48:00] [Server thread/INFO] [enderio]: Registered permission enderio.gui.block_niard
[13:48:00] [Server thread/INFO] [enderio]: Registered permission enderio.gui.block_travel_anchor
[13:48:00] [Server thread/INFO] [enderio]: Registered permission enderio.gui.block_tele_pad
[13:48:00] [Server thread/INFO] [enderio]: Registered permission enderio.gui.block_dialing_device
[13:48:00] [Server thread/INFO] [enderio]: Registered permission enderio.gui.block_impulse_hopper
[13:48:00] [Server thread/INFO] [enderio]: Registered permission enderio.gui.block_simple_crafter
[13:48:00] [Server thread/INFO] [enderio]: Registered permission enderio.gui.block_crafter
[13:48:00] [Server thread/INFO] [enderio]: Registered permission enderio.gui.block_creative_spawner
[13:48:00] [Server thread/INFO] [enderio]: Registered permission enderio.gui.block_cap_bank
[13:48:00] [Server thread/INFO] [enderio]: Registered permission enderio.gui.block_power_monitor
[13:48:00] [Server thread/INFO] [enderio]: Registered permission enderio.gui.block_advanced_power_monitor
[13:48:00] [Server thread/INFO] [enderio]: Registered permission enderio.gui.item_gas_filter
[13:48:00] [Thread-7/INFO] [immersiveengineering]: Arc Recycling: Removed 0 old recipes
[13:48:00] [Thread-7/INFO] [immersiveengineering]: Finished recipe profiler for Arc Recycling, took 50 milliseconds
[13:48:01] [Server thread/INFO] [Engineer's Doors ASM]: Patching GETSTATIC Blocks.OAK_DOOR in VillageEngineersHouse
[13:48:01] [Server thread/INFO] [Engineer's Doors ASM]: Patching GETSTATIC Blocks.OAK_DOOR in VillageEngineersHouse
[13:48:01] [Server thread/INFO] [Engineer's Doors ASM]: Patching GETSTATIC Blocks.OAK_DOOR in VillageEngineersHouse
[13:48:01] [Server thread/INFO] [FML]: Ignored smelting recipe with conflicting input: 1xitem.dust@1 = 1xitem.ingotIron@0
[13:48:01] [Server thread/INFO] [FML]: Ignored smelting recipe with conflicting input: 1xitem.dust@2 = 1xitem.ingotGold@0
[13:48:01] [Server thread/INFO] [bdlib]: Initialized network channel 'bdew.ae2stuff' for mod 'ae2stuff'
[13:48:01] [Server thread/INFO] [Aroma1997Core]: Finished Initialization.
[13:48:01] [Server thread/INFO] [Astral Sorcery]: Ignoring fluid fluidoil for rarity registry - it doesn't exist in the current environment
[13:48:01] [Server thread/INFO] [Astral Sorcery]: Ignoring fluid fluidnitrodiesel for rarity registry - it doesn't exist in the current environment
[13:48:01] [Server thread/INFO] [Astral Sorcery]: Ignoring fluid nacre for rarity registry - it doesn't exist in the current environment
[13:48:01] [Server thread/INFO] [Astral Sorcery]: Ignoring whitelist entry bibliocraft:bibliocraft.deathcompassench:1 for amulet enchantments - Enchantment does not exist!
[13:48:01] [Server thread/INFO] [Astral Sorcery]: Ignoring whitelist entry bibliocraft:bibliocraft.readingench:5 for amulet enchantments - Enchantment does not exist!
[13:48:01] [Server thread/INFO] [Astral Sorcery]: Ignoring amulet enchantment 'cofhcore:holding' as it's prone to cause issues.
[13:48:01] [Server thread/INFO] [Astral Sorcery]: Ignoring whitelist entry cyclicmagic:enchantment.waterwalking:1 for amulet enchantments - Enchantment does not exist!
[13:48:01] [Server thread/INFO] [Astral Sorcery]: Ignoring whitelist entry cyclicmagic:enchantment.reach:1 for amulet enchantments - Enchantment does not exist!
[13:48:01] [Server thread/INFO] [Astral Sorcery]: Ignoring whitelist entry cyclicmagic:enchantment.expboost:1 for amulet enchantments - Enchantment does not exist!
[13:48:01] [Server thread/INFO] [Astral Sorcery]: Ignoring whitelist entry cyclicmagic:enchantment.autosmelt:2 for amulet enchantments - Enchantment does not exist!
[13:48:01] [Server thread/INFO] [Astral Sorcery]: Ignoring whitelist entry cyclicmagic:enchantment.launch:10 for amulet enchantments - Enchantment does not exist!
[13:48:01] [Server thread/INFO] [Astral Sorcery]: Ignoring whitelist entry cyclicmagic:enchantment.magnet:1 for amulet enchantments - Enchantment does not exist!
[13:48:01] [Server thread/INFO] [Astral Sorcery]: Ignoring whitelist entry cyclicmagic:enchantment.venom:10 for amulet enchantments - Enchantment does not exist!
[13:48:01] [Server thread/INFO] [Astral Sorcery]: Ignoring whitelist entry cyclicmagic:enchantment.lifeleech:10 for amulet enchantments - Enchantment does not exist!
[13:48:01] [Server thread/INFO] [Astral Sorcery]: Ignoring whitelist entry cyclicmagic:enchantment.beheading:1 for amulet enchantments - Enchantment does not exist!
[13:48:01] [Server thread/INFO] [Astral Sorcery]: Ignoring whitelist entry cyclicmagic:enchantment.quickdraw:1 for amulet enchantments - Enchantment does not exist!
[13:48:01] [Server thread/INFO] [Astral Sorcery]: Ignoring whitelist entry cyclicmagic:enchantment.excavation:1 for amulet enchantments - Enchantment does not exist!
[13:48:01] [Server thread/INFO] [Astral Sorcery]: Ignoring whitelist entry cyclicmagic:enchantment.multishot:1 for amulet enchantments - Enchantment does not exist!
[13:48:01] [Server thread/INFO] [Astral Sorcery]: Got 0 recipe modifications from CraftTweaker. - Applying...
[13:48:01] [Server thread/INFO] [Astral Sorcery]: Recipe changes applied.
[13:48:01] [AstralSorcery Patreon Effect Loader/INFO] [STDERR]: [java.lang.ThreadGroup:uncaughtException:-1]: com.google.gson.JsonSyntaxException: java.lang.IllegalStateException: Expected BEGIN_OBJECT but was STRING at line 1 column 1 path $
[13:48:01] [AstralSorcery Patreon Effect Loader/INFO] [STDERR]: [java.lang.ThreadGroup:uncaughtException:-1]: 	at com.google.gson.internal.bind.ReflectiveTypeAdapterFactory$Adapter.read(ReflectiveTypeAdapterFactory.java:224)
[13:48:01] [AstralSorcery Patreon Effect Loader/INFO] [STDERR]: [java.lang.ThreadGroup:uncaughtException:-1]: 	at com.google.gson.Gson.fromJson(Gson.java:887)
[13:48:01] [AstralSorcery Patreon Effect Loader/INFO] [STDERR]: [java.lang.ThreadGroup:uncaughtException:-1]: 	at com.google.gson.Gson.fromJson(Gson.java:825)
[13:48:01] [AstralSorcery Patreon Effect Loader/INFO] [STDERR]: [java.lang.ThreadGroup:uncaughtException:-1]: 	at hellfirepvp.astralsorcery.common.base.patreon.PatreonDataManager.lambda$loadPatreonEffects$1(PatreonDataManager.java:52)
[13:48:01] [AstralSorcery Patreon Effect Loader/INFO] [STDERR]: [java.lang.ThreadGroup:uncaughtException:-1]: 	at java.lang.Thread.run(Unknown Source)
[13:48:01] [AstralSorcery Patreon Effect Loader/INFO] [STDERR]: [java.lang.ThreadGroup:uncaughtException:-1]: Caused by: java.lang.IllegalStateException: Expected BEGIN_OBJECT but was STRING at line 1 column 1 path $
[13:48:01] [AstralSorcery Patreon Effect Loader/INFO] [STDERR]: [java.lang.ThreadGroup:uncaughtException:-1]: 	at com.google.gson.stream.JsonReader.beginObject(JsonReader.java:385)
[13:48:01] [AstralSorcery Patreon Effect Loader/INFO] [STDERR]: [java.lang.ThreadGroup:uncaughtException:-1]: 	at com.google.gson.internal.bind.ReflectiveTypeAdapterFactory$Adapter.read(ReflectiveTypeAdapterFactory.java:213)
[13:48:01] [AstralSorcery Patreon Effect Loader/INFO] [STDERR]: [java.lang.ThreadGroup:uncaughtException:-1]: 	... 4 more
[13:48:01] [Server thread/INFO] [Astral Sorcery]: Loaded OAK of minecraft into tree registry.
[13:48:01] [Server thread/INFO] [Astral Sorcery]: Loaded SPRUCE of minecraft into tree registry.
[13:48:01] [Server thread/INFO] [Astral Sorcery]: Loaded BIRCH of minecraft into tree registry.
[13:48:01] [Server thread/INFO] [Astral Sorcery]: Loaded JUNGLE of minecraft into tree registry.
[13:48:01] [Server thread/INFO] [Astral Sorcery]: Loaded ACACIA of minecraft into tree registry.
[13:48:01] [Server thread/INFO] [Astral Sorcery]: Loaded DARK_OAK of minecraft into tree registry.
[13:48:01] [Server thread/INFO] [Astral Sorcery]: Loaded SLIME of tconstruct into tree registry.
[13:48:02] [Thread-25/INFO] [Cyclops Core]: Cyclops Core is up-to-date!
[13:48:02] [Thread-25/INFO] [CommonCapabilities]: CommonCapabilities is up-to-date!
[13:48:03] [Server thread/WARN] [FML]: Potentially Dangerous alternative prefix `chiselsandbits` for name `mod.chiselsandbits.tileentitychiseled`, expected `mcmultipart`. This could be a intended override, but in most cases indicates a broken mod.
[13:48:03] [Server thread/INFO] [Mekanism]: Version 9.8.3 initializing...
[13:48:03] [Server thread/INFO] [Mekanism]: Loading complete.
[13:48:03] [Server thread/INFO] [Mekanism]: Mod loaded.
[13:48:03] [Server thread/INFO] [Engineer's Doors]: Initializing doors module
[13:48:03] [Server thread/INFO] [Engineer's Doors]: Initializing fence gates module
[13:48:03] [Server thread/INFO] [Engineer's Doors]: Initializing trapdoors module
[13:48:03] [Server thread/WARN] [FML]: Overriding existing radiation moderator data for <redstone>
[13:48:03] [Server thread/WARN] [FML]: Overriding existing radiation moderator data for <glowstone>
[13:48:03] [Server thread/WARN] [FML]: Overriding existing radiation moderator data for <ender>
[13:48:03] [Server thread/ERROR] [farmingforblockheads]: Unknown item 'minecraft:mooshroom_spawn_egg' in Market
[13:48:03] [Server thread/INFO] [foamfix]: Deduplicated 680 property sets.
[13:48:03] [Server thread/INFO] [foamfix]: Weakening LaunchWrapper resource cache...
[13:48:03] [Server thread/INFO] [STDOUT]: [flaxbeard.immersivepetroleum.common.Config:addConfigReservoirs:689]: aquifer, water, 5000000, 10000000, 6, 30, [], [0], [], []
[13:48:03] [Server thread/INFO] [STDOUT]: [flaxbeard.immersivepetroleum.common.Config:addConfigReservoirs:720]: Added resevoir type aquifer
[13:48:03] [Server thread/INFO] [STDOUT]: [flaxbeard.immersivepetroleum.common.Config:addConfigReservoirs:689]: oil, oil, 2500000, 15000000, 6, 40, [1], [], [], []
[13:48:03] [Server thread/INFO] [STDOUT]: [flaxbeard.immersivepetroleum.common.Config:addConfigReservoirs:720]: Added resevoir type oil
[13:48:03] [Server thread/INFO] [STDOUT]: [flaxbeard.immersivepetroleum.common.Config:addConfigReservoirs:689]: lava, lava, 250000, 1000000, 0, 30, [1], [], [], []
[13:48:03] [Server thread/INFO] [STDOUT]: [flaxbeard.immersivepetroleum.common.Config:addConfigReservoirs:720]: Added resevoir type lava
[13:48:03] [Server thread/INFO] [STDOUT]: [flaxbeard.immersivepetroleum.common.Config:addDistillationRecipe:376]: Added distillation recipe using oil
[13:48:03] [Server thread/INFO] [STDOUT]: [flaxbeard.immersivepetroleum.common.Config:addDistillationRecipe:378]: Bitumen
[13:48:03] [Server thread/INFO] [reborncore]: Found 521 ores
[13:48:03] [Server thread/INFO] [reborncore]: Created new network wrapper rc&me.modmuss5&18880
[13:48:03] [Server thread/INFO] [reborncore]: Registed packet to rc&me.modmuss5&18880 side: SERVER id:0
[13:48:03] [Server thread/INFO] [reborncore]: Registed packet to rc&me.modmuss5&18880 side: CLIENT id:1
[13:48:03] [Server thread/INFO] [reborncore]: Created new network wrapper rc&reborncore.&64769
[13:48:03] [Server thread/INFO] [reborncore]: Registed packet to rc&reborncore.&64769 side: SERVER id:0
[13:48:03] [Server thread/INFO] [reborncore]: Created new network wrapper rc&reborncore.&39932
[13:48:03] [Server thread/INFO] [reborncore]: Registed packet to rc&reborncore.&39932 side: CLIENT id:0
[13:48:03] [Server thread/INFO] [reborncore]: Registed packet to rc&reborncore.&39932 side: SERVER id:1
[13:48:03] [Server thread/INFO] [reborncore]: Registed packet to rc&reborncore.&39932 side: SERVER id:2
[13:48:03] [Server thread/INFO] [reborncore]: Registed packet to rc&reborncore.&39932 side: SERVER id:3
[13:48:03] [Server thread/INFO] [reborncore]: Registed packet to rc&reborncore.&39932 side: CLIENT id:4
[13:48:03] [Server thread/INFO] [reborncore]: Registed packet to rc&reborncore.&39932 side: CLIENT id:5
[13:48:03] [Server thread/INFO] [reborncore]: Registed packet to rc&reborncore.&39932 side: SERVER id:6
[13:48:03] [Server thread/INFO] [reborncore]: Registed packet to rc&reborncore.&39932 side: SERVER id:7
[13:48:03] [Server thread/INFO] [reborncore]: Registed packet to rc&reborncore.&39932 side: CLIENT id:8
[13:48:03] [Server thread/INFO] [reborncore]: Registed packet to rc&reborncore.&39932 side: CLIENT id:9
[13:48:03] [Server thread/INFO] [reborncore]: Registed packet to rc&reborncore.&39932 side: CLIENT id:10
[13:48:03] [Server thread/INFO] [reborncore]: Loaded registrys for net.minecraftforge.fml.common.event.FMLInitializationEvent in 0ms
[13:48:03] [Server thread/INFO] [Mekanism]: Loaded MekanismGenerators module.
[13:48:03] [Server thread/INFO] [Mekanism]: Loaded 'Mekanism: Tools' module.
[13:48:03] [Server thread/INFO] [nmsot]: Now parsing woodlogs    # This line disables mob spawning on all types of wood logs.
[13:48:03] [Server thread/INFO] [nmsot]: Now parsing block:minecraft:brown_mushroom_block || block:minecraft:red_mushroom_block
[13:48:03] [Server thread/INFO] [nmsot]: Now parsing # The above line disables mob spawning on mushroom blocks.
[13:48:03] [Server thread/INFO] [examplemod]: DIRT BLOCK >> minecraft:dirt
[13:48:03] [Server thread/INFO] [nuclearcraft]: Initializing...
[13:48:03] [Server thread/INFO] [harvestcraft]: minecraft:ocean;OCEAN;0.5;false;false;false;[OCEAN, WATER]
[13:48:03] [Server thread/INFO] [harvestcraft]: minecraft:plains;MEDIUM;0.8;false;false;false;[PLAINS]
[13:48:03] [Server thread/INFO] [harvestcraft]: minecraft:desert;WARM;2.0;false;false;false;[SANDY, HOT, DRY]
[13:48:03] [Server thread/INFO] [harvestcraft]: minecraft:extreme_hills;MEDIUM;0.2;false;false;false;[MOUNTAIN, HILLS]
[13:48:03] [Server thread/INFO] [harvestcraft]: minecraft:forest;MEDIUM;0.7;false;false;false;[FOREST]
[13:48:03] [Server thread/INFO] [harvestcraft]: minecraft:taiga;MEDIUM;0.25;false;false;false;[COLD, FOREST, CONIFEROUS]
[13:48:03] [Server thread/INFO] [harvestcraft]: minecraft:swampland;MEDIUM;0.8;true;false;false;[SWAMP, WET]
[13:48:03] [Server thread/INFO] [harvestcraft]: minecraft:river;MEDIUM;0.5;false;false;false;[WATER, RIVER]
[13:48:03] [Server thread/INFO] [harvestcraft]: minecraft:hell;WARM;2.0;false;false;false;[NETHER, HOT, DRY]
[13:48:03] [Server thread/INFO] [harvestcraft]: minecraft:sky;MEDIUM;0.5;false;false;false;[COLD, END, DRY]
[13:48:03] [Server thread/INFO] [harvestcraft]: minecraft:frozen_ocean;OCEAN;0.0;false;false;true;[COLD, OCEAN, SNOWY, WATER]
[13:48:03] [Server thread/INFO] [harvestcraft]: minecraft:frozen_river;COLD;0.0;false;false;true;[COLD, SNOWY, WATER, RIVER]
[13:48:03] [Server thread/INFO] [harvestcraft]: minecraft:ice_flats;COLD;0.0;false;false;true;[COLD, SNOWY, WASTELAND]
[13:48:03] [Server thread/INFO] [harvestcraft]: minecraft:ice_mountains;COLD;0.0;false;false;true;[COLD, MOUNTAIN, SNOWY]
[13:48:03] [Server thread/INFO] [harvestcraft]: minecraft:mushroom_island;MEDIUM;0.9;true;false;false;[RARE, MUSHROOM]
[13:48:03] [Server thread/INFO] [harvestcraft]: minecraft:mushroom_island_shore;MEDIUM;0.9;true;false;false;[BEACH, RARE, MUSHROOM]
[13:48:03] [Server thread/INFO] [harvestcraft]: minecraft:beaches;MEDIUM;0.8;false;false;false;[BEACH]
[13:48:03] [Server thread/INFO] [harvestcraft]: minecraft:desert_hills;WARM;2.0;false;false;false;[SANDY, HILLS, HOT, DRY]
[13:48:03] [Server thread/INFO] [harvestcraft]: minecraft:forest_hills;MEDIUM;0.7;false;false;false;[FOREST, HILLS]
[13:48:03] [Server thread/INFO] [harvestcraft]: minecraft:taiga_hills;MEDIUM;0.25;false;false;false;[COLD, FOREST, HILLS, CONIFEROUS]
[13:48:03] [Server thread/INFO] [harvestcraft]: minecraft:smaller_extreme_hills;MEDIUM;0.2;false;false;false;[MOUNTAIN]
[13:48:03] [Server thread/INFO] [harvestcraft]: minecraft:jungle;MEDIUM;0.95;true;false;false;[JUNGLE, HOT, WET, DENSE]
[13:48:03] [Server thread/INFO] [harvestcraft]: minecraft:jungle_hills;MEDIUM;0.95;true;false;false;[JUNGLE, HILLS, HOT, WET, DENSE]
[13:48:03] [Server thread/INFO] [harvestcraft]: minecraft:jungle_edge;MEDIUM;0.95;false;false;false;[JUNGLE, FOREST, RARE, HOT, WET]
[13:48:03] [Server thread/INFO] [harvestcraft]: minecraft:deep_ocean;OCEAN;0.5;false;false;false;[OCEAN, WATER]
[13:48:03] [Server thread/INFO] [harvestcraft]: minecraft:stone_beach;MEDIUM;0.2;false;false;false;[BEACH]
[13:48:03] [Server thread/INFO] [harvestcraft]: minecraft:cold_beach;COLD;0.05;false;false;true;[COLD, BEACH, SNOWY]
[13:48:03] [Server thread/INFO] [harvestcraft]: minecraft:birch_forest;MEDIUM;0.6;false;false;false;[FOREST]
[13:48:03] [Server thread/INFO] [harvestcraft]: minecraft:birch_forest_hills;MEDIUM;0.6;false;false;false;[FOREST, HILLS]
[13:48:03] [Server thread/INFO] [harvestcraft]: minecraft:roofed_forest;MEDIUM;0.7;false;false;false;[FOREST, SPOOKY, DENSE]
[13:48:03] [Server thread/INFO] [harvestcraft]: minecraft:taiga_cold;COLD;-0.5;false;false;true;[COLD, SNOWY, FOREST, CONIFEROUS]
[13:48:03] [Server thread/INFO] [harvestcraft]: minecraft:taiga_cold_hills;COLD;-0.5;false;false;true;[COLD, SNOWY, FOREST, HILLS, CONIFEROUS]
[13:48:03] [Server thread/INFO] [harvestcraft]: minecraft:redwood_taiga;MEDIUM;0.3;false;false;false;[COLD, FOREST, CONIFEROUS]
[13:48:03] [Server thread/INFO] [harvestcraft]: minecraft:redwood_taiga_hills;MEDIUM;0.3;false;false;false;[COLD, FOREST, HILLS, CONIFEROUS]
[13:48:03] [Server thread/INFO] [harvestcraft]: minecraft:extreme_hills_with_trees;MEDIUM;0.2;false;false;false;[MOUNTAIN, SPARSE, FOREST]
[13:48:03] [Server thread/INFO] [harvestcraft]: minecraft:savanna;WARM;1.2;false;false;false;[SPARSE, HOT, SAVANNA, PLAINS]
[13:48:03] [Server thread/INFO] [harvestcraft]: minecraft:savanna_rock;WARM;1.0;false;false;false;[SPARSE, RARE, HOT, SAVANNA, PLAINS]
[13:48:03] [Server thread/INFO] [harvestcraft]: minecraft:mesa;WARM;2.0;false;false;false;[SANDY, MESA, DRY]
[13:48:03] [Server thread/INFO] [harvestcraft]: minecraft:mesa_rock;WARM;2.0;false;false;false;[SANDY, MESA, SPARSE, DRY]
[13:48:03] [Server thread/INFO] [harvestcraft]: minecraft:mesa_clear_rock;WARM;2.0;false;false;false;[SANDY, MESA, DRY]
[13:48:03] [Server thread/INFO] [harvestcraft]: minecraft:void;MEDIUM;0.5;false;false;false;[VOID]
[13:48:03] [Server thread/INFO] [harvestcraft]: minecraft:mutated_plains;MEDIUM;0.8;false;true;false;[RARE, PLAINS]
[13:48:03] [Server thread/INFO] [harvestcraft]: minecraft:mutated_desert;WARM;2.0;false;true;false;[SANDY, RARE, HOT, DRY]
[13:48:03] [Server thread/INFO] [harvestcraft]: minecraft:mutated_extreme_hills;MEDIUM;0.2;false;true;false;[MOUNTAIN, SPARSE, RARE]
[13:48:03] [Server thread/INFO] [harvestcraft]: minecraft:mutated_forest;MEDIUM;0.7;false;true;false;[FOREST, RARE, HILLS]
[13:48:03] [Server thread/INFO] [harvestcraft]: minecraft:mutated_taiga;MEDIUM;0.25;false;true;false;[COLD, MOUNTAIN, FOREST, RARE, CONIFEROUS]
[13:48:03] [Server thread/INFO] [harvestcraft]: minecraft:mutated_swampland;MEDIUM;0.8;true;true;false;[RARE, SWAMP, HILLS, WET]
[13:48:03] [Server thread/INFO] [harvestcraft]: minecraft:mutated_ice_flats;COLD;0.0;false;true;true;[COLD, SNOWY, RARE, HILLS]
[13:48:03] [Server thread/INFO] [harvestcraft]: minecraft:mutated_jungle;MEDIUM;0.95;true;true;false;[JUNGLE, MOUNTAIN, RARE, HOT, WET, DENSE]
[13:48:03] [Server thread/INFO] [harvestcraft]: minecraft:mutated_jungle_edge;MEDIUM;0.95;false;true;false;[JUNGLE, SPARSE, RARE, HILLS, HOT]
[13:48:03] [Server thread/INFO] [harvestcraft]: minecraft:mutated_birch_forest;MEDIUM;0.6;false;true;false;[FOREST, RARE, HILLS, DENSE]
[13:48:03] [Server thread/INFO] [harvestcraft]: minecraft:mutated_birch_forest_hills;MEDIUM;0.6;false;true;false;[MOUNTAIN, FOREST, RARE, DENSE]
[13:48:03] [Server thread/INFO] [harvestcraft]: minecraft:mutated_roofed_forest;MEDIUM;0.7;false;true;false;[MOUNTAIN, FOREST, RARE, SPOOKY, DENSE]
[13:48:03] [Server thread/INFO] [harvestcraft]: minecraft:mutated_taiga_cold;COLD;-0.5;false;true;true;[COLD, MOUNTAIN, SNOWY, FOREST, RARE, CONIFEROUS]
[13:48:03] [Server thread/INFO] [harvestcraft]: minecraft:mutated_redwood_taiga;MEDIUM;0.25;false;true;false;[FOREST, RARE, DENSE]
[13:48:03] [Server thread/INFO] [harvestcraft]: minecraft:mutated_redwood_taiga_hills;MEDIUM;0.25;false;true;false;[FOREST, RARE, HILLS, DENSE]
[13:48:03] [Server thread/INFO] [harvestcraft]: minecraft:mutated_extreme_hills_with_trees;MEDIUM;0.2;false;true;false;[MOUNTAIN, SPARSE, RARE]
[13:48:03] [Server thread/INFO] [harvestcraft]: minecraft:mutated_savanna;WARM;1.1;false;true;false;[SPARSE, MOUNTAIN, RARE, HOT, DRY, SAVANNA]
[13:48:03] [Server thread/INFO] [harvestcraft]: minecraft:mutated_savanna_rock;WARM;1.0;false;true;false;[SPARSE, RARE, HILLS, HOT, DRY, SAVANNA]
[13:48:03] [Server thread/INFO] [harvestcraft]: minecraft:mutated_mesa;WARM;2.0;false;true;false;[SPARSE, MOUNTAIN, RARE, HOT, DRY]
[13:48:03] [Server thread/INFO] [harvestcraft]: minecraft:mutated_mesa_rock;WARM;2.0;false;true;false;[SPARSE, RARE, HILLS, HOT, DRY]
[13:48:03] [Server thread/INFO] [harvestcraft]: minecraft:mutated_mesa_clear_rock;WARM;2.0;false;true;false;[SPARSE, MOUNTAIN, RARE, HOT, DRY]
[13:48:03] [Server thread/INFO] [harvestcraft]: thaumcraft:magical_forest;MEDIUM;0.8;false;false;false;[FOREST, MAGICAL]
[13:48:03] [Server thread/INFO] [harvestcraft]: thaumcraft:eerie;MEDIUM;0.8;false;false;false;[MAGICAL, SPOOKY]
[13:48:03] [Server thread/INFO] [harvestcraft]: thaumcraft:eldritch;MEDIUM;0.8;false;false;false;[END, MAGICAL, SPOOKY]
[13:48:03] [Server thread/WARN] [FML]: No types have been added to Biome appliedenergistics2:storage_biome, types have been assigned on a best-effort guess: [COLD, PLAINS]
[13:48:03] [Server thread/INFO] [harvestcraft]: appliedenergistics2:storage_biome;COLD;-100.0;false;true;false;[COLD, PLAINS]
[13:48:03] [Server thread/INFO] [harvestcraft]: nuclearcraft:nuclear_wasteland;WARM;2.0;false;false;false;[SPARSE, DRY, HOT, SAVANNA, DEAD, WASTELAND]
[13:48:03] [Server thread/INFO] [harvestcraft]: advancedrocketry:moon;MEDIUM;0.3;false;false;false;[COLD, DRY, WASTELAND]
[13:48:03] [Server thread/INFO] [harvestcraft]: advancedrocketry:alien_forest;MEDIUM;0.5;false;false;false;[FOREST, MAGICAL]
[13:48:03] [Server thread/INFO] [harvestcraft]: advancedrocketry:hotdryrock;MEDIUM;0.9;false;false;false;[DRY, HOT, WASTELAND]
[13:48:03] [Server thread/INFO] [harvestcraft]: advancedrocketry:space;WARM;1.0;false;false;false;[VOID]
[13:48:03] [Server thread/INFO] [harvestcraft]: advancedrocketry:stormland;MEDIUM;0.9;true;false;false;[HOT, WASTELAND, WET]
[13:48:03] [Server thread/INFO] [harvestcraft]: advancedrocketry:crystalchasms;COLD;0.1;false;false;false;[SNOWY, WASTELAND]
[13:48:03] [Server thread/INFO] [harvestcraft]: advancedrocketry:deepswamp;MEDIUM;0.9;true;false;false;[HOT, WET]
[13:48:03] [Server thread/INFO] [harvestcraft]: advancedrocketry:marsh;MEDIUM;0.5;false;false;false;[HOT, WET]
[13:48:03] [Server thread/INFO] [harvestcraft]: advancedrocketry:oceanspires;MEDIUM;0.5;false;false;false;[OCEAN, WATER]
[13:48:03] [Server thread/INFO] [harvestcraft]: advancedrocketry:moondark;MEDIUM;0.3;false;false;false;[COLD, DRY, WASTELAND]
[13:48:03] [Server thread/INFO] [harvestcraft]: advancedrocketry:volcanic;WARM;1.0;false;false;false;[MOUNTAIN, DRY, HOT, WASTELAND]
[13:48:03] [Server thread/INFO] [harvestcraft]: advancedrocketry:volcanicbarren;WARM;1.0;false;false;false;[MOUNTAIN, DRY, HOT, WASTELAND]
[13:48:03] [Server thread/WARN] [FML]: No types have been added to Biome aroma1997sdimension:miningbiome, types have been assigned on a best-effort guess: [PLAINS]
[13:48:03] [Server thread/INFO] [harvestcraft]: aroma1997sdimension:miningbiome;MEDIUM;0.5;false;false;false;[PLAINS]
[13:48:03] [Server thread/INFO] [harvestcraft]: Registering drops for shadedGarden.
[13:48:03] [Server thread/INFO] [harvestcraft]: Registering drops for tropicalGarden.
[13:48:03] [Server thread/INFO] [harvestcraft]: Registering drops for windyGarden.
[13:48:03] [Server thread/INFO] [harvestcraft]: Registering drops for frostGarden.
[13:48:03] [Server thread/INFO] [harvestcraft]: Registering drops for aridGarden.
[13:48:03] [Server thread/INFO] [harvestcraft]: Registering drops for soggyGarden.
[13:48:03] [Server thread/WARN] [FML]: Potentially Dangerous alternative prefix `minecraft` for name `pamapiary`, expected `harvestcraft`. This could be a intended override, but in most cases indicates a broken mod.
[13:48:03] [Server thread/WARN] [FML]: Potentially Dangerous alternative prefix `minecraft` for name `pammarket`, expected `harvestcraft`. This could be a intended override, but in most cases indicates a broken mod.
[13:48:03] [Server thread/WARN] [FML]: Potentially Dangerous alternative prefix `minecraft` for name `pamshippingbin`, expected `harvestcraft`. This could be a intended override, but in most cases indicates a broken mod.
[13:48:03] [Server thread/WARN] [FML]: Potentially Dangerous alternative prefix `minecraft` for name `pampresser`, expected `harvestcraft`. This could be a intended override, but in most cases indicates a broken mod.
[13:48:03] [Server thread/WARN] [FML]: Potentially Dangerous alternative prefix `minecraft` for name `pamgroundtrap`, expected `harvestcraft`. This could be a intended override, but in most cases indicates a broken mod.
[13:48:03] [Server thread/WARN] [FML]: Potentially Dangerous alternative prefix `minecraft` for name `pamwatertrap`, expected `harvestcraft`. This could be a intended override, but in most cases indicates a broken mod.
[13:48:03] [Server thread/WARN] [FML]: Potentially Dangerous alternative prefix `minecraft` for name `pamwaterfilter`, expected `harvestcraft`. This could be a intended override, but in most cases indicates a broken mod.
[13:48:03] [Server thread/WARN] [FML]: Potentially Dangerous alternative prefix `minecraft` for name `pamgrinder`, expected `harvestcraft`. This could be a intended override, but in most cases indicates a broken mod.
[13:48:03] [Server thread/INFO] [Astral Core]: [AstralTransformer] Transforming alm : net.minecraft.enchantment.EnchantmentHelper with 1 patches!
[13:48:03] [Server thread/INFO] [Astral Core]: [AstralTransformer] Applied patch PATCHMODIFYENCHANTMENTLEVELS
[13:48:03] [Server thread/INFO] [Quark ASM]: Transforming net.minecraft.enchantment.EnchantmentHelper
[13:48:03] [Server thread/INFO] [Quark ASM]: Applying Transformation to method (Names [getEnchantments, func_82781_a] Descriptor (Lnet/minecraft/item/ItemStack;)Ljava/util/Map;)
[13:48:03] [Server thread/INFO] [Quark ASM]: Located Method, patching...
[13:48:03] [Server thread/INFO] [Quark ASM]: Located patch target node INVOKEVIRTUAL net/minecraft/item/ItemStack.func_77986_q ()Lnet/minecraft/nbt/NBTTagList;
[13:48:03] [Server thread/INFO] [Quark ASM]: Patch result: true
[13:48:04] [Server thread/INFO] [chameleon]: Could not load integration module: com.jaquadro.minecraft.storagedrawers.integration.Thaumcraft
[13:48:04] [Server thread/INFO] [thaumictinkerer]: Initializing Telekenetic powers
[13:48:04] [Server thread/WARN] [FML]: Potentially Dangerous alternative prefix `minecraft` for name `tile.tombmanygravesgrave_block`, expected `tombmanygraves`. This could be a intended override, but in most cases indicates a broken mod.
[13:48:04] [Server thread/INFO] [tombmanygraves]: [TombManyGraves]: Attempting to register special inventory: cosmeticarmor
[13:48:04] [Server thread/INFO] [tombmanygraves]: [TombManyGraves]: Added special inventory with id (cosmeticarmor) to TombManyGraves.
[13:48:04] [Server thread/INFO] [tombmanygraves]: [TombManyGraves]: Attempting to register special inventory: bauble
[13:48:04] [Server thread/INFO] [tombmanygraves]: [TombManyGraves]: Added special inventory with id (bauble) to TombManyGraves.
[13:48:04] [Server thread/INFO] [tombmanygraves]: [TombManyGraves]: Attempting to register special inventory: vanilla
[13:48:04] [Server thread/INFO] [tombmanygraves]: [TombManyGraves]: Added special inventory with id (vanilla) to TombManyGraves.
[13:48:04] [Server thread/INFO] [tombmanygraves]: [TombManyGraves]: Attempting to register special inventory: cosmeticarmor
[13:48:04] [Server thread/INFO] [tombmanygraves]: [TombManyGraves]: Special inventory with id (cosmeticarmor) already exists, but the new one is able to be overwritten. Ignoring new inventory.
[13:48:04] [Server thread/INFO] [tombmanygraves]: [TombManyGraves]: Attempting to register special inventory: eydamosbackpacks
[13:48:04] [Server thread/INFO] [tombmanygraves]: [TombManyGraves]: Added special inventory with id (eydamosbackpacks) to TombManyGraves.
[13:48:04] [Server thread/INFO] [betteranimalsplus]: Overspawning lammergeiers...
[13:48:04] [Server thread/INFO] [Chisel]: Received 9 IMC messages from mod immersiveengineering.
[13:48:04] [Server thread/INFO] [Chisel]: Received 18 IMC messages from mod quark.
[13:48:04] [Server thread/INFO] [Chisel]: Received 14 IMC messages from mod astralsorcery.
[13:48:04] [Server thread/INFO] [Chisel]: Received 22 IMC messages from mod tconstruct.
[13:48:04] [Server thread/INFO] [thermalfoundation]: Thermal Foundation: Tinkers' Construct Plugin Enabled.
[13:48:04] [Server thread/WARN] [thermalexpansion]: Thermal Expansion received an invalid IMC from chisel! Key was addcompactorpressrecipe
[13:48:04] [Server thread/WARN] [thermalexpansion]: Thermal Expansion received an invalid IMC from chisel! Key was addcompactorpressrecipe
[13:48:04] [Server thread/INFO] [enderio]: Processing IMC message recipe:xml from endercore
[13:48:04] [Server thread/INFO] [enderio]: Processing IMC message recipe:xml from endercore
[13:48:04] [Server thread/INFO] [enderio]: Processing IMC message fluidFuel:add from forestry
[13:48:04] [Server thread/INFO] [enderio]: Processing IMC message fluidCoolant:add from forestry
[13:48:04] [Server thread/INFO] [enderio]: Processing IMC message recipe:xml from jaopca
[13:48:04] [Server thread/INFO] [enderio]: Processing IMC message recipe:xml from jaopca
[13:48:04] [Server thread/INFO] [enderio]: Processing IMC message recipe:xml from jaopca
[13:48:04] [Server thread/INFO] [enderio]: Processing IMC message recipe:xml from jaopca
[13:48:04] [Server thread/INFO] [enderio]: Processing IMC message recipe:xml from jaopca
[13:48:04] [Server thread/INFO] [enderio]: Processing IMC message recipe:xml from jaopca
[13:48:04] [Server thread/INFO] [enderio]: Processing IMC message recipe:xml from jaopca
[13:48:04] [Server thread/INFO] [enderio]: Processing IMC message recipe:xml from jaopca
[13:48:04] [Server thread/INFO] [enderio]: Processing IMC message recipe:xml from jaopca
[13:48:04] [Server thread/INFO] [enderio]: Processing IMC message recipe:xml from jaopca
[13:48:04] [Server thread/INFO] [enderio]: Processing IMC message recipe:xml from jaopca
[13:48:04] [Server thread/INFO] [enderio]: Processing IMC message recipe:xml from jaopca
[13:48:04] [Server thread/INFO] [enderio]: Processing IMC message recipe:xml from jaopca
[13:48:04] [Server thread/INFO] [enderio]: Processing IMC message recipe:xml from jaopca
[13:48:04] [Server thread/INFO] [enderio]: Processing IMC message recipe:xml from jaopca
[13:48:04] [Server thread/INFO] [enderio]: Processing IMC message recipe:xml from jaopca
[13:48:04] [Server thread/INFO] [enderio]: Processing IMC message recipe:xml from jaopca
[13:48:04] [Server thread/INFO] [enderio]: Processing IMC message recipe:xml from jaopca
[13:48:04] [Server thread/INFO] [enderio]: Processing IMC message recipe:xml from jaopca
[13:48:04] [Server thread/INFO] [enderio]: Processing IMC message recipe:xml from jaopca
[13:48:04] [Server thread/INFO] [enderio]: Processing IMC message recipe:xml from jaopca
[13:48:04] [Server thread/INFO] [enderio]: Reading user recipe file spawner.xml
[13:48:04] [Server thread/INFO] [enderio]: Reading user recipe file user_recipes.xml
[13:48:05] [Server thread/INFO] [enderio]: Valid IMC recipes to be processed:
[13:48:05] [Server thread/INFO] [enderio]:  * Sagmill: AstralStarmetal Dust JAOPCA from IMC from mod 'jaopca'
[13:48:05] [Server thread/INFO] [enderio]:  * Sagmill: AstralStarmetal Block Dust JAOPCA from IMC from mod 'jaopca'
[13:48:05] [Server thread/INFO] [enderio]:  * Sagmill: Boron Dust JAOPCA from IMC from mod 'jaopca'
[13:48:05] [Server thread/INFO] [enderio]:  * Sagmill: Boron Block Dust JAOPCA from IMC from mod 'jaopca'
[13:48:05] [Server thread/INFO] [enderio]:  * Sagmill: Iridium Dust JAOPCA from IMC from mod 'jaopca'
[13:48:05] [Server thread/INFO] [enderio]:  * Sagmill: Iridium Block Dust JAOPCA from IMC from mod 'jaopca'
[13:48:05] [Server thread/INFO] [enderio]:  * Sagmill: Lithium Dust JAOPCA from IMC from mod 'jaopca'
[13:48:05] [Server thread/INFO] [enderio]:  * Sagmill: Lithium Block Dust JAOPCA from IMC from mod 'jaopca'
[13:48:05] [Server thread/INFO] [enderio]:  * Sagmill: Thorium Dust JAOPCA from IMC from mod 'jaopca'
[13:48:05] [Server thread/INFO] [enderio]:  * Sagmill: Thorium Block Dust JAOPCA from IMC from mod 'jaopca'
[13:48:05] [Server thread/INFO] [enderio]:  * Sagmill: Apatite Dust JAOPCA from IMC from mod 'jaopca'
[13:48:05] [Server thread/INFO] [enderio]:  * Sagmill: Apatite Block Dust JAOPCA from IMC from mod 'jaopca'
[13:48:05] [Server thread/INFO] [enderio]:  * Sagmill: Aquamarine Ore JAOPCA from IMC from mod 'jaopca'
[13:48:05] [Server thread/INFO] [enderio]:  * Sagmill: Aquamarine Dust JAOPCA from IMC from mod 'jaopca'
[13:48:05] [Server thread/INFO] [enderio]:  * Sagmill: Aquamarine Block Dust JAOPCA from IMC from mod 'jaopca'
[13:48:05] [Server thread/INFO] [enderio]:  * Sagmill: Dilithium Dust JAOPCA from IMC from mod 'jaopca'
[13:48:05] [Server thread/INFO] [enderio]:  * Sagmill: Dilithium Block Dust JAOPCA from IMC from mod 'jaopca'
[13:48:05] [Server thread/INFO] [enderio]:  * Sagmill: DimensionalShard Dust JAOPCA from IMC from mod 'jaopca'
[13:48:05] [Server thread/INFO] [enderio]:  * Sagmill: DimensionalShard Block Dust JAOPCA from IMC from mod 'jaopca'
[13:48:05] [Server thread/INFO] [enderio]:  * Sagmill: QuartzBlack Dust JAOPCA from IMC from mod 'jaopca'
[13:48:05] [Server thread/INFO] [enderio]:  * Sagmill: QuartzBlack Block Dust JAOPCA from IMC from mod 'jaopca'
[13:48:05] [Server thread/INFO] [enderio]:  * Enchanter: endercore:autosmelt from IMC from mod 'endercore'
[13:48:05] [Server thread/INFO] [enderio]:  * Enchanter: endercore:xpboost from IMC from mod 'endercore'
[13:48:05] [Server thread/INFO] [enderio]: Reading user recipe file spawner.xml
[13:48:05] [Server thread/INFO] [enderio]: Reading user recipe file user_recipes.xml
[13:48:05] [Server thread/WARN] [enderio]: Not adding supplied recipe as a recipe already exists for the input: 1xtile.blockcustomsandore@0
[13:48:05] [Server thread/INFO] [enderio]: Cannot add smelting recipe Smelting: Bronze Dust (1xic2.dust@0 => 1xitem.thermalfoundation.material@163) because another mod already has registered a recipe 1xic2.dust@0 => 1xic2.ingot@1.
[13:48:05] [Server thread/INFO] [enderio]: Cannot add smelting recipe Smelting: Electrum Dust (1xitem.immersiveengineering.metal@16 => 1xitem.thermalfoundation.material@161) because another mod already has registered a recipe 1xitem.immersiveengineering.metal@16 => 1xitem.immersiveengineering.metal@7.
[13:48:05] [Server thread/INFO] [enderio]: Cannot add smelting recipe Smelting: Graphite Dust (1xitem.bigreactors:dustgraphite@0 => 1xitem.nuclearcraft.ingot@8) because another mod already has registered a recipe 1xitem.bigreactors:dustgraphite@0 => 1xitem.bigreactors:ingotgraphite@0.
[13:48:05] [Server thread/INFO] [enderio]: Cannot add smelting recipe Smelting: Copper Dust (1xitem.immersiveengineering.metal@9 => 1xitem.thermalfoundation.material@128) because another mod already has registered a recipe 1xitem.immersiveengineering.metal@9 => 1xitem.immersiveengineering.metal@0.
[13:48:05] [Server thread/INFO] [enderio]: Cannot add smelting recipe Smelting: Copper Dust (1xic2.dust@4 => 1xitem.thermalfoundation.material@128) because another mod already has registered a recipe 1xic2.dust@4 => 1xic2.ingot@2.
[13:48:05] [Server thread/INFO] [enderio]: Cannot add smelting recipe Smelting: Copper Dust (1xitem.Dust@3 => 1xitem.thermalfoundation.material@128) because another mod already has registered a recipe 1xitem.Dust@3 => 1xitem.Ingot@5.
[13:48:05] [Server thread/INFO] [enderio]: Cannot add smelting recipe Smelting: Copper Dust (1xitem.dust@4 => 1xitem.thermalfoundation.material@128) because another mod already has registered a recipe 1xitem.dust@4 => 1xitem.ingot@4.
[13:48:05] [Server thread/INFO] [enderio]: Cannot add smelting recipe Smelting: Tin Dust (1xic2.dust@17 => 1xitem.thermalfoundation.material@129) because another mod already has registered a recipe 1xic2.dust@17 => 1xic2.ingot@6.
[13:48:05] [Server thread/INFO] [enderio]: Cannot add smelting recipe Smelting: Tin Dust (1xitem.Dust@4 => 1xitem.thermalfoundation.material@129) because another mod already has registered a recipe 1xitem.Dust@4 => 1xitem.Ingot@6.
[13:48:05] [Server thread/INFO] [enderio]: Cannot add smelting recipe Smelting: Tin Dust (1xitem.dust@5 => 1xitem.thermalfoundation.material@129) because another mod already has registered a recipe 1xitem.dust@5 => 1xitem.ingot@5.
[13:48:05] [Server thread/INFO] [enderio]: Cannot add smelting recipe Smelting: Lead Dust (1xitem.immersiveengineering.metal@11 => 1xitem.thermalfoundation.material@131) because another mod already has registered a recipe 1xitem.immersiveengineering.metal@11 => 1xitem.immersiveengineering.metal@2.
[13:48:05] [Server thread/INFO] [enderio]: Cannot add smelting recipe Smelting: Lead Dust (1xic2.dust@10 => 1xitem.thermalfoundation.material@131) because another mod already has registered a recipe 1xic2.dust@10 => 1xic2.ingot@3.
[13:48:05] [Server thread/INFO] [enderio]: Cannot add smelting recipe Smelting: Lead Dust (1xitem.Dust@6 => 1xitem.thermalfoundation.material@131) because another mod already has registered a recipe 1xitem.Dust@6 => 1xic2.ingot@3.
[13:48:05] [Server thread/INFO] [enderio]: Cannot add smelting recipe Smelting: Silver Dust (1xitem.immersiveengineering.metal@12 => 1xitem.thermalfoundation.material@130) because another mod already has registered a recipe 1xitem.immersiveengineering.metal@12 => 1xitem.immersiveengineering.metal@3.
[13:48:05] [Server thread/INFO] [enderio]: Cannot add smelting recipe Smelting: Silver Dust (1xic2.dust@14 => 1xitem.thermalfoundation.material@130) because another mod already has registered a recipe 1xic2.dust@14 => 1xic2.ingot@4.
[13:48:05] [Server thread/INFO] [enderio]: Cannot add smelting recipe Smelting: Silver Dust (1xitem.Dust@5 => 1xitem.thermalfoundation.material@130) because another mod already has registered a recipe 1xitem.Dust@5 => 1xic2.ingot@4.
[13:48:05] [Server thread/INFO] [enderio]: Cannot add smelting recipe Smelting: Nickel Dust (1xitem.immersiveengineering.metal@13 => 1xitem.thermalfoundation.material@133) because another mod already has registered a recipe 1xitem.immersiveengineering.metal@13 => 1xitem.immersiveengineering.metal@4.
[13:48:05] [Server thread/INFO] [enderio]: Cannot add smelting recipe Smelting: Aluminium Dust (1xitem.immersiveengineering.metal@10 => 1xitem.thermalfoundation.material@132) because another mod already has registered a recipe 1xitem.immersiveengineering.metal@10 => 1xitem.immersiveengineering.metal@1.
[13:48:05] [Server thread/INFO] [enderio]: Cannot add smelting recipe Smelting: Aluminium Dust (1xitem.dust@9 => 1xitem.thermalfoundation.material@132) because another mod already has registered a recipe 1xitem.dust@9 => 1xitem.ingot@9.
[13:48:05] [Server thread/WARN] [enderio]: Not adding supplied recipe as a recipe already exists for the input: 1xtile.thermalfoundation.ore@4
[13:48:05] [Server thread/WARN] [enderio]: Not adding supplied recipe as a recipe already exists for the input: 1xitem.thermalfoundation.material@132
[13:48:05] [Server thread/INFO] [enderio]: Cannot add smelting recipe Smelting: Aluminum Dust (1xitem.immersiveengineering.metal@10 => 1xitem.thermalfoundation.material@132) because another mod already has registered a recipe 1xitem.immersiveengineering.metal@10 => 1xitem.immersiveengineering.metal@1.
[13:48:05] [Server thread/INFO] [enderio]: Cannot add smelting recipe Smelting: Aluminum Dust (1xitem.dust@9 => 1xitem.thermalfoundation.material@132) because another mod already has registered a recipe 1xitem.dust@9 => 1xitem.ingot@9.
[13:48:05] [Server thread/WARN] [enderio]: Not adding supplied recipe as a recipe already exists for the input: 1xtile.thermalfoundation.storage@4
[13:48:05] [Server thread/INFO] [enderio]: Cannot add smelting recipe Smelting: Steel Dust (1xitem.immersiveengineering.metal@17 => 1xitem.thermalfoundation.material@160) because another mod already has registered a recipe 1xitem.immersiveengineering.metal@17 => 1xitem.immersiveengineering.metal@8.
[13:48:05] [Server thread/INFO] [enderio]: Cannot add smelting recipe Smelting: Steel Dust (1xitem.OtherDust@1 => 1xitem.thermalfoundation.material@160) because another mod already has registered a recipe 1xitem.OtherDust@1 => 1xitem.Ingot@4.
[13:48:05] [Server thread/INFO] [enderio]: Cannot add smelting recipe Smelting: Steel Dust (1xitem.dust@6 => 1xitem.thermalfoundation.material@160) because another mod already has registered a recipe 1xitem.dust@6 => 1xitem.ingot@6.
[13:48:05] [Server thread/INFO] [enderio]: Cannot add smelting recipe Smelting: Steel Dust (1xitem.bigreactors:duststeel@0 => 1xitem.thermalfoundation.material@160) because another mod already has registered a recipe 1xitem.bigreactors:duststeel@0 => 1xitem.bigreactors:ingotsteel@0.
[13:48:05] [Server thread/INFO] [enderio]: Cannot add smelting recipe Copper (1xitem.immersiveengineering.metal@9 => 1xitem.thermalfoundation.material@128) because another mod already has registered a recipe 1xitem.immersiveengineering.metal@9 => 1xitem.immersiveengineering.metal@0.
[13:48:05] [Server thread/INFO] [enderio]: Cannot add smelting recipe Copper (1xic2.dust@4 => 1xitem.thermalfoundation.material@128) because another mod already has registered a recipe 1xic2.dust@4 => 1xic2.ingot@2.
[13:48:05] [Server thread/INFO] [enderio]: Cannot add smelting recipe Copper (1xitem.Dust@3 => 1xitem.thermalfoundation.material@128) because another mod already has registered a recipe 1xitem.Dust@3 => 1xitem.Ingot@5.
[13:48:05] [Server thread/INFO] [enderio]: Cannot add smelting recipe Copper (1xitem.dust@4 => 1xitem.thermalfoundation.material@128) because another mod already has registered a recipe 1xitem.dust@4 => 1xitem.ingot@4.
[13:48:05] [Server thread/INFO] [enderio]: Cannot add smelting recipe Tin (1xic2.dust@17 => 1xitem.thermalfoundation.material@129) because another mod already has registered a recipe 1xic2.dust@17 => 1xic2.ingot@6.
[13:48:05] [Server thread/INFO] [enderio]: Cannot add smelting recipe Tin (1xitem.Dust@4 => 1xitem.thermalfoundation.material@129) because another mod already has registered a recipe 1xitem.Dust@4 => 1xitem.Ingot@6.
[13:48:05] [Server thread/INFO] [enderio]: Cannot add smelting recipe Tin (1xitem.dust@5 => 1xitem.thermalfoundation.material@129) because another mod already has registered a recipe 1xitem.dust@5 => 1xitem.ingot@5.
[13:48:06] [Server thread/INFO] [Mekanism]: bigreactors added recipe of type EnrichmentChamber to the recipe list.
[13:48:06] [Server thread/INFO] [Mekanism]: bigreactors added recipe of type Crusher to the recipe list.
[13:48:06] [Server thread/INFO] [Mekanism]: bigreactors added recipe of type Crusher to the recipe list.
[13:48:06] [Server thread/INFO] [Mekanism]: bigreactors added recipe of type Crusher to the recipe list.
[13:48:06] [Server thread/INFO] [Mekanism]: bigreactors added recipe of type Crusher to the recipe list.
[13:48:06] [Server thread/INFO] [Mekanism]: jaopca added recipe of type Combiner to the recipe list.
[13:48:06] [Server thread/INFO] [Mekanism]: jaopca added recipe of type Combiner to the recipe list.
[13:48:06] [Server thread/INFO] [Mekanism]: jaopca added recipe of type Combiner to the recipe list.
[13:48:06] [Server thread/INFO] [Mekanism]: jaopca added recipe of type Combiner to the recipe list.
[13:48:06] [Server thread/INFO] [Mekanism]: jaopca added recipe of type EnrichmentChamber to the recipe list.
[13:48:06] [Server thread/INFO] [Mekanism]: jaopca added recipe of type EnrichmentChamber to the recipe list.
[13:48:06] [Server thread/INFO] [Mekanism]: jaopca added recipe of type EnrichmentChamber to the recipe list.
[13:48:06] [Server thread/INFO] [Mekanism]: jaopca added recipe of type Crusher to the recipe list.
[13:48:06] [Server thread/INFO] [Mekanism]: jaopca added recipe of type Crusher to the recipe list.
[13:48:06] [Server thread/INFO] [Mekanism]: jaopca added recipe of type Crusher to the recipe list.
[13:48:06] [Server thread/INFO] [Mekanism]: jaopca added recipe of type Crusher to the recipe list.
[13:48:06] [Server thread/INFO] [Mekanism]: jaopca added recipe of type EnrichmentChamber to the recipe list.
[13:48:06] [Server thread/INFO] [Mekanism]: jaopca added recipe of type Combiner to the recipe list.
[13:48:06] [Server thread/INFO] [Mekanism]: jaopca added recipe of type EnrichmentChamber to the recipe list.
[13:48:06] [Server thread/INFO] [Mekanism]: jaopca added recipe of type Crusher to the recipe list.
[13:48:06] [Server thread/INFO] [Mekanism]: jaopca added recipe of type EnrichmentChamber to the recipe list.
[13:48:06] [Server thread/INFO] [Mekanism]: jaopca added recipe of type Combiner to the recipe list.
[13:48:06] [Server thread/INFO] [Mekanism]: jaopca added recipe of type EnrichmentChamber to the recipe list.
[13:48:06] [Server thread/INFO] [Mekanism]: jaopca added recipe of type Crusher to the recipe list.
[13:48:06] [Server thread/INFO] [Mekanism]: jaopca added recipe of type EnrichmentChamber to the recipe list.
[13:48:06] [Server thread/INFO] [Mekanism]: jaopca added recipe of type Combiner to the recipe list.
[13:48:06] [Server thread/INFO] [Mekanism]: jaopca added recipe of type EnrichmentChamber to the recipe list.
[13:48:06] [Server thread/INFO] [Mekanism]: jaopca added recipe of type Crusher to the recipe list.
[13:48:06] [Server thread/INFO] [Mekanism]: jaopca added recipe of type EnrichmentChamber to the recipe list.
[13:48:06] [Server thread/INFO] [Mekanism]: jaopca added recipe of type Combiner to the recipe list.
[13:48:06] [Server thread/INFO] [Mekanism]: jaopca added recipe of type EnrichmentChamber to the recipe list.
[13:48:06] [Server thread/INFO] [Mekanism]: jaopca added recipe of type Crusher to the recipe list.
[13:48:06] [Server thread/INFO] [Mekanism]: jaopca added recipe of type EnrichmentChamber to the recipe list.
[13:48:06] [Server thread/INFO] [Mekanism]: jaopca added recipe of type EnrichmentChamber to the recipe list.
[13:48:06] [Server thread/INFO] [Mekanism]: jaopca added recipe of type Combiner to the recipe list.
[13:48:06] [Server thread/INFO] [Mekanism]: jaopca added recipe of type Combiner to the recipe list.
[13:48:06] [Server thread/INFO] [Mekanism]: jaopca added recipe of type EnrichmentChamber to the recipe list.
[13:48:06] [Server thread/INFO] [Mekanism]: jaopca added recipe of type EnrichmentChamber to the recipe list.
[13:48:06] [Server thread/INFO] [Mekanism]: jaopca added recipe of type Crusher to the recipe list.
[13:48:06] [Server thread/INFO] [Mekanism]: jaopca added recipe of type Crusher to the recipe list.
[13:48:06] [Server thread/INFO] [Mekanism]: jaopca added recipe of type Crusher to the recipe list.
[13:48:06] [Server thread/INFO] [Mekanism]: jaopca added recipe of type EnrichmentChamber to the recipe list.
[13:48:06] [Server thread/INFO] [Mekanism]: jaopca added recipe of type Combiner to the recipe list.
[13:48:06] [Server thread/INFO] [Mekanism]: jaopca added recipe of type Combiner to the recipe list.
[13:48:06] [Server thread/INFO] [Mekanism]: jaopca added recipe of type Combiner to the recipe list.
[13:48:06] [Server thread/INFO] [Mekanism]: jaopca added recipe of type EnrichmentChamber to the recipe list.
[13:48:06] [Server thread/INFO] [Mekanism]: jaopca added recipe of type Crusher to the recipe list.
[13:48:06] [Server thread/INFO] [Mekanism]: jaopca added recipe of type EnrichmentChamber to the recipe list.
[13:48:06] [Server thread/INFO] [Mekanism]: jaopca added recipe of type Combiner to the recipe list.
[13:48:06] [Server thread/INFO] [Mekanism]: jaopca added recipe of type EnrichmentChamber to the recipe list.
[13:48:06] [Server thread/INFO] [Mekanism]: jaopca added recipe of type Crusher to the recipe list.
[13:48:06] [Server thread/INFO] [Mekanism]: jaopca added recipe of type EnrichmentChamber to the recipe list.
[13:48:06] [Server thread/INFO] [Mekanism]: jaopca added recipe of type Combiner to the recipe list.
[13:48:06] [Server thread/INFO] [Mekanism]: jaopca added recipe of type EnrichmentChamber to the recipe list.
[13:48:06] [Server thread/INFO] [Mekanism]: jaopca added recipe of type Crusher to the recipe list.
[13:48:06] [Server thread/INFO] [Mekanism]: jaopca added recipe of type EnrichmentChamber to the recipe list.
[13:48:06] [Server thread/INFO] [Mekanism]: jaopca added recipe of type EnrichmentChamber to the recipe list.
[13:48:06] [Server thread/INFO] [Mekanism]: jaopca added recipe of type Combiner to the recipe list.
[13:48:06] [Server thread/INFO] [Mekanism]: jaopca added recipe of type EnrichmentChamber to the recipe list.
[13:48:06] [Server thread/INFO] [Mekanism]: jaopca added recipe of type Crusher to the recipe list.
[13:48:06] [Server thread/INFO] [Mekanism]: jaopca added recipe of type EnrichmentChamber to the recipe list.
[13:48:06] [Server thread/INFO] [Mekanism]: jaopca added recipe of type Combiner to the recipe list.
[13:48:06] [Server thread/INFO] [Mekanism]: jaopca added recipe of type EnrichmentChamber to the recipe list.
[13:48:06] [Server thread/INFO] [Mekanism]: jaopca added recipe of type Crusher to the recipe list.
[13:48:06] [Server thread/INFO] [Mekanism]: jaopca added recipe of type EnrichmentChamber to the recipe list.
[13:48:06] [Server thread/INFO] [Mekanism]: jaopca added recipe of type Combiner to the recipe list.
[13:48:06] [Server thread/INFO] [Mekanism]: jaopca added recipe of type EnrichmentChamber to the recipe list.
[13:48:06] [Server thread/INFO] [Mekanism]: jaopca added recipe of type Crusher to the recipe list.
[13:48:06] [Server thread/INFO] [Mekanism]: jaopca added recipe of type EnrichmentChamber to the recipe list.
[13:48:06] [Server thread/INFO] [Mekanism]: jaopca added recipe of type EnrichmentChamber to the recipe list.
[13:48:06] [Server thread/INFO] [Mekanism]: jaopca added recipe of type EnrichmentChamber to the recipe list.
[13:48:06] [Server thread/INFO] [Mekanism]: jaopca added recipe of type EnrichmentChamber to the recipe list.
[13:48:06] [Server thread/INFO] [Mekanism]: jaopca added recipe of type Crusher to the recipe list.
[13:48:06] [Server thread/INFO] [Mekanism]: jaopca added recipe of type EnrichmentChamber to the recipe list.
[13:48:06] [Server thread/INFO] [Mekanism]: jaopca added recipe of type EnrichmentChamber to the recipe list.
[13:48:06] [Server thread/INFO] [Mekanism]: jaopca added recipe of type Crusher to the recipe list.
[13:48:06] [Server thread/INFO] [Mekanism]: jaopca added recipe of type EnrichmentChamber to the recipe list.
[13:48:06] [Server thread/INFO] [Mekanism]: jaopca added recipe of type EnrichmentChamber to the recipe list.
[13:48:06] [Server thread/INFO] [Mekanism]: jaopca added recipe of type EnrichmentChamber to the recipe list.
[13:48:06] [Server thread/INFO] [Mekanism]: jaopca added recipe of type Crusher to the recipe list.
[13:48:06] [Server thread/INFO] [Mekanism]: jaopca added recipe of type EnrichmentChamber to the recipe list.
[13:48:06] [Server thread/INFO] [Mekanism]: jaopca added recipe of type EnrichmentChamber to the recipe list.
[13:48:06] [Server thread/INFO] [Mekanism]: jaopca added recipe of type Crusher to the recipe list.
[13:48:06] [Server thread/INFO] [Mekanism]: jaopca added recipe of type EnrichmentChamber to the recipe list.
[13:48:06] [Server thread/INFO] [Mekanism]: jaopca added recipe of type EnrichmentChamber to the recipe list.
[13:48:06] [Server thread/INFO] [Mekanism]: jaopca added recipe of type EnrichmentChamber to the recipe list.
[13:48:06] [Server thread/INFO] [Mekanism]: jaopca added recipe of type Crusher to the recipe list.
[13:48:06] [Server thread/INFO] [Mekanism]: jaopca added recipe of type EnrichmentChamber to the recipe list.
[13:48:06] [Server thread/INFO] [Mekanism]: jaopca added recipe of type EnrichmentChamber to the recipe list.
[13:48:06] [Server thread/INFO] [Mekanism]: jaopca added recipe of type Crusher to the recipe list.
[13:48:06] [Server thread/INFO] [Mekanism]: jaopca added recipe of type EnrichmentChamber to the recipe list.
[13:48:06] [Server thread/INFO] [Mekanism]: jaopca added recipe of type EnrichmentChamber to the recipe list.
[13:48:06] [Server thread/INFO] [Mekanism]: jaopca added recipe of type Crusher to the recipe list.
[13:48:06] [Server thread/INFO] [Mekanism]: jaopca added recipe of type Crusher to the recipe list.
[13:48:06] [Server thread/INFO] [Mekanism]: jaopca added recipe of type Crusher to the recipe list.
[13:48:06] [Server thread/INFO] [Mekanism]: jaopca added recipe of type Crusher to the recipe list.
[13:48:06] [Server thread/INFO] [Mekanism]: jaopca added recipe of type Crusher to the recipe list.
[13:48:06] [Server thread/INFO] [Mekanism]: jaopca added recipe of type Crusher to the recipe list.
[13:48:06] [Server thread/INFO] [Mekanism]: jaopca added recipe of type Crusher to the recipe list.
[13:48:06] [Server thread/INFO] [Mekanism]: jaopca added recipe of type Crusher to the recipe list.
[13:48:06] [Server thread/INFO] [Mekanism]: jaopca added recipe of type Crusher to the recipe list.
[13:48:06] [Server thread/INFO] [Mekanism]: jaopca added recipe of type Crusher to the recipe list.
[13:48:06] [Server thread/INFO] [Mekanism]: jaopca added recipe of type Crusher to the recipe list.
[13:48:06] [Server thread/INFO] [Mekanism]: jaopca added recipe of type Crusher to the recipe list.
[13:48:06] [Server thread/INFO] [Mekanism]: jaopca added recipe of type Crusher to the recipe list.
[13:48:06] [Server thread/INFO] [Mekanism]: jaopca added recipe of type Crusher to the recipe list.
[13:48:06] [Server thread/INFO] [Mekanism]: jaopca added recipe of type Crusher to the recipe list.
[13:48:06] [Server thread/INFO] [Mekanism]: jaopca added recipe of type Crusher to the recipe list.
[13:48:06] [Server thread/INFO] [Mekanism]: jaopca added recipe of type PurificationChamber to the recipe list.
[13:48:06] [Server thread/INFO] [Mekanism]: jaopca added recipe of type PurificationChamber to the recipe list.
[13:48:06] [Server thread/INFO] [Mekanism]: jaopca added recipe of type PurificationChamber to the recipe list.
[13:48:06] [Server thread/INFO] [Mekanism]: jaopca added recipe of type PurificationChamber to the recipe list.
[13:48:06] [Server thread/INFO] [Mekanism]: jaopca added recipe of type PurificationChamber to the recipe list.
[13:48:06] [Server thread/INFO] [Mekanism]: jaopca added recipe of type PurificationChamber to the recipe list.
[13:48:06] [Server thread/INFO] [Mekanism]: jaopca added recipe of type PurificationChamber to the recipe list.
[13:48:06] [Server thread/INFO] [Mekanism]: jaopca added recipe of type PurificationChamber to the recipe list.
[13:48:06] [Server thread/INFO] [Mekanism]: jaopca added recipe of type PurificationChamber to the recipe list.
[13:48:06] [Server thread/INFO] [Mekanism]: jaopca added recipe of type PurificationChamber to the recipe list.
[13:48:06] [Server thread/INFO] [Mekanism]: jaopca added recipe of type PurificationChamber to the recipe list.
[13:48:06] [Server thread/INFO] [Mekanism]: jaopca added recipe of type PurificationChamber to the recipe list.
[13:48:06] [Server thread/INFO] [Mekanism]: jaopca added recipe of type PurificationChamber to the recipe list.
[13:48:06] [Server thread/INFO] [Mekanism]: jaopca added recipe of type PurificationChamber to the recipe list.
[13:48:06] [Server thread/INFO] [Mekanism]: jaopca added recipe of type PurificationChamber to the recipe list.
[13:48:06] [Server thread/INFO] [Mekanism]: jaopca added recipe of type PurificationChamber to the recipe list.
[13:48:06] [Server thread/INFO] [Mekanism]: jaopca added recipe of type PurificationChamber to the recipe list.
[13:48:06] [Server thread/INFO] [Mekanism]: jaopca added recipe of type PurificationChamber to the recipe list.
[13:48:06] [Server thread/INFO] [Mekanism]: jaopca added recipe of type PurificationChamber to the recipe list.
[13:48:06] [Server thread/INFO] [Mekanism]: jaopca added recipe of type PurificationChamber to the recipe list.
[13:48:06] [Server thread/INFO] [Mekanism]: jaopca added recipe of type PurificationChamber to the recipe list.
[13:48:06] [Server thread/INFO] [Mekanism]: jaopca added recipe of type PurificationChamber to the recipe list.
[13:48:06] [Server thread/INFO] [Mekanism]: jaopca added recipe of type PurificationChamber to the recipe list.
[13:48:06] [Server thread/INFO] [Mekanism]: jaopca added recipe of type PurificationChamber to the recipe list.
[13:48:06] [Server thread/INFO] [Mekanism]: jaopca added recipe of type PurificationChamber to the recipe list.
[13:48:06] [Server thread/INFO] [Mekanism]: jaopca added recipe of type PurificationChamber to the recipe list.
[13:48:06] [Server thread/INFO] [Mekanism]: jaopca added recipe of type PurificationChamber to the recipe list.
[13:48:06] [Server thread/INFO] [Mekanism]: jaopca added recipe of type PurificationChamber to the recipe list.
[13:48:06] [Server thread/INFO] [Mekanism]: jaopca added recipe of type PurificationChamber to the recipe list.
[13:48:06] [Server thread/INFO] [Mekanism]: jaopca added recipe of type PurificationChamber to the recipe list.
[13:48:06] [Server thread/INFO] [Mekanism]: jaopca added recipe of type PurificationChamber to the recipe list.
[13:48:06] [Server thread/INFO] [Mekanism]: jaopca added recipe of type PurificationChamber to the recipe list.
[13:48:06] [Server thread/INFO] [Mekanism]: jaopca added recipe of type PurificationChamber to the recipe list.
[13:48:06] [Server thread/INFO] [Mekanism]: jaopca added recipe of type PurificationChamber to the recipe list.
[13:48:06] [Server thread/INFO] [Mekanism]: jaopca added recipe of type ChemicalInjectionChamber to the recipe list.
[13:48:06] [Server thread/INFO] [Mekanism]: jaopca added recipe of type ChemicalInjectionChamber to the recipe list.
[13:48:06] [Server thread/INFO] [Mekanism]: jaopca added recipe of type ChemicalInjectionChamber to the recipe list.
[13:48:06] [Server thread/INFO] [Mekanism]: jaopca added recipe of type ChemicalInjectionChamber to the recipe list.
[13:48:06] [Server thread/INFO] [Mekanism]: jaopca added recipe of type ChemicalInjectionChamber to the recipe list.
[13:48:06] [Server thread/INFO] [Mekanism]: jaopca added recipe of type ChemicalInjectionChamber to the recipe list.
[13:48:06] [Server thread/INFO] [Mekanism]: jaopca added recipe of type ChemicalInjectionChamber to the recipe list.
[13:48:06] [Server thread/INFO] [Mekanism]: jaopca added recipe of type ChemicalInjectionChamber to the recipe list.
[13:48:06] [Server thread/INFO] [Mekanism]: jaopca added recipe of type ChemicalInjectionChamber to the recipe list.
[13:48:06] [Server thread/INFO] [Mekanism]: jaopca added recipe of type ChemicalInjectionChamber to the recipe list.
[13:48:06] [Server thread/INFO] [Mekanism]: jaopca added recipe of type ChemicalInjectionChamber to the recipe list.
[13:48:06] [Server thread/INFO] [Mekanism]: jaopca added recipe of type ChemicalInjectionChamber to the recipe list.
[13:48:06] [Server thread/INFO] [Mekanism]: jaopca added recipe of type ChemicalInjectionChamber to the recipe list.
[13:48:06] [Server thread/INFO] [Mekanism]: jaopca added recipe of type ChemicalInjectionChamber to the recipe list.
[13:48:06] [Server thread/INFO] [Mekanism]: jaopca added recipe of type ChemicalInjectionChamber to the recipe list.
[13:48:06] [Server thread/INFO] [Mekanism]: jaopca added recipe of type ChemicalInjectionChamber to the recipe list.
[13:48:06] [Server thread/INFO] [Mekanism]: jaopca added recipe of type ChemicalInjectionChamber to the recipe list.
[13:48:06] [Server thread/INFO] [Mekanism]: jaopca added recipe of type ChemicalInjectionChamber to the recipe list.
[13:48:06] [Server thread/INFO] [Mekanism]: jaopca added recipe of type ChemicalInjectionChamber to the recipe list.
[13:48:06] [Server thread/INFO] [Mekanism]: jaopca added recipe of type ChemicalInjectionChamber to the recipe list.
[13:48:06] [Server thread/INFO] [Mekanism]: jaopca added recipe of type ChemicalInjectionChamber to the recipe list.
[13:48:06] [Server thread/INFO] [Mekanism]: jaopca added recipe of type ChemicalInjectionChamber to the recipe list.
[13:48:06] [Server thread/INFO] [Mekanism]: jaopca added recipe of type ChemicalInjectionChamber to the recipe list.
[13:48:06] [Server thread/INFO] [Mekanism]: jaopca added recipe of type ChemicalInjectionChamber to the recipe list.
[13:48:06] [Server thread/INFO] [Mekanism]: jaopca added recipe of type ChemicalInjectionChamber to the recipe list.
[13:48:06] [Server thread/INFO] [Mekanism]: jaopca added recipe of type ChemicalInjectionChamber to the recipe list.
[13:48:06] [Server thread/INFO] [Mekanism]: jaopca added recipe of type ChemicalInjectionChamber to the recipe list.
[13:48:06] [Server thread/INFO] [Mekanism]: jaopca added recipe of type ChemicalInjectionChamber to the recipe list.
[13:48:06] [Server thread/INFO] [Mekanism]: jaopca added recipe of type ChemicalInjectionChamber to the recipe list.
[13:48:06] [Server thread/INFO] [Mekanism]: jaopca added recipe of type ChemicalInjectionChamber to the recipe list.
[13:48:06] [Server thread/INFO] [Mekanism]: jaopca added recipe of type ChemicalInjectionChamber to the recipe list.
[13:48:06] [Server thread/INFO] [Mekanism]: jaopca added recipe of type ChemicalInjectionChamber to the recipe list.
[13:48:06] [Server thread/INFO] [Mekanism]: jaopca added recipe of type ChemicalInjectionChamber to the recipe list.
[13:48:06] [Server thread/INFO] [Mekanism]: jaopca added recipe of type ChemicalInjectionChamber to the recipe list.
[13:48:06] [Server thread/INFO] [Mekanism]: jaopca added recipe of type ChemicalCrystallizer to the recipe list.
[13:48:06] [Server thread/INFO] [Mekanism]: jaopca added recipe of type ChemicalCrystallizer to the recipe list.
[13:48:06] [Server thread/INFO] [Mekanism]: jaopca added recipe of type ChemicalCrystallizer to the recipe list.
[13:48:06] [Server thread/INFO] [Mekanism]: jaopca added recipe of type ChemicalCrystallizer to the recipe list.
[13:48:06] [Server thread/INFO] [Mekanism]: jaopca added recipe of type ChemicalCrystallizer to the recipe list.
[13:48:06] [Server thread/INFO] [Mekanism]: jaopca added recipe of type ChemicalCrystallizer to the recipe list.
[13:48:06] [Server thread/INFO] [Mekanism]: jaopca added recipe of type ChemicalCrystallizer to the recipe list.
[13:48:06] [Server thread/INFO] [Mekanism]: jaopca added recipe of type ChemicalCrystallizer to the recipe list.
[13:48:06] [Server thread/INFO] [Mekanism]: jaopca added recipe of type ChemicalCrystallizer to the recipe list.
[13:48:06] [Server thread/INFO] [Mekanism]: jaopca added recipe of type ChemicalCrystallizer to the recipe list.
[13:48:06] [Server thread/INFO] [Mekanism]: jaopca added recipe of type ChemicalCrystallizer to the recipe list.
[13:48:06] [Server thread/INFO] [Mekanism]: jaopca added recipe of type ChemicalCrystallizer to the recipe list.
[13:48:06] [Server thread/INFO] [Mekanism]: jaopca added recipe of type ChemicalCrystallizer to the recipe list.
[13:48:06] [Server thread/INFO] [Mekanism]: jaopca added recipe of type ChemicalCrystallizer to the recipe list.
[13:48:06] [Server thread/INFO] [Mekanism]: jaopca added recipe of type ChemicalCrystallizer to the recipe list.
[13:48:06] [Server thread/INFO] [Mekanism]: jaopca added recipe of type ChemicalWasher to the recipe list.
[13:48:06] [Server thread/INFO] [Mekanism]: jaopca added recipe of type ChemicalWasher to the recipe list.
[13:48:06] [Server thread/INFO] [Mekanism]: jaopca added recipe of type ChemicalWasher to the recipe list.
[13:48:06] [Server thread/INFO] [Mekanism]: jaopca added recipe of type ChemicalWasher to the recipe list.
[13:48:06] [Server thread/INFO] [Mekanism]: jaopca added recipe of type ChemicalWasher to the recipe list.
[13:48:06] [Server thread/INFO] [Mekanism]: jaopca added recipe of type ChemicalWasher to the recipe list.
[13:48:06] [Server thread/INFO] [Mekanism]: jaopca added recipe of type ChemicalWasher to the recipe list.
[13:48:06] [Server thread/INFO] [Mekanism]: jaopca added recipe of type ChemicalWasher to the recipe list.
[13:48:06] [Server thread/INFO] [Mekanism]: jaopca added recipe of type ChemicalWasher to the recipe list.
[13:48:06] [Server thread/INFO] [Mekanism]: jaopca added recipe of type ChemicalWasher to the recipe list.
[13:48:06] [Server thread/INFO] [Mekanism]: jaopca added recipe of type ChemicalWasher to the recipe list.
[13:48:06] [Server thread/INFO] [Mekanism]: jaopca added recipe of type ChemicalWasher to the recipe list.
[13:48:06] [Server thread/INFO] [Mekanism]: jaopca added recipe of type ChemicalWasher to the recipe list.
[13:48:06] [Server thread/INFO] [Mekanism]: jaopca added recipe of type ChemicalWasher to the recipe list.
[13:48:06] [Server thread/INFO] [Mekanism]: jaopca added recipe of type ChemicalWasher to the recipe list.
[13:48:06] [Server thread/INFO] [Mekanism]: jaopca added recipe of type ChemicalDissolutionChamber to the recipe list.
[13:48:06] [Server thread/INFO] [Mekanism]: jaopca added recipe of type ChemicalDissolutionChamber to the recipe list.
[13:48:06] [Server thread/INFO] [Mekanism]: jaopca added recipe of type ChemicalDissolutionChamber to the recipe list.
[13:48:06] [Server thread/INFO] [Mekanism]: jaopca added recipe of type ChemicalDissolutionChamber to the recipe list.
[13:48:06] [Server thread/INFO] [Mekanism]: jaopca added recipe of type ChemicalDissolutionChamber to the recipe list.
[13:48:06] [Server thread/INFO] [Mekanism]: jaopca added recipe of type ChemicalDissolutionChamber to the recipe list.
[13:48:06] [Server thread/INFO] [Mekanism]: jaopca added recipe of type ChemicalDissolutionChamber to the recipe list.
[13:48:06] [Server thread/INFO] [Mekanism]: jaopca added recipe of type ChemicalDissolutionChamber to the recipe list.
[13:48:06] [Server thread/INFO] [Mekanism]: jaopca added recipe of type ChemicalDissolutionChamber to the recipe list.
[13:48:06] [Server thread/INFO] [Mekanism]: jaopca added recipe of type ChemicalDissolutionChamber to the recipe list.
[13:48:06] [Server thread/INFO] [Mekanism]: jaopca added recipe of type ChemicalDissolutionChamber to the recipe list.
[13:48:06] [Server thread/INFO] [Mekanism]: jaopca added recipe of type ChemicalDissolutionChamber to the recipe list.
[13:48:06] [Server thread/INFO] [Mekanism]: jaopca added recipe of type ChemicalDissolutionChamber to the recipe list.
[13:48:06] [Server thread/INFO] [Mekanism]: jaopca added recipe of type ChemicalDissolutionChamber to the recipe list.
[13:48:06] [Server thread/INFO] [Mekanism]: jaopca added recipe of type ChemicalDissolutionChamber to the recipe list.
[13:48:06] [Server thread/INFO] [Mekanism]: jaopca added recipe of type ChemicalDissolutionChamber to the recipe list.
[13:48:06] [Server thread/INFO] [Mekanism]: jaopca added recipe of type ChemicalDissolutionChamber to the recipe list.
[13:48:06] [Server thread/INFO] [Mekanism]: jaopca added recipe of type ChemicalDissolutionChamber to the recipe list.
[13:48:06] [Server thread/INFO] [Mekanism]: jaopca added recipe of type ChemicalDissolutionChamber to the recipe list.
[13:48:06] [Server thread/INFO] [mcjtylib_ng]: Received RFTools dimension manager request from mod 'rftools'
[13:48:06] [Server thread/INFO] [FML]: Injecting itemstacks
[13:48:06] [Server thread/INFO] [FML]: Itemstack injection complete
[13:48:06] [Server thread/INFO] [Actually Additions]: Starting PostInitialization Phase...
[13:48:06] [Server thread/INFO] [Actually Additions]: Initializing Crusher Recipes...
[13:48:06] [Server thread/INFO] [Actually Additions]: Registered a total of 105 booklet chapters, where 309 out of 427 booklet pages contain information about items or fluids!
[13:48:06] [Server thread/INFO] [Actually Additions]: PostInitializing ServerProxy...
[13:48:06] [Server thread/INFO] [Actually Additions]: PostInitialization Finished.
[13:48:06] [Server thread/WARN] [ic2.Recipe]: Late recipe loading failed.
ic2.core.util.Config$ParseException: Conflicting recipe at line 42 (OreDict:logWood = minecraft:planks*6 @hardness:1).
	at ic2.core.init.Rezepte.loadMachineRecipe(Rezepte.java:583) ~[Rezepte.class:?]
	at ic2.core.init.Rezepte.loadFailedRecipes(Rezepte.java:151) [Rezepte.class:?]
	at ic2.core.IC2.modsLoaded(IC2.java:351) [IC2.class:?]
	at sun.reflect.NativeMethodAccessorImpl.invoke0(Native Method) ~[?:1.8.0_503]
	at sun.reflect.NativeMethodAccessorImpl.invoke(Unknown Source) ~[?:1.8.0_503]
	at sun.reflect.DelegatingMethodAccessorImpl.invoke(Unknown Source) ~[?:1.8.0_503]
	at java.lang.reflect.Method.invoke(Unknown Source) ~[?:1.8.0_503]
	at net.minecraftforge.fml.common.FMLModContainer.handleModStateEvent(FMLModContainer.java:637) [FMLModContainer.class:?]
	at sun.reflect.GeneratedMethodAccessor10.invoke(Unknown Source) ~[?:?]
	at sun.reflect.DelegatingMethodAccessorImpl.invoke(Unknown Source) ~[?:1.8.0_503]
	at java.lang.reflect.Method.invoke(Unknown Source) ~[?:1.8.0_503]
	at com.google.common.eventbus.Subscriber.invokeSubscriberMethod(Subscriber.java:91) [minecraft_server.1.12.2.jar:?]
	at com.google.common.eventbus.Subscriber$SynchronizedSubscriber.invokeSubscriberMethod(Subscriber.java:150) [minecraft_server.1.12.2.jar:?]
	at com.google.common.eventbus.Subscriber$1.run(Subscriber.java:76) [minecraft_server.1.12.2.jar:?]
	at com.google.common.util.concurrent.MoreExecutors$DirectExecutor.execute(MoreExecutors.java:399) [minecraft_server.1.12.2.jar:?]
	at com.google.common.eventbus.Subscriber.dispatchEvent(Subscriber.java:71) [minecraft_server.1.12.2.jar:?]
	at com.google.common.eventbus.Dispatcher$PerThreadQueuedDispatcher.dispatch(Dispatcher.java:116) [minecraft_server.1.12.2.jar:?]
	at com.google.common.eventbus.EventBus.post(EventBus.java:217) [minecraft_server.1.12.2.jar:?]
	at net.minecraftforge.fml.common.LoadController.sendEventToModContainer(LoadController.java:219) [LoadController.class:?]
	at net.minecraftforge.fml.common.LoadController.propogateStateMessage(LoadController.java:197) [LoadController.class:?]
	at sun.reflect.NativeMethodAccessorImpl.invoke0(Native Method) ~[?:1.8.0_503]
	at sun.reflect.NativeMethodAccessorImpl.invoke(Unknown Source) ~[?:1.8.0_503]
	at sun.reflect.DelegatingMethodAccessorImpl.invoke(Unknown Source) ~[?:1.8.0_503]
	at java.lang.reflect.Method.invoke(Unknown Source) ~[?:1.8.0_503]
	at com.google.common.eventbus.Subscriber.invokeSubscriberMethod(Subscriber.java:91) [minecraft_server.1.12.2.jar:?]
	at com.google.common.eventbus.Subscriber$SynchronizedSubscriber.invokeSubscriberMethod(Subscriber.java:150) [minecraft_server.1.12.2.jar:?]
	at com.google.common.eventbus.Subscriber$1.run(Subscriber.java:76) [minecraft_server.1.12.2.jar:?]
	at com.google.common.util.concurrent.MoreExecutors$DirectExecutor.execute(MoreExecutors.java:399) [minecraft_server.1.12.2.jar:?]
	at com.google.common.eventbus.Subscriber.dispatchEvent(Subscriber.java:71) [minecraft_server.1.12.2.jar:?]
	at com.google.common.eventbus.Dispatcher$PerThreadQueuedDispatcher.dispatch(Dispatcher.java:116) [minecraft_server.1.12.2.jar:?]
	at com.google.common.eventbus.EventBus.post(EventBus.java:217) [minecraft_server.1.12.2.jar:?]
	at net.minecraftforge.fml.common.LoadController.distributeStateMessage(LoadController.java:136) [LoadController.class:?]
	at net.minecraftforge.fml.common.Loader.initializeMods(Loader.java:754) [Loader.class:?]
	at net.minecraftforge.fml.server.FMLServerHandler.finishServerLoading(FMLServerHandler.java:108) [FMLServerHandler.class:?]
	at net.minecraftforge.fml.common.FMLCommonHandler.onServerStarted(FMLCommonHandler.java:338) [FMLCommonHandler.class:?]
	at net.minecraft.server.dedicated.DedicatedServer.func_71197_b(DedicatedServer.java:219) [nz.class:?]
	at net.minecraft.server.MinecraftServer.run(MinecraftServer.java:486) [MinecraftServer.class:?]
	at java.lang.Thread.run(Unknown Source) [?:1.8.0_503]
[13:48:06] [Server thread/INFO] [ic2.Uu]: Loading predefined UU world scan values, run /ic2 uu-world-scan <small|medium|large> to calibrate them for your world.
[13:48:06] [Server thread/WARN] [ic2.Uu]: UU predefined config: Can't find ItemStack for computercraft:computer@16384, ignoring the entry in line 291.
[13:48:06] [Server thread/INFO] [ic2.General]: ic2 version 2.8.177-ex112 loaded.
[13:48:06] [Server thread/INFO] [FML]: Ignored smelting recipe with conflicting input: 1xitem.thermalfoundation.material@96 = 1xitem.thermalfoundation.material@160
[13:48:21] [Server thread/INFO] [THAUMCRAFT]: Loaded 22 research entries from thaumcraft:research/alchemy
[13:48:21] [Server thread/INFO] [THAUMCRAFT]: Loaded 5 research entries from thaumcraft:research/eldritch
[13:48:21] [Server thread/INFO] [THAUMCRAFT]: Loaded 2 research entries from thaumictinkerer:research/foci
[13:48:21] [Server thread/INFO] [THAUMCRAFT]: Loaded 20 research entries from thaumcraft:research/basics
[13:48:21] [Server thread/INFO] [THAUMCRAFT]: Loaded 23 research entries from thaumcraft:research/auromancy
[13:48:21] [Server thread/INFO] [THAUMCRAFT]: Loaded 12 research entries from thaumcraft:research/scans
[13:48:21] [Server thread/INFO] [THAUMCRAFT]: Loaded 20 research entries from thaumcraft:research/artifice
[13:48:21] [Server thread/INFO] [THAUMCRAFT]: Loaded 0 research entries from thaumictinkerer:research/baubles
[13:48:21] [Server thread/INFO] [THAUMCRAFT]: Loaded 6 research entries from thaumictinkerer:research/misc
[13:48:21] [Server thread/INFO] [THAUMCRAFT]: Loaded 6 research entries from thaumictinkerer:research/machines
[13:48:21] [Server thread/INFO] [THAUMCRAFT]: Loaded 17 research entries from thaumcraft:research/infusion
[13:48:21] [Server thread/INFO] [THAUMCRAFT]: Loaded 29 research entries from thaumcraft:research/golemancy
[13:48:21] [Server thread/INFO] [draconicevolution]: Finished PostInitialization
[13:48:21] [Server thread/INFO] [thermalexpansion]: Thermal Expansion: Forestry Plugin Enabled.
[13:48:21] [Server thread/INFO] [thermalexpansion]: Thermal Expansion: Pam's HarvestCraft Plugin Enabled.
[13:48:21] [Server thread/INFO] [thermalexpansion]: Thermal Expansion: Actually Additions Plugin Enabled.
[13:48:21] [Server thread/INFO] [thermalexpansion]: Thermal Expansion: Applied Energistics 2 Plugin Enabled.
[13:48:21] [Server thread/INFO] [thermalexpansion]: Thermal Expansion: Astral Sorcery Plugin Enabled.
[13:48:21] [Server thread/INFO] [thermalexpansion]: Thermal Expansion: Chisel Plugin Enabled.
[13:48:21] [Server thread/INFO] [thermalexpansion]: Thermal Expansion: Ender IO Plugin Enabled.
[13:48:21] [Server thread/INFO] [thermalexpansion]: Thermal Expansion: Extra Utilities 2 Plugin Enabled.
[13:48:21] [Server thread/INFO] [thermalexpansion]: Thermal Expansion: IndustrialCraft 2 Plugin Enabled.
[13:48:21] [Server thread/INFO] [thermalexpansion]: Thermal Expansion: Immersive Engineering Plugin Enabled.
[13:48:21] [Server thread/INFO] [thermalexpansion]: Thermal Expansion: Quark Plugin Enabled.
[13:48:21] [Server thread/INFO] [thermalexpansion]: Thermal Expansion: Rustic Plugin Enabled.
[13:48:21] [Server thread/INFO] [thermalexpansion]: Thermal Expansion: Tinkers' Construct Plugin Enabled.
[13:48:21] [Server thread/INFO] [thermalexpansion]: Thermal Expansion: Thaumcraft Plugin Enabled.
[13:48:22] [Server thread/WARN] [enderio]: Could not find Build Craft Wrench definition. Wrench integration with other mods may fail
[13:48:22] [Server thread/INFO] [enderio]: Thaumcraft integration: Adding aspects...
[13:48:22] [Server thread/INFO] [enderio]: Thaumcraft integration: Added aspects for 11 items and 10 ore dictionary entries
[13:48:22] [Server thread/INFO] [tconstruct-TinkerSmeltery]: Started adding oredict melting recipes
[13:48:29] [Server thread/INFO] [tconstruct-TinkerSmeltery]: Oredict melting recipes finished in 6468.4717 ms
[13:48:29] [Server thread/INFO] [immersiveengineering]: Couldn't fully analyze 1xitem.draconicevolution:wyvern_helm@0, missing knowledge for {1xitem.helmetDiamond@0=1.0}
[13:48:29] [Server thread/INFO] [immersiveengineering]: Couldn't fully analyze 1xitem.nuclearcraft.spaxelhoe_tough@32767, missing knowledge for {1xitem.nuclearcraft.axe_tough@0=1.0, 1xitem.nuclearcraft.sword_tough@0=1.0, 1xitem.nuclearcraft.pickaxe_tough@0=1.0, 1xitem.nuclearcraft.hoe_tough@0=1.0, 1xitem.nuclearcraft.shovel_tough@0=1.0}
[13:48:29] [Server thread/INFO] [immersiveengineering]: Couldn't fully analyze 1xic2.quantum_boots@0, missing knowledge for {1xic2.rubber_boots@0=2.0}
[13:48:29] [Server thread/INFO] [immersiveengineering]: Couldn't fully analyze 1xic2.quantum_chestplate@0, missing knowledge for {1xic2.jetpack_electric@32767=1.0}
[13:48:29] [Server thread/INFO] [immersiveengineering]: Couldn't fully analyze 1xitem.SteelPaxel@32767, missing knowledge for {1xitem.SteelShovel@0=1.0, 1xitem.SteelAxe@0=1.0, 1xitem.SteelPickaxe@0=1.0}
[13:48:29] [Server thread/INFO] [immersiveengineering]: Couldn't fully analyze 1xitem.terrasteelBoots@32767, missing knowledge for {1xitem.manasteelBoots@0=1.0}
[13:48:29] [Server thread/INFO] [immersiveengineering]: Couldn't fully analyze 1xitem.draconicevolution:wyvern_boots@0, missing knowledge for {1xitem.bootsDiamond@0=1.0}
[13:48:29] [Server thread/INFO] [immersiveengineering]: Couldn't fully analyze 1xitem.thunderSword@32767, missing knowledge for {1xitem.terraSword@0=1.0}
[13:48:29] [Server thread/INFO] [immersiveengineering]: Couldn't fully analyze 1xitem.terrasteelLegs@32767, missing knowledge for {1xitem.manasteelLegs@0=1.0}
[13:48:29] [Server thread/INFO] [immersiveengineering]: Couldn't fully analyze 1xitem.openblocks.sonic_glasses@32767, missing knowledge for {1xitem.helmetIron@0=1.0}
[13:48:29] [Server thread/INFO] [immersiveengineering]: Couldn't fully analyze 1xitem.nuclearcraft.spaxelhoe_hard_carbon@32767, missing knowledge for {1xitem.nuclearcraft.shovel_hard_carbon@0=1.0, 1xitem.nuclearcraft.hoe_hard_carbon@0=1.0, 1xitem.nuclearcraft.axe_hard_carbon@0=1.0, 1xitem.nuclearcraft.pickaxe_hard_carbon@0=1.0, 1xitem.nuclearcraft.sword_hard_carbon@0=1.0}
[13:48:29] [Server thread/INFO] [immersiveengineering]: Couldn't fully analyze 1xitem.draconicevolution:wyvern_chest@0, missing knowledge for {1xitem.chestplateDiamond@0=1.0}
[13:48:29] [Server thread/INFO] [immersiveengineering]: Couldn't fully analyze 1xitem.terrasteelHelmReveal@32767, missing knowledge for {1xitem.manasteelHelmReveal@0=1.0}
[13:48:29] [Server thread/INFO] [immersiveengineering]: Couldn't fully analyze 1xtile.immersiveengineering.metal_device1@10, missing knowledge for {1xtile.immersiveengineering.metal_device0@4=1.0}
[13:48:29] [Server thread/INFO] [immersiveengineering]: Couldn't fully analyze 1xitem.terrasteelHelm@32767, missing knowledge for {1xitem.manasteelHelm@0=1.0}
[13:48:29] [Server thread/INFO] [immersiveengineering]: Couldn't fully analyze 1xitem.terrasteelChest@32767, missing knowledge for {1xitem.manasteelChest@0=1.0}
[13:48:29] [Server thread/INFO] [immersiveengineering]: Couldn't fully analyze 1xic2.alloy_chestplate@32767, missing knowledge for {1xitem.chestplateCloth@32767=1.0}
[13:48:29] [Server thread/INFO] [immersiveengineering]: Couldn't fully analyze 1xic2.nano_helmet@0, missing knowledge for {1xic2.nightvision_goggles@32767=1.0}
[13:48:29] [Server thread/INFO] [immersiveengineering]: Couldn't fully analyze 1xitem.draconicevolution:wyvern_legs@0, missing knowledge for {1xitem.leggingsDiamond@0=1.0}
[13:48:29] [Server thread/INFO] [immersiveengineering]: Couldn't fully analyze 1xitem.nuclearcraft.spaxelhoe_boron@32767, missing knowledge for {1xitem.nuclearcraft.shovel_boron@0=1.0, 1xitem.nuclearcraft.pickaxe_boron@0=1.0, 1xitem.nuclearcraft.axe_boron@0=1.0, 1xitem.nuclearcraft.sword_boron@0=1.0, 1xitem.nuclearcraft.hoe_boron@0=1.0}
[13:48:29] [Server thread/INFO] [immersiveengineering]: Couldn't fully analyze 1xitem.nuclearcraft.helm_hazmat@0, missing knowledge for {1xitem.helmetCloth@0=1.0}
[13:48:29] [Server thread/INFO] [immersiveengineering]: Couldn't fully analyze 1xitem.bloodmagic.pack.sacrifice@32767, missing knowledge for {1xitem.chestplateCloth@0=1.0}
[13:48:29] [Server thread/INFO] [immersiveengineering]: Couldn't fully analyze 1xitem.nuclearcraft.spaxelhoe_boron_nitride@32767, missing knowledge for {1xitem.nuclearcraft.shovel_boron_nitride@0=1.0, 1xitem.nuclearcraft.hoe_boron_nitride@0=1.0, 1xitem.nuclearcraft.sword_boron_nitride@0=1.0, 1xitem.nuclearcraft.pickaxe_boron_nitride@0=1.0, 1xitem.nuclearcraft.axe_boron_nitride@0=1.0}
[13:48:29] [Server thread/INFO] [immersiveengineering]: Couldn't fully analyze 1xitem.starSword@32767, missing knowledge for {1xitem.terraSword@0=1.0}
[13:48:29] [Server thread/INFO] [advancedrocketry]: GC IGalacticraftWorldProvider not found
[13:48:29] [Server thread/INFO] [advancedrocketry]: Start registering liquid rocket fuels
[13:48:29] [Server thread/INFO] [advancedrocketry]: Registering fluid rocketfuel as rocket monopropellant
[13:48:29] [Server thread/INFO] [advancedrocketry]: Registering fluid rocket_fuel as rocket monopropellant
[13:48:29] [Server thread/INFO] [advancedrocketry]: Registering fluid refined_fuel as rocket monopropellant
[13:48:29] [Server thread/INFO] [advancedrocketry]: Registering fluid pyrotheum as rocket monopropellant
[13:48:29] [Server thread/INFO] [advancedrocketry]: Registering fluid liquidoxygen as rocket monopropellant
[13:48:29] [Server thread/INFO] [advancedrocketry]: Registering fluid ic2uu_matter as rocket monopropellant
[13:48:29] [Server thread/INFO] [advancedrocketry]: Registering fluid astralsorcery.liquidstarlight as rocket monopropellant
[13:48:29] [Server thread/INFO] [advancedrocketry]: Registering fluid hydrogen as rocket bipropellant
[13:48:29] [Server thread/INFO] [advancedrocketry]: Registering fluid oxygen as rocket oxidizer
[13:48:29] [Server thread/INFO] [advancedrocketry]: Finished registering liquid rocket fuels
[13:48:29] [Server thread/INFO] [advancedrocketry]: Start registering sealable blocks (sealableBlockWhiteList)
[13:48:29] [Server thread/INFO] [advancedrocketry]: End registering sealable blocks
[13:48:29] [Server thread/INFO] [advancedrocketry]: Start registering unsealable blocks (sealableBlockBlackList)
[13:48:29] [Server thread/INFO] [advancedrocketry]: End registering unsealable blocks
[13:48:29] [Server thread/INFO] [advancedrocketry]: Start registering torch blocks
[13:48:29] [Server thread/INFO] [advancedrocketry]: End registering torch blocks
[13:48:29] [Server thread/INFO] [advancedrocketry]: Start registering blackhole generator blocks
[13:48:29] [Server thread/INFO] [advancedrocketry]: End registering blackhole generator blocks
[13:48:29] [Server thread/INFO] [advancedrocketry]: Start registering rocket blacklist blocks
[13:48:29] [Server thread/INFO] [advancedrocketry]: End registering rocket blacklist blocks
[13:48:29] [Server thread/INFO] [advancedrocketry]: Start registering Harvestable Gasses
[13:48:29] [Server thread/INFO] [advancedrocketry]: End registering Harvestable Gasses
[13:48:29] [Server thread/INFO] [advancedrocketry]: Start registering Spawnable Gasses
[13:48:29] [Server thread/WARN] [advancedrocketry]: 'methane;0;124;0.25' is not a valid Fluid
[13:48:29] [Server thread/INFO] [advancedrocketry]: End registering Spawnable Gasses
[13:48:29] [Server thread/INFO] [advancedrocketry]: Start registering entity atmosphere bypass
[13:48:29] [Server thread/INFO] [advancedrocketry]: End registering entity atmosphere bypass
[13:48:29] [Server thread/INFO] [libVulpes]: Sucessfully added recipe to zmaster587.advancedRocketry.tile.multiblock.machine.TileCuttingMachine for [1xtile.log@0] -> [6xtile.wood@0]
[13:48:29] [Server thread/INFO] [libVulpes]: Sucessfully added recipe to zmaster587.advancedRocketry.tile.multiblock.machine.TileCuttingMachine for [1xtile.log@1] -> [6xtile.wood@1]
[13:48:29] [Server thread/INFO] [libVulpes]: Sucessfully added recipe to zmaster587.advancedRocketry.tile.multiblock.machine.TileCuttingMachine for [1xtile.log@2] -> [6xtile.wood@2]
[13:48:29] [Server thread/INFO] [libVulpes]: Sucessfully added recipe to zmaster587.advancedRocketry.tile.multiblock.machine.TileCuttingMachine for [1xtile.log@3] -> [6xtile.wood@3]
[13:48:29] [Server thread/INFO] [libVulpes]: Sucessfully added recipe to zmaster587.advancedRocketry.tile.multiblock.machine.TileCuttingMachine for [1xtile.log@0] -> [6xtile.wood@4]
[13:48:29] [Server thread/INFO] [libVulpes]: Sucessfully added recipe to zmaster587.advancedRocketry.tile.multiblock.machine.TileCuttingMachine for [1xtile.log@1] -> [6xtile.wood@5]
[13:48:29] [Server thread/INFO] [libVulpes]: Sucessfully added recipe to zmaster587.advancedRocketry.tile.multiblock.machine.TileCuttingMachine for [1xcircuitplate@0] -> [4xcircuitIC@0]
[13:48:29] [Server thread/INFO] [libVulpes]: Sucessfully added recipe to zmaster587.advancedRocketry.tile.multiblock.machine.TileCuttingMachine for [1xcircuitplate@1] -> [4xcircuitIC@2]
[13:48:29] [Server thread/INFO] [libVulpes]: Sucessfully added recipe to zmaster587.advancedRocketry.tile.multiblock.machine.TileCuttingMachine for [bouleSiliconx1] -> [4xwafer@0]
[13:48:29] [Server thread/INFO] [libVulpes]: Sucessfully added recipe to zmaster587.advancedRocketry.tile.multiblock.machine.TileCuttingMachine for [1xtile.lightwoodlog@0] -> [6xtile.lightwoodplanks@0]
[13:48:29] [Server thread/INFO] [libVulpes]: Sucessfully added recipe to zmaster587.advancedRocketry.tile.multiblock.machine.TilePrecisionAssembler for [ingotGoldx1, dustRedstonex1, waferSiliconx1] -> [1xcircuitplate@0]
[13:48:29] [Server thread/INFO] [libVulpes]: Sucessfully added recipe to zmaster587.advancedRocketry.tile.multiblock.machine.TilePrecisionAssembler for [ingotGoldx1, 1xtile.blockRedstone@0, waferSiliconx1] -> [1xcircuitplate@1]
[13:48:29] [Server thread/INFO] [libVulpes]: Sucessfully added recipe to zmaster587.advancedRocketry.tile.multiblock.machine.TilePrecisionAssembler for [gemEmeraldx1, 1xcircuitIC@0, dustRedstonex1] -> [1xdataUnit@0]
[13:48:29] [Server thread/INFO] [libVulpes]: Sucessfully added recipe to zmaster587.advancedRocketry.tile.multiblock.machine.TilePrecisionAssembler for [1xcircuitplate@0, 1xitem.eyeOfEnder@0, dustRedstonex1] -> [1xcircuitIC@1]
[13:48:29] [Server thread/INFO] [libVulpes]: Sucessfully added recipe to zmaster587.advancedRocketry.tile.multiblock.machine.TilePrecisionAssembler for [plateSiliconx1, plateGoldx1, dustRedstonex1] -> [1xcircuitIC@4]
[13:48:29] [Server thread/INFO] [libVulpes]: Sucessfully added recipe to zmaster587.advancedRocketry.tile.multiblock.machine.TilePrecisionAssembler for [plateSiliconx1, plateCopperx1, dustRedstonex1] -> [1xcircuitIC@3]
[13:48:29] [Server thread/INFO] [libVulpes]: Sucessfully added recipe to zmaster587.advancedRocketry.tile.multiblock.machine.TilePrecisionAssembler for [plateSiliconx1, 1xitem.dyePowder@4, dustRedstonex1] -> [1xcircuitIC@5]
[13:48:29] [Server thread/INFO] [libVulpes]: Sucessfully added recipe to zmaster587.advancedRocketry.tile.multiblock.machine.TilePrecisionAssembler for [dustRedstonex1, 1xtile.notGate@0, 1xcircuitIC@0, 1xcircuitIC@3] -> [1xitemUpgrade@0]
[13:48:29] [Server thread/INFO] [libVulpes]: Sucessfully added recipe to zmaster587.advancedRocketry.tile.multiblock.machine.TilePrecisionAssembler for [1xitem.fireball@0, gemDiamondx1, 1xcircuitIC@2, 1xcircuitIC@3] -> [1xitemUpgrade@1]
[13:48:29] [Server thread/INFO] [libVulpes]: Sucessfully added recipe to zmaster587.advancedRocketry.tile.multiblock.machine.TilePrecisionAssembler for [1xtile.motor@0, rodTitaniumx1, 1xcircuitIC@3] -> [1xitemUpgrade@2]
[13:48:29] [Server thread/INFO] [libVulpes]: Sucessfully added recipe to zmaster587.advancedRocketry.tile.multiblock.machine.TilePrecisionAssembler for [1xitem.bootsCloth@0, 1xitem.feather@0, 1xcircuitIC@2, 1xcircuitIC@3] -> [1xitemUpgrade@3]
[13:48:29] [Server thread/INFO] [libVulpes]: Sucessfully added recipe to zmaster587.advancedRocketry.tile.multiblock.machine.TilePrecisionAssembler for [1xbattery@0, 1xlens@0, 1xcircuitIC@2, 1xcircuitIC@3] -> [1xitemUpgrade@4]
[13:48:29] [Server thread/INFO] [libVulpes]: Sucessfully added recipe to zmaster587.advancedRocketry.tile.multiblock.machine.TilePrecisionAssembler for [1xbattery@0, 1xcircuitIC@2, plateTinx1, 1xlens@0, 1xmiscpart@0] -> [1xitem.atmAnalyser@0]
[13:48:29] [Server thread/INFO] [libVulpes]: Sucessfully added recipe to zmaster587.advancedRocketry.tile.multiblock.machine.TilePrecisionAssembler for [1xbattery@0, 1xcircuitIC@2, plateTinx1, 1xcircuitIC@1, 1xmiscpart@0] -> [1xitem.biomeChanger@0]
[13:48:29] [Server thread/INFO] [libVulpes]: Sucessfully added recipe to zmaster587.advancedRocketry.tile.multiblock.machine.TilePrecisionAssembler for [stickCopperx2, stickTitaniumx1, waferSiliconx2, 1xcircuitIC@2] -> [1xsatellitePrimaryFunction@5]
[13:48:29] [Server thread/INFO] [libVulpes]: Sucessfully added recipe to zmaster587.advancedRocketry.tile.multiblock.machine.TilePrecisionAssembler for [3xtile.glass@0, itemLensx3, stickIronx1] -> [1xtile.lens@0]
[13:48:29] [Server thread/INFO] [libVulpes]: Sucessfully added recipe to zmaster587.advancedRocketry.tile.multiblock.machine.TilePrecisionAssembler for [1xcircuitIC@1, 1xitem.stationChip@0] -> [1xitem.elevatorChip@0]
[13:48:29] [Server thread/INFO] [libVulpes]: Sucessfully added recipe to zmaster587.advancedRocketry.tile.multiblock.machine.TilePrecisionAssembler for [1xcircuitIC@1, 1xitemUpgrade@4] -> [1xitem.beaconFinder@0]
[13:48:29] [Server thread/INFO] [libVulpes]: Sucessfully added recipe to zmaster587.advancedRocketry.tile.multiblock.machine.TileChemicalReactor for [1xitem.carbonScrubberCartridge@32767] -> [1xitem.carbonScrubberCartridge@0, 1xitem.coal@1]
[13:48:29] [Server thread/INFO] [libVulpes]: Sucessfully added recipe to zmaster587.advancedRocketry.tile.multiblock.machine.TileChemicalReactor for [1xitem.bone@0, net.minecraftforge.fluids.FluidStack@dc7a89b] -> [5xitem.dyePowder@15]
[13:48:29] [Server thread/INFO] [libVulpes]: Sucessfully added recipe to zmaster587.advancedRocketry.tile.multiblock.machine.TileChemicalReactor for [net.minecraftforge.fluids.FluidStack@6166fcb9, net.minecraftforge.fluids.FluidStack@7ac7b9db] -> [net.minecraftforge.fluids.FluidStack@18be2931]
[13:48:29] [Server thread/INFO] [libVulpes]: Sucessfully added recipe to zmaster587.advancedRocketry.tile.multiblock.machine.TileChemicalReactor for [1xitem.helmetCloth@0, gemDiamondx1] -> [1xitem.helmetCloth@0]
[13:48:29] [Server thread/INFO] [libVulpes]: Sucessfully added recipe to zmaster587.advancedRocketry.tile.multiblock.machine.TileChemicalReactor for [1xitem.chestplateCloth@0, gemDiamondx1, 1xpressureTank@3] -> [1xitem.chestplateCloth@0]
[13:48:29] [Server thread/INFO] [libVulpes]: Sucessfully added recipe to zmaster587.advancedRocketry.tile.multiblock.machine.TileChemicalReactor for [1xitem.leggingsCloth@0, gemDiamondx1] -> [1xitem.leggingsCloth@0]
[13:48:29] [Server thread/INFO] [libVulpes]: Sucessfully added recipe to zmaster587.advancedRocketry.tile.multiblock.machine.TileChemicalReactor for [1xitem.bootsCloth@0, gemDiamondx1] -> [1xitem.bootsCloth@0]
[13:48:29] [Server thread/INFO] [libVulpes]: Sucessfully added recipe to zmaster587.advancedRocketry.tile.multiblock.machine.TileChemicalReactor for [1xitem.helmetChain@0, gemDiamondx1] -> [1xitem.helmetChain@0]
[13:48:29] [Server thread/INFO] [libVulpes]: Sucessfully added recipe to zmaster587.advancedRocketry.tile.multiblock.machine.TileChemicalReactor for [1xitem.chestplateChain@0, gemDiamondx1, 1xpressureTank@3] -> [1xitem.chestplateChain@0]
[13:48:29] [Server thread/INFO] [libVulpes]: Sucessfully added recipe to zmaster587.advancedRocketry.tile.multiblock.machine.TileChemicalReactor for [1xitem.leggingsChain@0, gemDiamondx1] -> [1xitem.leggingsChain@0]
[13:48:29] [Server thread/INFO] [libVulpes]: Sucessfully added recipe to zmaster587.advancedRocketry.tile.multiblock.machine.TileChemicalReactor for [1xitem.bootsChain@0, gemDiamondx1] -> [1xitem.bootsChain@0]
[13:48:29] [Server thread/INFO] [libVulpes]: Sucessfully added recipe to zmaster587.advancedRocketry.tile.multiblock.machine.TileChemicalReactor for [1xitem.helmetIron@0, gemDiamondx1] -> [1xitem.helmetIron@0]
[13:48:29] [Server thread/INFO] [libVulpes]: Sucessfully added recipe to zmaster587.advancedRocketry.tile.multiblock.machine.TileChemicalReactor for [1xitem.chestplateIron@0, gemDiamondx1, 1xpressureTank@3] -> [1xitem.chestplateIron@0]
[13:48:29] [Server thread/INFO] [libVulpes]: Sucessfully added recipe to zmaster587.advancedRocketry.tile.multiblock.machine.TileChemicalReactor for [1xitem.leggingsIron@0, gemDiamondx1] -> [1xitem.leggingsIron@0]
[13:48:29] [Server thread/INFO] [libVulpes]: Sucessfully added recipe to zmaster587.advancedRocketry.tile.multiblock.machine.TileChemicalReactor for [1xitem.bootsIron@0, gemDiamondx1] -> [1xitem.bootsIron@0]
[13:48:29] [Server thread/INFO] [libVulpes]: Sucessfully added recipe to zmaster587.advancedRocketry.tile.multiblock.machine.TileChemicalReactor for [1xitem.helmetDiamond@0, gemDiamondx1] -> [1xitem.helmetDiamond@0]
[13:48:29] [Server thread/INFO] [libVulpes]: Sucessfully added recipe to zmaster587.advancedRocketry.tile.multiblock.machine.TileChemicalReactor for [1xitem.chestplateDiamond@0, gemDiamondx1, 1xpressureTank@3] -> [1xitem.chestplateDiamond@0]
[13:48:29] [Server thread/INFO] [libVulpes]: Sucessfully added recipe to zmaster587.advancedRocketry.tile.multiblock.machine.TileChemicalReactor for [1xitem.leggingsDiamond@0, gemDiamondx1] -> [1xitem.leggingsDiamond@0]
[13:48:29] [Server thread/INFO] [libVulpes]: Sucessfully added recipe to zmaster587.advancedRocketry.tile.multiblock.machine.TileChemicalReactor for [1xitem.bootsDiamond@0, gemDiamondx1] -> [1xitem.bootsDiamond@0]
[13:48:29] [Server thread/INFO] [libVulpes]: Sucessfully added recipe to zmaster587.advancedRocketry.tile.multiblock.machine.TileChemicalReactor for [1xitem.helmetGold@0, gemDiamondx1] -> [1xitem.helmetGold@0]
[13:48:29] [Server thread/INFO] [libVulpes]: Sucessfully added recipe to zmaster587.advancedRocketry.tile.multiblock.machine.TileChemicalReactor for [1xitem.chestplateGold@0, gemDiamondx1, 1xpressureTank@3] -> [1xitem.chestplateGold@0]
[13:48:29] [Server thread/INFO] [libVulpes]: Sucessfully added recipe to zmaster587.advancedRocketry.tile.multiblock.machine.TileChemicalReactor for [1xitem.leggingsGold@0, gemDiamondx1] -> [1xitem.leggingsGold@0]
[13:48:29] [Server thread/INFO] [libVulpes]: Sucessfully added recipe to zmaster587.advancedRocketry.tile.multiblock.machine.TileChemicalReactor for [1xitem.bootsGold@0, gemDiamondx1] -> [1xitem.bootsGold@0]
[13:48:29] [Server thread/INFO] [libVulpes]: Sucessfully added recipe to zmaster587.advancedRocketry.tile.multiblock.machine.TileChemicalReactor for [1xic2.advanced_batpack@0, gemDiamondx1, 1xpressureTank@3] -> [1xic2.advanced_batpack@0]
[13:48:29] [Server thread/INFO] [libVulpes]: Sucessfully added recipe to zmaster587.advancedRocketry.tile.multiblock.machine.TileChemicalReactor for [1xic2.alloy_chestplate@0, gemDiamondx1, 1xpressureTank@3] -> [1xic2.alloy_chestplate@0]
[13:48:29] [Server thread/INFO] [libVulpes]: Sucessfully added recipe to zmaster587.advancedRocketry.tile.multiblock.machine.TileChemicalReactor for [1xic2.batpack@0, gemDiamondx1, 1xpressureTank@3] -> [1xic2.batpack@0]
[13:48:29] [Server thread/INFO] [libVulpes]: Sucessfully added recipe to zmaster587.advancedRocketry.tile.multiblock.machine.TileChemicalReactor for [1xic2.bronze_boots@0, gemDiamondx1] -> [1xic2.bronze_boots@0]
[13:48:29] [Server thread/INFO] [libVulpes]: Sucessfully added recipe to zmaster587.advancedRocketry.tile.multiblock.machine.TileChemicalReactor for [1xic2.bronze_chestplate@0, gemDiamondx1, 1xpressureTank@3] -> [1xic2.bronze_chestplate@0]
[13:48:29] [Server thread/INFO] [libVulpes]: Sucessfully added recipe to zmaster587.advancedRocketry.tile.multiblock.machine.TileChemicalReactor for [1xic2.bronze_helmet@0, gemDiamondx1] -> [1xic2.bronze_helmet@0]
[13:48:29] [Server thread/INFO] [libVulpes]: Sucessfully added recipe to zmaster587.advancedRocketry.tile.multiblock.machine.TileChemicalReactor for [1xic2.bronze_leggings@0, gemDiamondx1] -> [1xic2.bronze_leggings@0]
[13:48:29] [Server thread/INFO] [libVulpes]: Sucessfully added recipe to zmaster587.advancedRocketry.tile.multiblock.machine.TileChemicalReactor for [1xic2.cf_pack@0, gemDiamondx1, 1xpressureTank@3] -> [1xic2.cf_pack@0]
[13:48:29] [Server thread/INFO] [libVulpes]: Sucessfully added recipe to zmaster587.advancedRocketry.tile.multiblock.machine.TileChemicalReactor for [1xic2.energy_pack@0, gemDiamondx1, 1xpressureTank@3] -> [1xic2.energy_pack@0]
[13:48:29] [Server thread/INFO] [libVulpes]: Sucessfully added recipe to zmaster587.advancedRocketry.tile.multiblock.machine.TileChemicalReactor for [1xic2.hazmat_chestplate@0, gemDiamondx1, 1xpressureTank@3] -> [1xic2.hazmat_chestplate@0]
[13:48:29] [Server thread/INFO] [libVulpes]: Sucessfully added recipe to zmaster587.advancedRocketry.tile.multiblock.machine.TileChemicalReactor for [1xic2.hazmat_helmet@0, gemDiamondx1] -> [1xic2.hazmat_helmet@0]
[13:48:29] [Server thread/INFO] [libVulpes]: Sucessfully added recipe to zmaster587.advancedRocketry.tile.multiblock.machine.TileChemicalReactor for [1xic2.hazmat_leggings@0, gemDiamondx1] -> [1xic2.hazmat_leggings@0]
[13:48:29] [Server thread/INFO] [libVulpes]: Sucessfully added recipe to zmaster587.advancedRocketry.tile.multiblock.machine.TileChemicalReactor for [1xic2.jetpack@0, gemDiamondx1, 1xpressureTank@3] -> [1xic2.jetpack@0]
[13:48:29] [Server thread/INFO] [libVulpes]: Sucessfully added recipe to zmaster587.advancedRocketry.tile.multiblock.machine.TileChemicalReactor for [1xic2.jetpack_electric@0, gemDiamondx1, 1xpressureTank@3] -> [1xic2.jetpack_electric@0]
[13:48:29] [Server thread/INFO] [libVulpes]: Sucessfully added recipe to zmaster587.advancedRocketry.tile.multiblock.machine.TileChemicalReactor for [1xic2.lappack@0, gemDiamondx1, 1xpressureTank@3] -> [1xic2.lappack@0]
[13:48:29] [Server thread/INFO] [libVulpes]: Sucessfully added recipe to zmaster587.advancedRocketry.tile.multiblock.machine.TileChemicalReactor for [1xic2.nano_boots@0, gemDiamondx1] -> [1xic2.nano_boots@0]
[13:48:29] [Server thread/INFO] [libVulpes]: Sucessfully added recipe to zmaster587.advancedRocketry.tile.multiblock.machine.TileChemicalReactor for [1xic2.nano_chestplate@0, gemDiamondx1, 1xpressureTank@3] -> [1xic2.nano_chestplate@0]
[13:48:29] [Server thread/INFO] [libVulpes]: Sucessfully added recipe to zmaster587.advancedRocketry.tile.multiblock.machine.TileChemicalReactor for [1xic2.nano_helmet@0, gemDiamondx1] -> [1xic2.nano_helmet@0]
[13:48:29] [Server thread/INFO] [libVulpes]: Sucessfully added recipe to zmaster587.advancedRocketry.tile.multiblock.machine.TileChemicalReactor for [1xic2.nano_leggings@0, gemDiamondx1] -> [1xic2.nano_leggings@0]
[13:48:29] [Server thread/INFO] [libVulpes]: Sucessfully added recipe to zmaster587.advancedRocketry.tile.multiblock.machine.TileChemicalReactor for [1xic2.nightvision_goggles@0, gemDiamondx1] -> [1xic2.nightvision_goggles@0]
[13:48:29] [Server thread/INFO] [libVulpes]: Sucessfully added recipe to zmaster587.advancedRocketry.tile.multiblock.machine.TileChemicalReactor for [1xic2.quantum_boots@0, gemDiamondx1] -> [1xic2.quantum_boots@0]
[13:48:29] [Server thread/INFO] [libVulpes]: Sucessfully added recipe to zmaster587.advancedRocketry.tile.multiblock.machine.TileChemicalReactor for [1xic2.quantum_chestplate@0, gemDiamondx1, 1xpressureTank@3] -> [1xic2.quantum_chestplate@0]
[13:48:29] [Server thread/INFO] [libVulpes]: Sucessfully added recipe to zmaster587.advancedRocketry.tile.multiblock.machine.TileChemicalReactor for [1xic2.quantum_helmet@0, gemDiamondx1] -> [1xic2.quantum_helmet@0]
[13:48:29] [Server thread/INFO] [libVulpes]: Sucessfully added recipe to zmaster587.advancedRocketry.tile.multiblock.machine.TileChemicalReactor for [1xic2.quantum_leggings@0, gemDiamondx1] -> [1xic2.quantum_leggings@0]
[13:48:29] [Server thread/INFO] [libVulpes]: Sucessfully added recipe to zmaster587.advancedRocketry.tile.multiblock.machine.TileChemicalReactor for [1xic2.rubber_boots@0, gemDiamondx1] -> [1xic2.rubber_boots@0]
[13:48:29] [Server thread/INFO] [libVulpes]: Sucessfully added recipe to zmaster587.advancedRocketry.tile.multiblock.machine.TileChemicalReactor for [1xic2.solar_helmet@0, gemDiamondx1] -> [1xic2.solar_helmet@0]
[13:48:29] [Server thread/INFO] [libVulpes]: Sucessfully added recipe to zmaster587.advancedRocketry.tile.multiblock.machine.TileChemicalReactor for [1xic2.static_boots@0, gemDiamondx1] -> [1xic2.static_boots@0]
[13:48:29] [Server thread/WARN] [libVulpes]: Invalid item "input" (itemStack opencomputers:hoverboots) in recipe 51 in C:\Users\jular\Desktop\Enigmatica2LightServer-1.5.1-log4j-fix\config\advRocketry\ChemicalReactor.xml!  Skipping.
[13:48:29] [Server thread/WARN] [libVulpes]: Invalid item "output" (itemStack opencomputers:hoverboots) in recipe 51 in C:\Users\jular\Desktop\Enigmatica2LightServer-1.5.1-log4j-fix\config\advRocketry\ChemicalReactor.xml!  Skipping.
[13:48:29] [Server thread/INFO] [libVulpes]: Output List empty in recipe 51
[13:48:29] [Server thread/INFO] [libVulpes]: Sucessfully added recipe to zmaster587.advancedRocketry.tile.multiblock.machine.TileChemicalReactor for [1xitem.thermalfoundation.armor.copperHelmet@0, gemDiamondx1] -> [1xitem.thermalfoundation.armor.copperHelmet@0]
[13:48:29] [Server thread/INFO] [libVulpes]: Sucessfully added recipe to zmaster587.advancedRocketry.tile.multiblock.machine.TileChemicalReactor for [1xitem.thermalfoundation.armor.copperChestplate@0, gemDiamondx1, 1xpressureTank@3] -> [1xitem.thermalfoundation.armor.copperChestplate@0]
[13:48:29] [Server thread/INFO] [libVulpes]: Sucessfully added recipe to zmaster587.advancedRocketry.tile.multiblock.machine.TileChemicalReactor for [1xitem.thermalfoundation.armor.copperLegs@0, gemDiamondx1] -> [1xitem.thermalfoundation.armor.copperLegs@0]
[13:48:29] [Server thread/INFO] [libVulpes]: Sucessfully added recipe to zmaster587.advancedRocketry.tile.multiblock.machine.TileChemicalReactor for [1xitem.thermalfoundation.armor.copperBoots@0, gemDiamondx1] -> [1xitem.thermalfoundation.armor.copperBoots@0]
[13:48:29] [Server thread/INFO] [libVulpes]: Sucessfully added recipe to zmaster587.advancedRocketry.tile.multiblock.machine.TileChemicalReactor for [1xitem.thermalfoundation.armor.tinHelmet@0, gemDiamondx1] -> [1xitem.thermalfoundation.armor.tinHelmet@0]
[13:48:29] [Server thread/INFO] [libVulpes]: Sucessfully added recipe to zmaster587.advancedRocketry.tile.multiblock.machine.TileChemicalReactor for [1xitem.thermalfoundation.armor.tinChestplate@0, gemDiamondx1, 1xpressureTank@3] -> [1xitem.thermalfoundation.armor.tinChestplate@0]
[13:48:29] [Server thread/INFO] [libVulpes]: Sucessfully added recipe to zmaster587.advancedRocketry.tile.multiblock.machine.TileChemicalReactor for [1xitem.thermalfoundation.armor.tinLegs@0, gemDiamondx1] -> [1xitem.thermalfoundation.armor.tinLegs@0]
[13:48:29] [Server thread/INFO] [libVulpes]: Sucessfully added recipe to zmaster587.advancedRocketry.tile.multiblock.machine.TileChemicalReactor for [1xitem.thermalfoundation.armor.tinBoots@0, gemDiamondx1] -> [1xitem.thermalfoundation.armor.tinBoots@0]
[13:48:29] [Server thread/INFO] [libVulpes]: Sucessfully added recipe to zmaster587.advancedRocketry.tile.multiblock.machine.TileChemicalReactor for [1xitem.thermalfoundation.armor.silverHelmet@0, gemDiamondx1] -> [1xitem.thermalfoundation.armor.silverHelmet@0]
[13:48:29] [Server thread/INFO] [libVulpes]: Sucessfully added recipe to zmaster587.advancedRocketry.tile.multiblock.machine.TileChemicalReactor for [1xitem.thermalfoundation.armor.silverChestplate@0, gemDiamondx1, 1xpressureTank@3] -> [1xitem.thermalfoundation.armor.silverChestplate@0]
[13:48:29] [Server thread/INFO] [libVulpes]: Sucessfully added recipe to zmaster587.advancedRocketry.tile.multiblock.machine.TileChemicalReactor for [1xitem.thermalfoundation.armor.silverLegs@0, gemDiamondx1] -> [1xitem.thermalfoundation.armor.silverLegs@0]
[13:48:29] [Server thread/INFO] [libVulpes]: Sucessfully added recipe to zmaster587.advancedRocketry.tile.multiblock.machine.TileChemicalReactor for [1xitem.thermalfoundation.armor.silverBoots@0, gemDiamondx1] -> [1xitem.thermalfoundation.armor.silverBoots@0]
[13:48:29] [Server thread/INFO] [libVulpes]: Sucessfully added recipe to zmaster587.advancedRocketry.tile.multiblock.machine.TileChemicalReactor for [1xitem.thermalfoundation.armor.leadHelmet@0, gemDiamondx1] -> [1xitem.thermalfoundation.armor.leadHelmet@0]
[13:48:29] [Server thread/INFO] [libVulpes]: Sucessfully added recipe to zmaster587.advancedRocketry.tile.multiblock.machine.TileChemicalReactor for [1xitem.thermalfoundation.armor.leadChestplate@0, gemDiamondx1, 1xpressureTank@3] -> [1xitem.thermalfoundation.armor.leadChestplate@0]
[13:48:29] [Server thread/INFO] [libVulpes]: Sucessfully added recipe to zmaster587.advancedRocketry.tile.multiblock.machine.TileChemicalReactor for [1xitem.thermalfoundation.armor.leadLegs@0, gemDiamondx1] -> [1xitem.thermalfoundation.armor.leadLegs@0]
[13:48:29] [Server thread/INFO] [libVulpes]: Sucessfully added recipe to zmaster587.advancedRocketry.tile.multiblock.machine.TileChemicalReactor for [1xitem.thermalfoundation.armor.leadBoots@0, gemDiamondx1] -> [1xitem.thermalfoundation.armor.leadBoots@0]
[13:48:29] [Server thread/INFO] [libVulpes]: Sucessfully added recipe to zmaster587.advancedRocketry.tile.multiblock.machine.TileChemicalReactor for [1xitem.thermalfoundation.armor.aluminumHelmet@0, gemDiamondx1] -> [1xitem.thermalfoundation.armor.aluminumHelmet@0]
[13:48:29] [Server thread/INFO] [libVulpes]: Sucessfully added recipe to zmaster587.advancedRocketry.tile.multiblock.machine.TileChemicalReactor for [1xitem.thermalfoundation.armor.aluminumChestplate@0, gemDiamondx1, 1xpressureTank@3] -> [1xitem.thermalfoundation.armor.aluminumChestplate@0]
[13:48:29] [Server thread/INFO] [libVulpes]: Sucessfully added recipe to zmaster587.advancedRocketry.tile.multiblock.machine.TileChemicalReactor for [1xitem.thermalfoundation.armor.aluminumLegs@0, gemDiamondx1] -> [1xitem.thermalfoundation.armor.aluminumLegs@0]
[13:48:29] [Server thread/INFO] [libVulpes]: Sucessfully added recipe to zmaster587.advancedRocketry.tile.multiblock.machine.TileChemicalReactor for [1xitem.thermalfoundation.armor.aluminumBoots@0, gemDiamondx1] -> [1xitem.thermalfoundation.armor.aluminumBoots@0]
[13:48:29] [Server thread/INFO] [libVulpes]: Sucessfully added recipe to zmaster587.advancedRocketry.tile.multiblock.machine.TileChemicalReactor for [1xitem.thermalfoundation.armor.nickelHelmet@0, gemDiamondx1] -> [1xitem.thermalfoundation.armor.nickelHelmet@0]
[13:48:29] [Server thread/INFO] [libVulpes]: Sucessfully added recipe to zmaster587.advancedRocketry.tile.multiblock.machine.TileChemicalReactor for [1xitem.thermalfoundation.armor.nickelChestplate@0, gemDiamondx1, 1xpressureTank@3] -> [1xitem.thermalfoundation.armor.nickelChestplate@0]
[13:48:29] [Server thread/INFO] [libVulpes]: Sucessfully added recipe to zmaster587.advancedRocketry.tile.multiblock.machine.TileChemicalReactor for [1xitem.thermalfoundation.armor.nickelLegs@0, gemDiamondx1] -> [1xitem.thermalfoundation.armor.nickelLegs@0]
[13:48:29] [Server thread/INFO] [libVulpes]: Sucessfully added recipe to zmaster587.advancedRocketry.tile.multiblock.machine.TileChemicalReactor for [1xitem.thermalfoundation.armor.nickelBoots@0, gemDiamondx1] -> [1xitem.thermalfoundation.armor.nickelBoots@0]
[13:48:29] [Server thread/INFO] [libVulpes]: Sucessfully added recipe to zmaster587.advancedRocketry.tile.multiblock.machine.TileChemicalReactor for [1xitem.thermalfoundation.armor.platinumHelmet@0, gemDiamondx1] -> [1xitem.thermalfoundation.armor.platinumHelmet@0]
[13:48:29] [Server thread/INFO] [libVulpes]: Sucessfully added recipe to zmaster587.advancedRocketry.tile.multiblock.machine.TileChemicalReactor for [1xitem.thermalfoundation.armor.platinumChestplate@0, gemDiamondx1, 1xpressureTank@3] -> [1xitem.thermalfoundation.armor.platinumChestplate@0]
[13:48:29] [Server thread/INFO] [libVulpes]: Sucessfully added recipe to zmaster587.advancedRocketry.tile.multiblock.machine.TileChemicalReactor for [1xitem.thermalfoundation.armor.platinumLegs@0, gemDiamondx1] -> [1xitem.thermalfoundation.armor.platinumLegs@0]
[13:48:29] [Server thread/INFO] [libVulpes]: Sucessfully added recipe to zmaster587.advancedRocketry.tile.multiblock.machine.TileChemicalReactor for [1xitem.thermalfoundation.armor.platinumBoots@0, gemDiamondx1] -> [1xitem.thermalfoundation.armor.platinumBoots@0]
[13:48:29] [Server thread/INFO] [libVulpes]: Sucessfully added recipe to zmaster587.advancedRocketry.tile.multiblock.machine.TileChemicalReactor for [1xitem.thermalfoundation.armor.steelHelmet@0, gemDiamondx1] -> [1xitem.thermalfoundation.armor.steelHelmet@0]
[13:48:29] [Server thread/INFO] [libVulpes]: Sucessfully added recipe to zmaster587.advancedRocketry.tile.multiblock.machine.TileChemicalReactor for [1xitem.thermalfoundation.armor.steelChestplate@0, gemDiamondx1, 1xpressureTank@3] -> [1xitem.thermalfoundation.armor.steelChestplate@0]
[13:48:29] [Server thread/INFO] [libVulpes]: Sucessfully added recipe to zmaster587.advancedRocketry.tile.multiblock.machine.TileChemicalReactor for [1xitem.thermalfoundation.armor.steelLegs@0, gemDiamondx1] -> [1xitem.thermalfoundation.armor.steelLegs@0]
[13:48:29] [Server thread/INFO] [libVulpes]: Sucessfully added recipe to zmaster587.advancedRocketry.tile.multiblock.machine.TileChemicalReactor for [1xitem.thermalfoundation.armor.steelBoots@0, gemDiamondx1] -> [1xitem.thermalfoundation.armor.steelBoots@0]
[13:48:29] [Server thread/INFO] [libVulpes]: Sucessfully added recipe to zmaster587.advancedRocketry.tile.multiblock.machine.TileChemicalReactor for [1xitem.thermalfoundation.armor.electrumHelmet@0, gemDiamondx1] -> [1xitem.thermalfoundation.armor.electrumHelmet@0]
[13:48:29] [Server thread/INFO] [libVulpes]: Sucessfully added recipe to zmaster587.advancedRocketry.tile.multiblock.machine.TileChemicalReactor for [1xitem.thermalfoundation.armor.electrumChestplate@0, gemDiamondx1, 1xpressureTank@3] -> [1xitem.thermalfoundation.armor.electrumChestplate@0]
[13:48:29] [Server thread/INFO] [libVulpes]: Sucessfully added recipe to zmaster587.advancedRocketry.tile.multiblock.machine.TileChemicalReactor for [1xitem.thermalfoundation.armor.electrumLegs@0, gemDiamondx1] -> [1xitem.thermalfoundation.armor.electrumLegs@0]
[13:48:29] [Server thread/INFO] [libVulpes]: Sucessfully added recipe to zmaster587.advancedRocketry.tile.multiblock.machine.TileChemicalReactor for [1xitem.thermalfoundation.armor.electrumBoots@0, gemDiamondx1] -> [1xitem.thermalfoundation.armor.electrumBoots@0]
[13:48:29] [Server thread/INFO] [libVulpes]: Sucessfully added recipe to zmaster587.advancedRocketry.tile.multiblock.machine.TileChemicalReactor for [1xitem.thermalfoundation.armor.invarHelmet@0, gemDiamondx1] -> [1xitem.thermalfoundation.armor.invarHelmet@0]
[13:48:29] [Server thread/INFO] [libVulpes]: Sucessfully added recipe to zmaster587.advancedRocketry.tile.multiblock.machine.TileChemicalReactor for [1xitem.thermalfoundation.armor.invarChestplate@0, gemDiamondx1, 1xpressureTank@3] -> [1xitem.thermalfoundation.armor.invarChestplate@0]
[13:48:29] [Server thread/INFO] [libVulpes]: Sucessfully added recipe to zmaster587.advancedRocketry.tile.multiblock.machine.TileChemicalReactor for [1xitem.thermalfoundation.armor.invarLegs@0, gemDiamondx1] -> [1xitem.thermalfoundation.armor.invarLegs@0]
[13:48:29] [Server thread/INFO] [libVulpes]: Sucessfully added recipe to zmaster587.advancedRocketry.tile.multiblock.machine.TileChemicalReactor for [1xitem.thermalfoundation.armor.invarBoots@0, gemDiamondx1] -> [1xitem.thermalfoundation.armor.invarBoots@0]
[13:48:29] [Server thread/INFO] [libVulpes]: Sucessfully added recipe to zmaster587.advancedRocketry.tile.multiblock.machine.TileChemicalReactor for [1xitem.thermalfoundation.armor.bronzeHelmet@0, gemDiamondx1] -> [1xitem.thermalfoundation.armor.bronzeHelmet@0]
[13:48:29] [Server thread/INFO] [libVulpes]: Sucessfully added recipe to zmaster587.advancedRocketry.tile.multiblock.machine.TileChemicalReactor for [1xitem.thermalfoundation.armor.bronzeChestplate@0, gemDiamondx1, 1xpressureTank@3] -> [1xitem.thermalfoundation.armor.bronzeChestplate@0]
[13:48:29] [Server thread/INFO] [libVulpes]: Sucessfully added recipe to zmaster587.advancedRocketry.tile.multiblock.machine.TileChemicalReactor for [1xitem.thermalfoundation.armor.bronzeLegs@0, gemDiamondx1] -> [1xitem.thermalfoundation.armor.bronzeLegs@0]
[13:48:29] [Server thread/INFO] [libVulpes]: Sucessfully added recipe to zmaster587.advancedRocketry.tile.multiblock.machine.TileChemicalReactor for [1xitem.thermalfoundation.armor.bronzeBoots@0, gemDiamondx1] -> [1xitem.thermalfoundation.armor.bronzeBoots@0]
[13:48:29] [Server thread/INFO] [libVulpes]: Sucessfully added recipe to zmaster587.advancedRocketry.tile.multiblock.machine.TileChemicalReactor for [1xitem.thermalfoundation.armor.constantanHelmet@0, gemDiamondx1] -> [1xitem.thermalfoundation.armor.constantanHelmet@0]
[13:48:29] [Server thread/INFO] [libVulpes]: Sucessfully added recipe to zmaster587.advancedRocketry.tile.multiblock.machine.TileChemicalReactor for [1xitem.thermalfoundation.armor.constantanChestplate@0, gemDiamondx1, 1xpressureTank@3] -> [1xitem.thermalfoundation.armor.constantanChestplate@0]
[13:48:29] [Server thread/INFO] [libVulpes]: Sucessfully added recipe to zmaster587.advancedRocketry.tile.multiblock.machine.TileChemicalReactor for [1xitem.thermalfoundation.armor.constantanLegs@0, gemDiamondx1] -> [1xitem.thermalfoundation.armor.constantanLegs@0]
[13:48:29] [Server thread/INFO] [libVulpes]: Sucessfully added recipe to zmaster587.advancedRocketry.tile.multiblock.machine.TileChemicalReactor for [1xitem.thermalfoundation.armor.constantanBoots@0, gemDiamondx1] -> [1xitem.thermalfoundation.armor.constantanBoots@0]
[13:48:29] [Server thread/INFO] [libVulpes]: Sucessfully added recipe to zmaster587.advancedRocketry.tile.multiblock.machine.TileChemicalReactor for [1xitem.draconicevolution:wyvern_helm@0, gemDiamondx1] -> [1xitem.draconicevolution:wyvern_helm@0]
[13:48:29] [Server thread/INFO] [libVulpes]: Sucessfully added recipe to zmaster587.advancedRocketry.tile.multiblock.machine.TileChemicalReactor for [1xitem.draconicevolution:wyvern_chest@0, gemDiamondx1, 1xpressureTank@3] -> [1xitem.draconicevolution:wyvern_chest@0]
[13:48:29] [Server thread/INFO] [libVulpes]: Sucessfully added recipe to zmaster587.advancedRocketry.tile.multiblock.machine.TileChemicalReactor for [1xitem.draconicevolution:wyvern_legs@0, gemDiamondx1] -> [1xitem.draconicevolution:wyvern_legs@0]
[13:48:29] [Server thread/INFO] [libVulpes]: Sucessfully added recipe to zmaster587.advancedRocketry.tile.multiblock.machine.TileChemicalReactor for [1xitem.draconicevolution:wyvern_boots@0, gemDiamondx1] -> [1xitem.draconicevolution:wyvern_boots@0]
[13:48:29] [Server thread/INFO] [libVulpes]: Sucessfully added recipe to zmaster587.advancedRocketry.tile.multiblock.machine.TileChemicalReactor for [1xitem.draconicevolution:draconic_helm@0, gemDiamondx1] -> [1xitem.draconicevolution:draconic_helm@0]
[13:48:29] [Server thread/INFO] [libVulpes]: Sucessfully added recipe to zmaster587.advancedRocketry.tile.multiblock.machine.TileChemicalReactor for [1xitem.draconicevolution:draconic_chest@0, gemDiamondx1, 1xpressureTank@3] -> [1xitem.draconicevolution:draconic_chest@0]
[13:48:29] [Server thread/INFO] [libVulpes]: Sucessfully added recipe to zmaster587.advancedRocketry.tile.multiblock.machine.TileChemicalReactor for [1xitem.draconicevolution:draconic_legs@0, gemDiamondx1] -> [1xitem.draconicevolution:draconic_legs@0]
[13:48:29] [Server thread/INFO] [libVulpes]: Sucessfully added recipe to zmaster587.advancedRocketry.tile.multiblock.machine.TileChemicalReactor for [1xitem.draconicevolution:draconic_boots@0, gemDiamondx1] -> [1xitem.draconicevolution:draconic_boots@0]
[13:48:29] [Server thread/INFO] [libVulpes]: Sucessfully added recipe to zmaster587.advancedRocketry.tile.multiblock.machine.TileChemicalReactor for [1xitem.for.naturalist_helmet@0, gemDiamondx1] -> [1xitem.for.naturalist_helmet@0]
[13:48:29] [Server thread/INFO] [libVulpes]: Sucessfully added recipe to zmaster587.advancedRocketry.tile.multiblock.machine.TileChemicalReactor for [1xitem.for.apiarist_helmet@0, gemDiamondx1] -> [1xitem.for.apiarist_helmet@0]
[13:48:29] [Server thread/INFO] [libVulpes]: Sucessfully added recipe to zmaster587.advancedRocketry.tile.multiblock.machine.TileChemicalReactor for [1xitem.for.apiarist_chest@0, gemDiamondx1, 1xpressureTank@3] -> [1xitem.for.apiarist_chest@0]
[13:48:29] [Server thread/INFO] [libVulpes]: Sucessfully added recipe to zmaster587.advancedRocketry.tile.multiblock.machine.TileChemicalReactor for [1xitem.for.apiarist_legs@0, gemDiamondx1] -> [1xitem.for.apiarist_legs@0]
[13:48:29] [Server thread/INFO] [libVulpes]: Sucessfully added recipe to zmaster587.advancedRocketry.tile.multiblock.machine.TileChemicalReactor for [1xitem.for.apiarist_boots@0, gemDiamondx1] -> [1xitem.for.apiarist_boots@0]
[13:48:29] [Server thread/INFO] [libVulpes]: Sucessfully added recipe to zmaster587.advancedRocketry.tile.multiblock.machine.TileChemicalReactor for [1xitem.nuclearcraft.helm_boron@0, gemDiamondx1] -> [1xitem.nuclearcraft.helm_boron@0]
[13:48:29] [Server thread/INFO] [libVulpes]: Sucessfully added recipe to zmaster587.advancedRocketry.tile.multiblock.machine.TileChemicalReactor for [1xitem.nuclearcraft.chest_boron@0, gemDiamondx1, 1xpressureTank@3] -> [1xitem.nuclearcraft.chest_boron@0]
[13:48:29] [Server thread/INFO] [libVulpes]: Sucessfully added recipe to zmaster587.advancedRocketry.tile.multiblock.machine.TileChemicalReactor for [1xitem.nuclearcraft.legs_boron@0, gemDiamondx1] -> [1xitem.nuclearcraft.legs_boron@0]
[13:48:29] [Server thread/INFO] [libVulpes]: Sucessfully added recipe to zmaster587.advancedRocketry.tile.multiblock.machine.TileChemicalReactor for [1xitem.nuclearcraft.boots_boron@0, gemDiamondx1] -> [1xitem.nuclearcraft.boots_boron@0]
[13:48:29] [Server thread/INFO] [libVulpes]: Sucessfully added recipe to zmaster587.advancedRocketry.tile.multiblock.machine.TileChemicalReactor for [1xitem.nuclearcraft.helm_tough@0, gemDiamondx1] -> [1xitem.nuclearcraft.helm_tough@0]
[13:48:29] [Server thread/INFO] [libVulpes]: Sucessfully added recipe to zmaster587.advancedRocketry.tile.multiblock.machine.TileChemicalReactor for [1xitem.nuclearcraft.chest_tough@0, gemDiamondx1, 1xpressureTank@3] -> [1xitem.nuclearcraft.chest_tough@0]
[13:48:29] [Server thread/INFO] [libVulpes]: Sucessfully added recipe to zmaster587.advancedRocketry.tile.multiblock.machine.TileChemicalReactor for [1xitem.nuclearcraft.legs_tough@0, gemDiamondx1] -> [1xitem.nuclearcraft.legs_tough@0]
[13:48:29] [Server thread/INFO] [libVulpes]: Sucessfully added recipe to zmaster587.advancedRocketry.tile.multiblock.machine.TileChemicalReactor for [1xitem.nuclearcraft.boots_tough@0, gemDiamondx1] -> [1xitem.nuclearcraft.boots_tough@0]
[13:48:29] [Server thread/INFO] [libVulpes]: Sucessfully added recipe to zmaster587.advancedRocketry.tile.multiblock.machine.TileChemicalReactor for [1xitem.nuclearcraft.helm_hard_carbon@0, gemDiamondx1] -> [1xitem.nuclearcraft.helm_hard_carbon@0]
[13:48:29] [Server thread/INFO] [libVulpes]: Sucessfully added recipe to zmaster587.advancedRocketry.tile.multiblock.machine.TileChemicalReactor for [1xitem.nuclearcraft.chest_hard_carbon@0, gemDiamondx1, 1xpressureTank@3] -> [1xitem.nuclearcraft.chest_hard_carbon@0]
[13:48:29] [Server thread/INFO] [libVulpes]: Sucessfully added recipe to zmaster587.advancedRocketry.tile.multiblock.machine.TileChemicalReactor for [1xitem.nuclearcraft.legs_hard_carbon@0, gemDiamondx1] -> [1xitem.nuclearcraft.legs_hard_carbon@0]
[13:48:29] [Server thread/INFO] [libVulpes]: Sucessfully added recipe to zmaster587.advancedRocketry.tile.multiblock.machine.TileChemicalReactor for [1xitem.nuclearcraft.boots_hard_carbon@0, gemDiamondx1] -> [1xitem.nuclearcraft.boots_hard_carbon@0]
[13:48:29] [Server thread/INFO] [libVulpes]: Sucessfully added recipe to zmaster587.advancedRocketry.tile.multiblock.machine.TileChemicalReactor for [1xitem.nuclearcraft.helm_boron_nitride@0, gemDiamondx1] -> [1xitem.nuclearcraft.helm_boron_nitride@0]
[13:48:29] [Server thread/INFO] [libVulpes]: Sucessfully added recipe to zmaster587.advancedRocketry.tile.multiblock.machine.TileChemicalReactor for [1xitem.nuclearcraft.chest_boron_nitride@0, gemDiamondx1, 1xpressureTank@3] -> [1xitem.nuclearcraft.chest_boron_nitride@0]
[13:48:29] [Server thread/INFO] [libVulpes]: Sucessfully added recipe to zmaster587.advancedRocketry.tile.multiblock.machine.TileChemicalReactor for [1xitem.nuclearcraft.legs_boron_nitride@0, gemDiamondx1] -> [1xitem.nuclearcraft.legs_boron_nitride@0]
[13:48:29] [Server thread/INFO] [libVulpes]: Sucessfully added recipe to zmaster587.advancedRocketry.tile.multiblock.machine.TileChemicalReactor for [1xitem.nuclearcraft.boots_boron_nitride@0, gemDiamondx1] -> [1xitem.nuclearcraft.boots_boron_nitride@0]
[13:48:29] [Server thread/INFO] [libVulpes]: Sucessfully added recipe to zmaster587.advancedRocketry.tile.multiblock.machine.TileChemicalReactor for [1xitem.openblocks.sonic_glasses@0, gemDiamondx1] -> [1xitem.openblocks.sonic_glasses@0]
[13:48:29] [Server thread/INFO] [libVulpes]: Sucessfully added recipe to zmaster587.advancedRocketry.tile.multiblock.machine.TileChemicalReactor for [1xitem.openblocks.glasses.pencil@0, gemDiamondx1] -> [1xitem.openblocks.glasses.pencil@0]
[13:48:29] [Server thread/INFO] [libVulpes]: Sucessfully added recipe to zmaster587.advancedRocketry.tile.multiblock.machine.TileChemicalReactor for [1xitem.openblocks.glasses.crayon@0, gemDiamondx1] -> [1xitem.openblocks.glasses.crayon@0]
[13:48:29] [Server thread/INFO] [libVulpes]: Sucessfully added recipe to zmaster587.advancedRocketry.tile.multiblock.machine.TileChemicalReactor for [1xitem.openblocks.glasses.technicolor@0, gemDiamondx1] -> [1xitem.openblocks.glasses.technicolor@0]
[13:48:29] [Server thread/INFO] [libVulpes]: Sucessfully added recipe to zmaster587.advancedRocketry.tile.multiblock.machine.TileChemicalReactor for [1xitem.openblocks.glasses.admin@0, gemDiamondx1] -> [1xitem.openblocks.glasses.admin@0]
[13:48:29] [Server thread/INFO] [libVulpes]: Sucessfully added recipe to zmaster587.advancedRocketry.tile.multiblock.machine.TileChemicalReactor for [1xitem.openblocks.crane_backpack@0, gemDiamondx1, 1xpressureTank@3] -> [1xitem.openblocks.crane_backpack@0]
[13:48:29] [Server thread/INFO] [libVulpes]: Sucessfully added recipe to zmaster587.advancedRocketry.tile.multiblock.machine.TileChemicalReactor for [1xitem.openblocks.sleeping_bag@0, gemDiamondx1, 1xpressureTank@3] -> [1xitem.openblocks.sleeping_bag@0]
[13:48:29] [Server thread/INFO] [libVulpes]: Sucessfully added recipe to zmaster587.advancedRocketry.tile.multiblock.machine.TileChemicalReactor for [1xitem.redstonearsenal.armor.fluxHelmet@0, gemDiamondx1] -> [1xitem.redstonearsenal.armor.fluxHelmet@0]
[13:48:29] [Server thread/INFO] [libVulpes]: Sucessfully added recipe to zmaster587.advancedRocketry.tile.multiblock.machine.TileChemicalReactor for [1xitem.redstonearsenal.armor.fluxPlate@0, gemDiamondx1, 1xpressureTank@3] -> [1xitem.redstonearsenal.armor.fluxPlate@0]
[13:48:29] [Server thread/INFO] [libVulpes]: Sucessfully added recipe to zmaster587.advancedRocketry.tile.multiblock.machine.TileChemicalReactor for [1xitem.redstonearsenal.armor.fluxLegs@0, gemDiamondx1] -> [1xitem.redstonearsenal.armor.fluxLegs@0]
[13:48:29] [Server thread/INFO] [libVulpes]: Sucessfully added recipe to zmaster587.advancedRocketry.tile.multiblock.machine.TileChemicalReactor for [1xitem.redstonearsenal.armor.fluxBoots@0, gemDiamondx1] -> [1xitem.redstonearsenal.armor.fluxBoots@0]
[13:48:29] [Server thread/INFO] [libVulpes]: Sucessfully added recipe to zmaster587.advancedRocketry.tile.multiblock.machine.TileChemicalReactor for [1xitem.tconstruct.slime_boots@0, gemDiamondx1] -> [1xitem.tconstruct.slime_boots@0]
[13:48:29] [Server thread/INFO] [libVulpes]: Sucessfully added recipe to zmaster587.advancedRocketry.tile.multiblock.machine.TileChemicalReactor for [1xitem.tconstruct.piggybackpack@0, gemDiamondx1, 1xpressureTank@3] -> [1xitem.tconstruct.piggybackpack@0]
[13:48:29] [Server thread/INFO] [libVulpes]: Sucessfully added recipe to zmaster587.advancedRocketry.tile.multiblock.machine.TileChemicalReactor for [1xitem.manasteelHelm@0, gemDiamondx1] -> [1xitem.manasteelHelm@0]
[13:48:29] [Server thread/INFO] [libVulpes]: Sucessfully added recipe to zmaster587.advancedRocketry.tile.multiblock.machine.TileChemicalReactor for [1xitem.manasteelHelmReveal@0, gemDiamondx1] -> [1xitem.manasteelHelmReveal@0]
[13:48:29] [Server thread/INFO] [libVulpes]: Sucessfully added recipe to zmaster587.advancedRocketry.tile.multiblock.machine.TileChemicalReactor for [1xitem.manasteelChest@0, gemDiamondx1, 1xpressureTank@3] -> [1xitem.manasteelChest@0]
[13:48:29] [Server thread/INFO] [libVulpes]: Sucessfully added recipe to zmaster587.advancedRocketry.tile.multiblock.machine.TileChemicalReactor for [1xitem.manasteelLegs@0, gemDiamondx1] -> [1xitem.manasteelLegs@0]
[13:48:29] [Server thread/INFO] [libVulpes]: Sucessfully added recipe to zmaster587.advancedRocketry.tile.multiblock.machine.TileChemicalReactor for [1xitem.manasteelBoots@0, gemDiamondx1] -> [1xitem.manasteelBoots@0]
[13:48:29] [Server thread/INFO] [libVulpes]: Sucessfully added recipe to zmaster587.advancedRocketry.tile.multiblock.machine.TileChemicalReactor for [1xitem.terrasteelHelm@0, gemDiamondx1] -> [1xitem.terrasteelHelm@0]
[13:48:29] [Server thread/INFO] [libVulpes]: Sucessfully added recipe to zmaster587.advancedRocketry.tile.multiblock.machine.TileChemicalReactor for [1xitem.terrasteelHelmReveal@0, gemDiamondx1] -> [1xitem.terrasteelHelmReveal@0]
[13:48:29] [Server thread/INFO] [libVulpes]: Sucessfully added recipe to zmaster587.advancedRocketry.tile.multiblock.machine.TileChemicalReactor for [1xitem.terrasteelChest@0, gemDiamondx1, 1xpressureTank@3] -> [1xitem.terrasteelChest@0]
[13:48:29] [Server thread/INFO] [libVulpes]: Sucessfully added recipe to zmaster587.advancedRocketry.tile.multiblock.machine.TileChemicalReactor for [1xitem.terrasteelLegs@0, gemDiamondx1] -> [1xitem.terrasteelLegs@0]
[13:48:29] [Server thread/INFO] [libVulpes]: Sucessfully added recipe to zmaster587.advancedRocketry.tile.multiblock.machine.TileChemicalReactor for [1xitem.terrasteelBoots@0, gemDiamondx1] -> [1xitem.terrasteelBoots@0]
[13:48:29] [Server thread/INFO] [libVulpes]: Sucessfully added recipe to zmaster587.advancedRocketry.tile.multiblock.machine.TileChemicalReactor for [1xitem.elementiumHelm@0, gemDiamondx1] -> [1xitem.elementiumHelm@0]
[13:48:29] [Server thread/INFO] [libVulpes]: Sucessfully added recipe to zmaster587.advancedRocketry.tile.multiblock.machine.TileChemicalReactor for [1xitem.elementiumHelmReveal@0, gemDiamondx1] -> [1xitem.elementiumHelmReveal@0]
[13:48:29] [Server thread/INFO] [libVulpes]: Sucessfully added recipe to zmaster587.advancedRocketry.tile.multiblock.machine.TileChemicalReactor for [1xitem.elementiumChest@0, gemDiamondx1, 1xpressureTank@3] -> [1xitem.elementiumChest@0]
[13:48:29] [Server thread/INFO] [libVulpes]: Sucessfully added recipe to zmaster587.advancedRocketry.tile.multiblock.machine.TileChemicalReactor for [1xitem.elementiumLegs@0, gemDiamondx1] -> [1xitem.elementiumLegs@0]
[13:48:29] [Server thread/INFO] [libVulpes]: Sucessfully added recipe to zmaster587.advancedRocketry.tile.multiblock.machine.TileChemicalReactor for [1xitem.elementiumBoots@0, gemDiamondx1] -> [1xitem.elementiumBoots@0]
[13:48:29] [Server thread/INFO] [libVulpes]: Sucessfully added recipe to zmaster587.advancedRocketry.tile.multiblock.machine.TileChemicalReactor for [1xitem.manaweaveHelm@0, gemDiamondx1] -> [1xitem.manaweaveHelm@0]
[13:48:29] [Server thread/INFO] [libVulpes]: Sucessfully added recipe to zmaster587.advancedRocketry.tile.multiblock.machine.TileChemicalReactor for [1xitem.manaweaveChest@0, gemDiamondx1, 1xpressureTank@3] -> [1xitem.manaweaveChest@0]
[13:48:29] [Server thread/INFO] [libVulpes]: Sucessfully added recipe to zmaster587.advancedRocketry.tile.multiblock.machine.TileChemicalReactor for [1xitem.manaweaveLegs@0, gemDiamondx1] -> [1xitem.manaweaveLegs@0]
[13:48:29] [Server thread/INFO] [libVulpes]: Sucessfully added recipe to zmaster587.advancedRocketry.tile.multiblock.machine.TileChemicalReactor for [1xitem.manaweaveBoots@0, gemDiamondx1] -> [1xitem.manaweaveBoots@0]
[13:48:29] [Server thread/INFO] [libVulpes]: Sucessfully added recipe to zmaster587.advancedRocketry.tile.multiblock.machine.TileChemicalReactor for [1xitem.Jetpack@0, gemDiamondx1, 1xpressureTank@3] -> [1xitem.Jetpack@0]
[13:48:29] [Server thread/INFO] [libVulpes]: Sucessfully added recipe to zmaster587.advancedRocketry.tile.multiblock.machine.TileChemicalReactor for [1xitem.GasMask@0, gemDiamondx1] -> [1xitem.GasMask@0]
[13:48:29] [Server thread/INFO] [libVulpes]: Sucessfully added recipe to zmaster587.advancedRocketry.tile.multiblock.machine.TileChemicalReactor for [1xitem.ScubaTank@0, gemDiamondx1, 1xpressureTank@3] -> [1xitem.ScubaTank@0]
[13:48:29] [Server thread/INFO] [libVulpes]: Sucessfully added recipe to zmaster587.advancedRocketry.tile.multiblock.machine.TileChemicalReactor for [1xitem.FreeRunners@0, gemDiamondx1] -> [1xitem.FreeRunners@0]
[13:48:29] [Server thread/INFO] [libVulpes]: Sucessfully added recipe to zmaster587.advancedRocketry.tile.multiblock.machine.TileChemicalReactor for [1xitem.ArmoredJetpack@0, gemDiamondx1, 1xpressureTank@3] -> [1xitem.ArmoredJetpack@0]
[13:48:29] [Server thread/WARN] [libVulpes]: Invalid item "input" (itemStack bibliocraft:biblioglasses) in recipe 166 in C:\Users\jular\Desktop\Enigmatica2LightServer-1.5.1-log4j-fix\config\advRocketry\ChemicalReactor.xml!  Skipping.
[13:48:29] [Server thread/WARN] [libVulpes]: Invalid item "output" (itemStack bibliocraft:biblioglasses) in recipe 166 in C:\Users\jular\Desktop\Enigmatica2LightServer-1.5.1-log4j-fix\config\advRocketry\ChemicalReactor.xml!  Skipping.
[13:48:29] [Server thread/INFO] [libVulpes]: Output List empty in recipe 166
[13:48:29] [Server thread/INFO] [libVulpes]: Sucessfully added recipe to zmaster587.advancedRocketry.tile.multiblock.machine.TileChemicalReactor for [1xitem.immersiveengineering.earmuffs@0, gemDiamondx1] -> [1xitem.immersiveengineering.earmuffs@0]
[13:48:29] [Server thread/INFO] [libVulpes]: Sucessfully added recipe to zmaster587.advancedRocketry.tile.multiblock.machine.TileChemicalReactor for [1xitem.immersiveengineering.faraday_suit_feet@0, gemDiamondx1] -> [1xitem.immersiveengineering.faraday_suit_feet@0]
[13:48:29] [Server thread/INFO] [libVulpes]: Sucessfully added recipe to zmaster587.advancedRocketry.tile.multiblock.machine.TileChemicalReactor for [1xitem.immersiveengineering.faraday_suit_legs@0, gemDiamondx1] -> [1xitem.immersiveengineering.faraday_suit_legs@0]
[13:48:29] [Server thread/INFO] [libVulpes]: Sucessfully added recipe to zmaster587.advancedRocketry.tile.multiblock.machine.TileChemicalReactor for [1xitem.immersiveengineering.faraday_suit_chest@0, gemDiamondx1, 1xpressureTank@3] -> [1xitem.immersiveengineering.faraday_suit_chest@0]
[13:48:29] [Server thread/INFO] [libVulpes]: Sucessfully added recipe to zmaster587.advancedRocketry.tile.multiblock.machine.TileChemicalReactor for [1xitem.immersiveengineering.faraday_suit_head@0, gemDiamondx1] -> [1xitem.immersiveengineering.faraday_suit_head@0]
[13:48:29] [Server thread/INFO] [libVulpes]: Sucessfully added recipe to zmaster587.advancedRocketry.tile.multiblock.machine.TileChemicalReactor for [1xitem.immersiveengineering.powerpack@0, gemDiamondx1, 1xpressureTank@3] -> [1xitem.immersiveengineering.powerpack@0]
[13:48:29] [Server thread/INFO] [libVulpes]: Sucessfully added recipe to zmaster587.advancedRocketry.tile.multiblock.machine.TileChemicalReactor for [1xitem.ObsidianHelmet@0, gemDiamondx1] -> [1xitem.ObsidianHelmet@0]
[13:48:29] [Server thread/INFO] [libVulpes]: Sucessfully added recipe to zmaster587.advancedRocketry.tile.multiblock.machine.TileChemicalReactor for [1xitem.ObsidianChestplate@0, gemDiamondx1, 1xpressureTank@3] -> [1xitem.ObsidianChestplate@0]
[13:48:29] [Server thread/INFO] [libVulpes]: Sucessfully added recipe to zmaster587.advancedRocketry.tile.multiblock.machine.TileChemicalReactor for [1xitem.ObsidianLeggings@0, gemDiamondx1] -> [1xitem.ObsidianLeggings@0]
[13:48:29] [Server thread/INFO] [libVulpes]: Sucessfully added recipe to zmaster587.advancedRocketry.tile.multiblock.machine.TileChemicalReactor for [1xitem.ObsidianBoots@0, gemDiamondx1] -> [1xitem.ObsidianBoots@0]
[13:48:29] [Server thread/INFO] [libVulpes]: Sucessfully added recipe to zmaster587.advancedRocketry.tile.multiblock.machine.TileChemicalReactor for [1xitem.LapisLazuliHelmet@0, gemDiamondx1] -> [1xitem.LapisLazuliHelmet@0]
[13:48:29] [Server thread/INFO] [libVulpes]: Sucessfully added recipe to zmaster587.advancedRocketry.tile.multiblock.machine.TileChemicalReactor for [1xitem.LapisLazuliChestplate@0, gemDiamondx1, 1xpressureTank@3] -> [1xitem.LapisLazuliChestplate@0]
[13:48:29] [Server thread/INFO] [libVulpes]: Sucessfully added recipe to zmaster587.advancedRocketry.tile.multiblock.machine.TileChemicalReactor for [1xitem.LapisLazuliLeggings@0, gemDiamondx1] -> [1xitem.LapisLazuliLeggings@0]
[13:48:29] [Server thread/INFO] [libVulpes]: Sucessfully added recipe to zmaster587.advancedRocketry.tile.multiblock.machine.TileChemicalReactor for [1xitem.LapisLazuliBoots@0, gemDiamondx1] -> [1xitem.LapisLazuliBoots@0]
[13:48:29] [Server thread/INFO] [libVulpes]: Sucessfully added recipe to zmaster587.advancedRocketry.tile.multiblock.machine.TileChemicalReactor for [1xitem.OsmiumHelmet@0, gemDiamondx1] -> [1xitem.OsmiumHelmet@0]
[13:48:29] [Server thread/INFO] [libVulpes]: Sucessfully added recipe to zmaster587.advancedRocketry.tile.multiblock.machine.TileChemicalReactor for [1xitem.OsmiumChestplate@0, gemDiamondx1, 1xpressureTank@3] -> [1xitem.OsmiumChestplate@0]
[13:48:29] [Server thread/INFO] [libVulpes]: Sucessfully added recipe to zmaster587.advancedRocketry.tile.multiblock.machine.TileChemicalReactor for [1xitem.OsmiumLeggings@0, gemDiamondx1] -> [1xitem.OsmiumLeggings@0]
[13:48:29] [Server thread/INFO] [libVulpes]: Sucessfully added recipe to zmaster587.advancedRocketry.tile.multiblock.machine.TileChemicalReactor for [1xitem.OsmiumBoots@0, gemDiamondx1] -> [1xitem.OsmiumBoots@0]
[13:48:29] [Server thread/INFO] [libVulpes]: Sucessfully added recipe to zmaster587.advancedRocketry.tile.multiblock.machine.TileChemicalReactor for [1xitem.BronzeHelmet@0, gemDiamondx1] -> [1xitem.BronzeHelmet@0]
[13:48:29] [Server thread/INFO] [libVulpes]: Sucessfully added recipe to zmaster587.advancedRocketry.tile.multiblock.machine.TileChemicalReactor for [1xitem.BronzeChestplate@0, gemDiamondx1, 1xpressureTank@3] -> [1xitem.BronzeChestplate@0]
[13:48:29] [Server thread/INFO] [libVulpes]: Sucessfully added recipe to zmaster587.advancedRocketry.tile.multiblock.machine.TileChemicalReactor for [1xitem.BronzeLeggings@0, gemDiamondx1] -> [1xitem.BronzeLeggings@0]
[13:48:29] [Server thread/INFO] [libVulpes]: Sucessfully added recipe to zmaster587.advancedRocketry.tile.multiblock.machine.TileChemicalReactor for [1xitem.BronzeBoots@0, gemDiamondx1] -> [1xitem.BronzeBoots@0]
[13:48:29] [Server thread/INFO] [libVulpes]: Sucessfully added recipe to zmaster587.advancedRocketry.tile.multiblock.machine.TileChemicalReactor for [1xitem.GlowstoneHelmet@0, gemDiamondx1] -> [1xitem.GlowstoneHelmet@0]
[13:48:29] [Server thread/INFO] [libVulpes]: Sucessfully added recipe to zmaster587.advancedRocketry.tile.multiblock.machine.TileChemicalReactor for [1xitem.GlowstoneChestplate@0, gemDiamondx1, 1xpressureTank@3] -> [1xitem.GlowstoneChestplate@0]
[13:48:29] [Server thread/INFO] [libVulpes]: Sucessfully added recipe to zmaster587.advancedRocketry.tile.multiblock.machine.TileChemicalReactor for [1xitem.GlowstoneLeggings@0, gemDiamondx1] -> [1xitem.GlowstoneLeggings@0]
[13:48:29] [Server thread/INFO] [libVulpes]: Sucessfully added recipe to zmaster587.advancedRocketry.tile.multiblock.machine.TileChemicalReactor for [1xitem.GlowstoneBoots@0, gemDiamondx1] -> [1xitem.GlowstoneBoots@0]
[13:48:29] [Server thread/INFO] [libVulpes]: Sucessfully added recipe to zmaster587.advancedRocketry.tile.multiblock.machine.TileChemicalReactor for [1xitem.SteelHelmet@0, gemDiamondx1] -> [1xitem.SteelHelmet@0]
[13:48:29] [Server thread/INFO] [libVulpes]: Sucessfully added recipe to zmaster587.advancedRocketry.tile.multiblock.machine.TileChemicalReactor for [1xitem.SteelChestplate@0, gemDiamondx1, 1xpressureTank@3] -> [1xitem.SteelChestplate@0]
[13:48:29] [Server thread/INFO] [libVulpes]: Sucessfully added recipe to zmaster587.advancedRocketry.tile.multiblock.machine.TileChemicalReactor for [1xitem.SteelLeggings@0, gemDiamondx1] -> [1xitem.SteelLeggings@0]
[13:48:29] [Server thread/INFO] [libVulpes]: Sucessfully added recipe to zmaster587.advancedRocketry.tile.multiblock.machine.TileChemicalReactor for [1xitem.SteelBoots@0, gemDiamondx1] -> [1xitem.SteelBoots@0]
[13:48:29] [Server thread/WARN] [libVulpes]: Invalid item "input" (itemStack pneumaticcraft:pneumatic_helmet) in recipe 197 in C:\Users\jular\Desktop\Enigmatica2LightServer-1.5.1-log4j-fix\config\advRocketry\ChemicalReactor.xml!  Skipping.
[13:48:29] [Server thread/WARN] [libVulpes]: Invalid item "output" (itemStack pneumaticcraft:pneumatic_helmet) in recipe 197 in C:\Users\jular\Desktop\Enigmatica2LightServer-1.5.1-log4j-fix\config\advRocketry\ChemicalReactor.xml!  Skipping.
[13:48:29] [Server thread/INFO] [libVulpes]: Output List empty in recipe 197
[13:48:29] [Server thread/WARN] [libVulpes]: Invalid item "input" (itemStack twilightforest:naga_chestplate) in recipe 198 in C:\Users\jular\Desktop\Enigmatica2LightServer-1.5.1-log4j-fix\config\advRocketry\ChemicalReactor.xml!  Skipping.
[13:48:29] [Server thread/WARN] [libVulpes]: Invalid item "output" (itemStack twilightforest:naga_chestplate) in recipe 198 in C:\Users\jular\Desktop\Enigmatica2LightServer-1.5.1-log4j-fix\config\advRocketry\ChemicalReactor.xml!  Skipping.
[13:48:29] [Server thread/INFO] [libVulpes]: Output List empty in recipe 198
[13:48:29] [Server thread/WARN] [libVulpes]: Invalid item "input" (itemStack twilightforest:naga_leggings) in recipe 199 in C:\Users\jular\Desktop\Enigmatica2LightServer-1.5.1-log4j-fix\config\advRocketry\ChemicalReactor.xml!  Skipping.
[13:48:29] [Server thread/WARN] [libVulpes]: Invalid item "output" (itemStack twilightforest:naga_leggings) in recipe 199 in C:\Users\jular\Desktop\Enigmatica2LightServer-1.5.1-log4j-fix\config\advRocketry\ChemicalReactor.xml!  Skipping.
[13:48:29] [Server thread/INFO] [libVulpes]: Output List empty in recipe 199
[13:48:29] [Server thread/WARN] [libVulpes]: Invalid item "input" (itemStack twilightforest:ironwood_helmet) in recipe 200 in C:\Users\jular\Desktop\Enigmatica2LightServer-1.5.1-log4j-fix\config\advRocketry\ChemicalReactor.xml!  Skipping.
[13:48:29] [Server thread/WARN] [libVulpes]: Invalid item "output" (itemStack twilightforest:ironwood_helmet) in recipe 200 in C:\Users\jular\Desktop\Enigmatica2LightServer-1.5.1-log4j-fix\config\advRocketry\ChemicalReactor.xml!  Skipping.
[13:48:29] [Server thread/INFO] [libVulpes]: Output List empty in recipe 200
[13:48:29] [Server thread/WARN] [libVulpes]: Invalid item "input" (itemStack twilightforest:ironwood_chestplate) in recipe 201 in C:\Users\jular\Desktop\Enigmatica2LightServer-1.5.1-log4j-fix\config\advRocketry\ChemicalReactor.xml!  Skipping.
[13:48:29] [Server thread/WARN] [libVulpes]: Invalid item "output" (itemStack twilightforest:ironwood_chestplate) in recipe 201 in C:\Users\jular\Desktop\Enigmatica2LightServer-1.5.1-log4j-fix\config\advRocketry\ChemicalReactor.xml!  Skipping.
[13:48:29] [Server thread/INFO] [libVulpes]: Output List empty in recipe 201
[13:48:29] [Server thread/WARN] [libVulpes]: Invalid item "input" (itemStack twilightforest:ironwood_leggings) in recipe 202 in C:\Users\jular\Desktop\Enigmatica2LightServer-1.5.1-log4j-fix\config\advRocketry\ChemicalReactor.xml!  Skipping.
[13:48:29] [Server thread/WARN] [libVulpes]: Invalid item "output" (itemStack twilightforest:ironwood_leggings) in recipe 202 in C:\Users\jular\Desktop\Enigmatica2LightServer-1.5.1-log4j-fix\config\advRocketry\ChemicalReactor.xml!  Skipping.
[13:48:29] [Server thread/INFO] [libVulpes]: Output List empty in recipe 202
[13:48:29] [Server thread/WARN] [libVulpes]: Invalid item "input" (itemStack twilightforest:ironwood_boots) in recipe 203 in C:\Users\jular\Desktop\Enigmatica2LightServer-1.5.1-log4j-fix\config\advRocketry\ChemicalReactor.xml!  Skipping.
[13:48:29] [Server thread/WARN] [libVulpes]: Invalid item "output" (itemStack twilightforest:ironwood_boots) in recipe 203 in C:\Users\jular\Desktop\Enigmatica2LightServer-1.5.1-log4j-fix\config\advRocketry\ChemicalReactor.xml!  Skipping.
[13:48:29] [Server thread/INFO] [libVulpes]: Output List empty in recipe 203
[13:48:29] [Server thread/WARN] [libVulpes]: Invalid item "input" (itemStack twilightforest:fiery_helmet) in recipe 204 in C:\Users\jular\Desktop\Enigmatica2LightServer-1.5.1-log4j-fix\config\advRocketry\ChemicalReactor.xml!  Skipping.
[13:48:29] [Server thread/WARN] [libVulpes]: Invalid item "output" (itemStack twilightforest:fiery_helmet) in recipe 204 in C:\Users\jular\Desktop\Enigmatica2LightServer-1.5.1-log4j-fix\config\advRocketry\ChemicalReactor.xml!  Skipping.
[13:48:29] [Server thread/INFO] [libVulpes]: Output List empty in recipe 204
[13:48:29] [Server thread/WARN] [libVulpes]: Invalid item "input" (itemStack twilightforest:fiery_chestplate) in recipe 205 in C:\Users\jular\Desktop\Enigmatica2LightServer-1.5.1-log4j-fix\config\advRocketry\ChemicalReactor.xml!  Skipping.
[13:48:29] [Server thread/WARN] [libVulpes]: Invalid item "output" (itemStack twilightforest:fiery_chestplate) in recipe 205 in C:\Users\jular\Desktop\Enigmatica2LightServer-1.5.1-log4j-fix\config\advRocketry\ChemicalReactor.xml!  Skipping.
[13:48:29] [Server thread/INFO] [libVulpes]: Output List empty in recipe 205
[13:48:29] [Server thread/WARN] [libVulpes]: Invalid item "input" (itemStack twilightforest:fiery_leggings) in recipe 206 in C:\Users\jular\Desktop\Enigmatica2LightServer-1.5.1-log4j-fix\config\advRocketry\ChemicalReactor.xml!  Skipping.
[13:48:29] [Server thread/WARN] [libVulpes]: Invalid item "output" (itemStack twilightforest:fiery_leggings) in recipe 206 in C:\Users\jular\Desktop\Enigmatica2LightServer-1.5.1-log4j-fix\config\advRocketry\ChemicalReactor.xml!  Skipping.
[13:48:29] [Server thread/INFO] [libVulpes]: Output List empty in recipe 206
[13:48:29] [Server thread/WARN] [libVulpes]: Invalid item "input" (itemStack twilightforest:fiery_boots) in recipe 207 in C:\Users\jular\Desktop\Enigmatica2LightServer-1.5.1-log4j-fix\config\advRocketry\ChemicalReactor.xml!  Skipping.
[13:48:29] [Server thread/WARN] [libVulpes]: Invalid item "output" (itemStack twilightforest:fiery_boots) in recipe 207 in C:\Users\jular\Desktop\Enigmatica2LightServer-1.5.1-log4j-fix\config\advRocketry\ChemicalReactor.xml!  Skipping.
[13:48:29] [Server thread/INFO] [libVulpes]: Output List empty in recipe 207
[13:48:29] [Server thread/WARN] [libVulpes]: Invalid item "input" (itemStack twilightforest:steeleaf_helmet) in recipe 208 in C:\Users\jular\Desktop\Enigmatica2LightServer-1.5.1-log4j-fix\config\advRocketry\ChemicalReactor.xml!  Skipping.
[13:48:29] [Server thread/WARN] [libVulpes]: Invalid item "output" (itemStack twilightforest:steeleaf_helmet) in recipe 208 in C:\Users\jular\Desktop\Enigmatica2LightServer-1.5.1-log4j-fix\config\advRocketry\ChemicalReactor.xml!  Skipping.
[13:48:29] [Server thread/INFO] [libVulpes]: Output List empty in recipe 208
[13:48:29] [Server thread/WARN] [libVulpes]: Invalid item "input" (itemStack twilightforest:steeleaf_chestplate) in recipe 209 in C:\Users\jular\Desktop\Enigmatica2LightServer-1.5.1-log4j-fix\config\advRocketry\ChemicalReactor.xml!  Skipping.
[13:48:29] [Server thread/WARN] [libVulpes]: Invalid item "output" (itemStack twilightforest:steeleaf_chestplate) in recipe 209 in C:\Users\jular\Desktop\Enigmatica2LightServer-1.5.1-log4j-fix\config\advRocketry\ChemicalReactor.xml!  Skipping.
[13:48:29] [Server thread/INFO] [libVulpes]: Output List empty in recipe 209
[13:48:29] [Server thread/WARN] [libVulpes]: Invalid item "input" (itemStack twilightforest:steeleaf_leggings) in recipe 210 in C:\Users\jular\Desktop\Enigmatica2LightServer-1.5.1-log4j-fix\config\advRocketry\ChemicalReactor.xml!  Skipping.
[13:48:29] [Server thread/WARN] [libVulpes]: Invalid item "output" (itemStack twilightforest:steeleaf_leggings) in recipe 210 in C:\Users\jular\Desktop\Enigmatica2LightServer-1.5.1-log4j-fix\config\advRocketry\ChemicalReactor.xml!  Skipping.
[13:48:29] [Server thread/INFO] [libVulpes]: Output List empty in recipe 210
[13:48:29] [Server thread/WARN] [libVulpes]: Invalid item "input" (itemStack twilightforest:steeleaf_boots) in recipe 211 in C:\Users\jular\Desktop\Enigmatica2LightServer-1.5.1-log4j-fix\config\advRocketry\ChemicalReactor.xml!  Skipping.
[13:48:29] [Server thread/WARN] [libVulpes]: Invalid item "output" (itemStack twilightforest:steeleaf_boots) in recipe 211 in C:\Users\jular\Desktop\Enigmatica2LightServer-1.5.1-log4j-fix\config\advRocketry\ChemicalReactor.xml!  Skipping.
[13:48:29] [Server thread/INFO] [libVulpes]: Output List empty in recipe 211
[13:48:29] [Server thread/WARN] [libVulpes]: Invalid item "input" (itemStack twilightforest:knightmetal_helmet) in recipe 212 in C:\Users\jular\Desktop\Enigmatica2LightServer-1.5.1-log4j-fix\config\advRocketry\ChemicalReactor.xml!  Skipping.
[13:48:29] [Server thread/WARN] [libVulpes]: Invalid item "output" (itemStack twilightforest:knightmetal_helmet) in recipe 212 in C:\Users\jular\Desktop\Enigmatica2LightServer-1.5.1-log4j-fix\config\advRocketry\ChemicalReactor.xml!  Skipping.
[13:48:29] [Server thread/INFO] [libVulpes]: Output List empty in recipe 212
[13:48:29] [Server thread/WARN] [libVulpes]: Invalid item "input" (itemStack twilightforest:knightmetal_chestplate) in recipe 213 in C:\Users\jular\Desktop\Enigmatica2LightServer-1.5.1-log4j-fix\config\advRocketry\ChemicalReactor.xml!  Skipping.
[13:48:29] [Server thread/WARN] [libVulpes]: Invalid item "output" (itemStack twilightforest:knightmetal_chestplate) in recipe 213 in C:\Users\jular\Desktop\Enigmatica2LightServer-1.5.1-log4j-fix\config\advRocketry\ChemicalReactor.xml!  Skipping.
[13:48:29] [Server thread/INFO] [libVulpes]: Output List empty in recipe 213
[13:48:29] [Server thread/WARN] [libVulpes]: Invalid item "input" (itemStack twilightforest:knightmetal_leggings) in recipe 214 in C:\Users\jular\Desktop\Enigmatica2LightServer-1.5.1-log4j-fix\config\advRocketry\ChemicalReactor.xml!  Skipping.
[13:48:29] [Server thread/WARN] [libVulpes]: Invalid item "output" (itemStack twilightforest:knightmetal_leggings) in recipe 214 in C:\Users\jular\Desktop\Enigmatica2LightServer-1.5.1-log4j-fix\config\advRocketry\ChemicalReactor.xml!  Skipping.
[13:48:29] [Server thread/INFO] [libVulpes]: Output List empty in recipe 214
[13:48:29] [Server thread/WARN] [libVulpes]: Invalid item "input" (itemStack twilightforest:knightmetal_boots) in recipe 215 in C:\Users\jular\Desktop\Enigmatica2LightServer-1.5.1-log4j-fix\config\advRocketry\ChemicalReactor.xml!  Skipping.
[13:48:29] [Server thread/WARN] [libVulpes]: Invalid item "output" (itemStack twilightforest:knightmetal_boots) in recipe 215 in C:\Users\jular\Desktop\Enigmatica2LightServer-1.5.1-log4j-fix\config\advRocketry\ChemicalReactor.xml!  Skipping.
[13:48:29] [Server thread/INFO] [libVulpes]: Output List empty in recipe 215
[13:48:29] [Server thread/WARN] [libVulpes]: Invalid item "input" (itemStack twilightforest:phantom_helmet) in recipe 216 in C:\Users\jular\Desktop\Enigmatica2LightServer-1.5.1-log4j-fix\config\advRocketry\ChemicalReactor.xml!  Skipping.
[13:48:29] [Server thread/WARN] [libVulpes]: Invalid item "output" (itemStack twilightforest:phantom_helmet) in recipe 216 in C:\Users\jular\Desktop\Enigmatica2LightServer-1.5.1-log4j-fix\config\advRocketry\ChemicalReactor.xml!  Skipping.
[13:48:29] [Server thread/INFO] [libVulpes]: Output List empty in recipe 216
[13:48:29] [Server thread/WARN] [libVulpes]: Invalid item "input" (itemStack twilightforest:phantom_chestplate) in recipe 217 in C:\Users\jular\Desktop\Enigmatica2LightServer-1.5.1-log4j-fix\config\advRocketry\ChemicalReactor.xml!  Skipping.
[13:48:29] [Server thread/WARN] [libVulpes]: Invalid item "output" (itemStack twilightforest:phantom_chestplate) in recipe 217 in C:\Users\jular\Desktop\Enigmatica2LightServer-1.5.1-log4j-fix\config\advRocketry\ChemicalReactor.xml!  Skipping.
[13:48:29] [Server thread/INFO] [libVulpes]: Output List empty in recipe 217
[13:48:29] [Server thread/WARN] [libVulpes]: Invalid item "input" (itemStack twilightforest:yeti_helmet) in recipe 218 in C:\Users\jular\Desktop\Enigmatica2LightServer-1.5.1-log4j-fix\config\advRocketry\ChemicalReactor.xml!  Skipping.
[13:48:29] [Server thread/WARN] [libVulpes]: Invalid item "output" (itemStack twilightforest:yeti_helmet) in recipe 218 in C:\Users\jular\Desktop\Enigmatica2LightServer-1.5.1-log4j-fix\config\advRocketry\ChemicalReactor.xml!  Skipping.
[13:48:29] [Server thread/INFO] [libVulpes]: Output List empty in recipe 218
[13:48:29] [Server thread/WARN] [libVulpes]: Invalid item "input" (itemStack twilightforest:yeti_chestplate) in recipe 219 in C:\Users\jular\Desktop\Enigmatica2LightServer-1.5.1-log4j-fix\config\advRocketry\ChemicalReactor.xml!  Skipping.
[13:48:29] [Server thread/WARN] [libVulpes]: Invalid item "output" (itemStack twilightforest:yeti_chestplate) in recipe 219 in C:\Users\jular\Desktop\Enigmatica2LightServer-1.5.1-log4j-fix\config\advRocketry\ChemicalReactor.xml!  Skipping.
[13:48:29] [Server thread/INFO] [libVulpes]: Output List empty in recipe 219
[13:48:29] [Server thread/WARN] [libVulpes]: Invalid item "input" (itemStack twilightforest:yeti_leggings) in recipe 220 in C:\Users\jular\Desktop\Enigmatica2LightServer-1.5.1-log4j-fix\config\advRocketry\ChemicalReactor.xml!  Skipping.
[13:48:29] [Server thread/WARN] [libVulpes]: Invalid item "output" (itemStack twilightforest:yeti_leggings) in recipe 220 in C:\Users\jular\Desktop\Enigmatica2LightServer-1.5.1-log4j-fix\config\advRocketry\ChemicalReactor.xml!  Skipping.
[13:48:29] [Server thread/INFO] [libVulpes]: Output List empty in recipe 220
[13:48:29] [Server thread/WARN] [libVulpes]: Invalid item "input" (itemStack twilightforest:yeti_boots) in recipe 221 in C:\Users\jular\Desktop\Enigmatica2LightServer-1.5.1-log4j-fix\config\advRocketry\ChemicalReactor.xml!  Skipping.
[13:48:29] [Server thread/WARN] [libVulpes]: Invalid item "output" (itemStack twilightforest:yeti_boots) in recipe 221 in C:\Users\jular\Desktop\Enigmatica2LightServer-1.5.1-log4j-fix\config\advRocketry\ChemicalReactor.xml!  Skipping.
[13:48:29] [Server thread/INFO] [libVulpes]: Output List empty in recipe 221
[13:48:29] [Server thread/WARN] [libVulpes]: Invalid item "input" (itemStack twilightforest:arctic_helmet) in recipe 222 in C:\Users\jular\Desktop\Enigmatica2LightServer-1.5.1-log4j-fix\config\advRocketry\ChemicalReactor.xml!  Skipping.
[13:48:29] [Server thread/WARN] [libVulpes]: Invalid item "output" (itemStack twilightforest:arctic_helmet) in recipe 222 in C:\Users\jular\Desktop\Enigmatica2LightServer-1.5.1-log4j-fix\config\advRocketry\ChemicalReactor.xml!  Skipping.
[13:48:29] [Server thread/INFO] [libVulpes]: Output List empty in recipe 222
[13:48:29] [Server thread/WARN] [libVulpes]: Invalid item "input" (itemStack twilightforest:arctic_chestplate) in recipe 223 in C:\Users\jular\Desktop\Enigmatica2LightServer-1.5.1-log4j-fix\config\advRocketry\ChemicalReactor.xml!  Skipping.
[13:48:29] [Server thread/WARN] [libVulpes]: Invalid item "output" (itemStack twilightforest:arctic_chestplate) in recipe 223 in C:\Users\jular\Desktop\Enigmatica2LightServer-1.5.1-log4j-fix\config\advRocketry\ChemicalReactor.xml!  Skipping.
[13:48:29] [Server thread/INFO] [libVulpes]: Output List empty in recipe 223
[13:48:29] [Server thread/WARN] [libVulpes]: Invalid item "input" (itemStack twilightforest:arctic_leggings) in recipe 224 in C:\Users\jular\Desktop\Enigmatica2LightServer-1.5.1-log4j-fix\config\advRocketry\ChemicalReactor.xml!  Skipping.
[13:48:29] [Server thread/WARN] [libVulpes]: Invalid item "output" (itemStack twilightforest:arctic_leggings) in recipe 224 in C:\Users\jular\Desktop\Enigmatica2LightServer-1.5.1-log4j-fix\config\advRocketry\ChemicalReactor.xml!  Skipping.
[13:48:29] [Server thread/INFO] [libVulpes]: Output List empty in recipe 224
[13:48:29] [Server thread/WARN] [libVulpes]: Invalid item "input" (itemStack twilightforest:arctic_boots) in recipe 225 in C:\Users\jular\Desktop\Enigmatica2LightServer-1.5.1-log4j-fix\config\advRocketry\ChemicalReactor.xml!  Skipping.
[13:48:29] [Server thread/WARN] [libVulpes]: Invalid item "output" (itemStack twilightforest:arctic_boots) in recipe 225 in C:\Users\jular\Desktop\Enigmatica2LightServer-1.5.1-log4j-fix\config\advRocketry\ChemicalReactor.xml!  Skipping.
[13:48:29] [Server thread/INFO] [libVulpes]: Output List empty in recipe 225
[13:48:29] [Server thread/INFO] [libVulpes]: Sucessfully added recipe to zmaster587.advancedRocketry.tile.multiblock.machine.TileChemicalReactor for [1xitem.actuallyadditions.item_engineer_goggles_advanced@0, gemDiamondx1] -> [1xitem.actuallyadditions.item_engineer_goggles_advanced@0]
[13:48:29] [Server thread/INFO] [libVulpes]: Sucessfully added recipe to zmaster587.advancedRocketry.tile.multiblock.machine.TileChemicalReactor for [1xitem.actuallyadditions.item_engineer_goggles@0, gemDiamondx1] -> [1xitem.actuallyadditions.item_engineer_goggles@0]
[13:48:29] [Server thread/INFO] [libVulpes]: Sucessfully added recipe to zmaster587.advancedRocketry.tile.multiblock.machine.TileChemicalReactor for [1xitem.actuallyadditions.item_helm_emerald@0, gemDiamondx1] -> [1xitem.actuallyadditions.item_helm_emerald@0]
[13:48:29] [Server thread/INFO] [libVulpes]: Sucessfully added recipe to zmaster587.advancedRocketry.tile.multiblock.machine.TileChemicalReactor for [1xitem.actuallyadditions.item_chest_emerald@0, gemDiamondx1, 1xpressureTank@3] -> [1xitem.actuallyadditions.item_chest_emerald@0]
[13:48:29] [Server thread/INFO] [libVulpes]: Sucessfully added recipe to zmaster587.advancedRocketry.tile.multiblock.machine.TileChemicalReactor for [1xitem.actuallyadditions.item_pants_emerald@0, gemDiamondx1] -> [1xitem.actuallyadditions.item_pants_emerald@0]
[13:48:29] [Server thread/INFO] [libVulpes]: Sucessfully added recipe to zmaster587.advancedRocketry.tile.multiblock.machine.TileChemicalReactor for [1xitem.actuallyadditions.item_boots_emerald@0, gemDiamondx1] -> [1xitem.actuallyadditions.item_boots_emerald@0]
[13:48:29] [Server thread/INFO] [libVulpes]: Sucessfully added recipe to zmaster587.advancedRocketry.tile.multiblock.machine.TileChemicalReactor for [1xitem.actuallyadditions.item_helm_obsidian@0, gemDiamondx1] -> [1xitem.actuallyadditions.item_helm_obsidian@0]
[13:48:29] [Server thread/INFO] [libVulpes]: Sucessfully added recipe to zmaster587.advancedRocketry.tile.multiblock.machine.TileChemicalReactor for [1xitem.actuallyadditions.item_chest_obsidian@0, gemDiamondx1, 1xpressureTank@3] -> [1xitem.actuallyadditions.item_chest_obsidian@0]
[13:48:29] [Server thread/INFO] [libVulpes]: Sucessfully added recipe to zmaster587.advancedRocketry.tile.multiblock.machine.TileChemicalReactor for [1xitem.actuallyadditions.item_pants_obsidian@0, gemDiamondx1] -> [1xitem.actuallyadditions.item_pants_obsidian@0]
[13:48:29] [Server thread/INFO] [libVulpes]: Sucessfully added recipe to zmaster587.advancedRocketry.tile.multiblock.machine.TileChemicalReactor for [1xitem.actuallyadditions.item_boots_obsidian@0, gemDiamondx1] -> [1xitem.actuallyadditions.item_boots_obsidian@0]
[13:48:29] [Server thread/INFO] [libVulpes]: Sucessfully added recipe to zmaster587.advancedRocketry.tile.multiblock.machine.TileChemicalReactor for [1xitem.actuallyadditions.item_helm_quartz@0, gemDiamondx1] -> [1xitem.actuallyadditions.item_helm_quartz@0]
[13:48:29] [Server thread/INFO] [libVulpes]: Sucessfully added recipe to zmaster587.advancedRocketry.tile.multiblock.machine.TileChemicalReactor for [1xitem.actuallyadditions.item_chest_quartz@0, gemDiamondx1, 1xpressureTank@3] -> [1xitem.actuallyadditions.item_chest_quartz@0]
[13:48:29] [Server thread/INFO] [libVulpes]: Sucessfully added recipe to zmaster587.advancedRocketry.tile.multiblock.machine.TileChemicalReactor for [1xitem.actuallyadditions.item_pants_quartz@0, gemDiamondx1] -> [1xitem.actuallyadditions.item_pants_quartz@0]
[13:48:29] [Server thread/INFO] [libVulpes]: Sucessfully added recipe to zmaster587.advancedRocketry.tile.multiblock.machine.TileChemicalReactor for [1xitem.actuallyadditions.item_boots_quartz@0, gemDiamondx1] -> [1xitem.actuallyadditions.item_boots_quartz@0]
[13:48:29] [Server thread/INFO] [libVulpes]: Sucessfully added recipe to zmaster587.advancedRocketry.tile.multiblock.machine.TileChemicalReactor for [1xitem.actuallyadditions.item_helm_crystal_red@0, gemDiamondx1] -> [1xitem.actuallyadditions.item_helm_crystal_red@0]
[13:48:29] [Server thread/INFO] [libVulpes]: Sucessfully added recipe to zmaster587.advancedRocketry.tile.multiblock.machine.TileChemicalReactor for [1xitem.actuallyadditions.item_chest_crystal_red@0, gemDiamondx1, 1xpressureTank@3] -> [1xitem.actuallyadditions.item_chest_crystal_red@0]
[13:48:29] [Server thread/INFO] [libVulpes]: Sucessfully added recipe to zmaster587.advancedRocketry.tile.multiblock.machine.TileChemicalReactor for [1xitem.actuallyadditions.item_pants_crystal_red@0, gemDiamondx1] -> [1xitem.actuallyadditions.item_pants_crystal_red@0]
[13:48:29] [Server thread/INFO] [libVulpes]: Sucessfully added recipe to zmaster587.advancedRocketry.tile.multiblock.machine.TileChemicalReactor for [1xitem.actuallyadditions.item_boots_crystal_red@0, gemDiamondx1] -> [1xitem.actuallyadditions.item_boots_crystal_red@0]
[13:48:29] [Server thread/INFO] [libVulpes]: Sucessfully added recipe to zmaster587.advancedRocketry.tile.multiblock.machine.TileChemicalReactor for [1xitem.actuallyadditions.item_helm_crystal_blue@0, gemDiamondx1] -> [1xitem.actuallyadditions.item_helm_crystal_blue@0]
[13:48:29] [Server thread/INFO] [libVulpes]: Sucessfully added recipe to zmaster587.advancedRocketry.tile.multiblock.machine.TileChemicalReactor for [1xitem.actuallyadditions.item_chest_crystal_blue@0, gemDiamondx1, 1xpressureTank@3] -> [1xitem.actuallyadditions.item_chest_crystal_blue@0]
[13:48:29] [Server thread/INFO] [libVulpes]: Sucessfully added recipe to zmaster587.advancedRocketry.tile.multiblock.machine.TileChemicalReactor for [1xitem.actuallyadditions.item_pants_crystal_blue@0, gemDiamondx1] -> [1xitem.actuallyadditions.item_pants_crystal_blue@0]
[13:48:29] [Server thread/INFO] [libVulpes]: Sucessfully added recipe to zmaster587.advancedRocketry.tile.multiblock.machine.TileChemicalReactor for [1xitem.actuallyadditions.item_boots_crystal_blue@0, gemDiamondx1] -> [1xitem.actuallyadditions.item_boots_crystal_blue@0]
[13:48:29] [Server thread/INFO] [libVulpes]: Sucessfully added recipe to zmaster587.advancedRocketry.tile.multiblock.machine.TileChemicalReactor for [1xitem.actuallyadditions.item_helm_crystal_light_blue@0, gemDiamondx1] -> [1xitem.actuallyadditions.item_helm_crystal_light_blue@0]
[13:48:29] [Server thread/INFO] [libVulpes]: Sucessfully added recipe to zmaster587.advancedRocketry.tile.multiblock.machine.TileChemicalReactor for [1xitem.actuallyadditions.item_chest_crystal_light_blue@0, gemDiamondx1, 1xpressureTank@3] -> [1xitem.actuallyadditions.item_chest_crystal_light_blue@0]
[13:48:29] [Server thread/INFO] [libVulpes]: Sucessfully added recipe to zmaster587.advancedRocketry.tile.multiblock.machine.TileChemicalReactor for [1xitem.actuallyadditions.item_pants_crystal_light_blue@0, gemDiamondx1] -> [1xitem.actuallyadditions.item_pants_crystal_light_blue@0]
[13:48:29] [Server thread/INFO] [libVulpes]: Sucessfully added recipe to zmaster587.advancedRocketry.tile.multiblock.machine.TileChemicalReactor for [1xitem.actuallyadditions.item_boots_crystal_light_blue@0, gemDiamondx1] -> [1xitem.actuallyadditions.item_boots_crystal_light_blue@0]
[13:48:29] [Server thread/INFO] [libVulpes]: Sucessfully added recipe to zmaster587.advancedRocketry.tile.multiblock.machine.TileChemicalReactor for [1xitem.actuallyadditions.item_helm_crystal_black@0, gemDiamondx1] -> [1xitem.actuallyadditions.item_helm_crystal_black@0]
[13:48:29] [Server thread/INFO] [libVulpes]: Sucessfully added recipe to zmaster587.advancedRocketry.tile.multiblock.machine.TileChemicalReactor for [1xitem.actuallyadditions.item_chest_crystal_black@0, gemDiamondx1, 1xpressureTank@3] -> [1xitem.actuallyadditions.item_chest_crystal_black@0]
[13:48:29] [Server thread/INFO] [libVulpes]: Sucessfully added recipe to zmaster587.advancedRocketry.tile.multiblock.machine.TileChemicalReactor for [1xitem.actuallyadditions.item_pants_crystal_black@0, gemDiamondx1] -> [1xitem.actuallyadditions.item_pants_crystal_black@0]
[13:48:29] [Server thread/INFO] [libVulpes]: Sucessfully added recipe to zmaster587.advancedRocketry.tile.multiblock.machine.TileChemicalReactor for [1xitem.actuallyadditions.item_boots_crystal_black@0, gemDiamondx1] -> [1xitem.actuallyadditions.item_boots_crystal_black@0]
[13:48:29] [Server thread/INFO] [libVulpes]: Sucessfully added recipe to zmaster587.advancedRocketry.tile.multiblock.machine.TileChemicalReactor for [1xitem.actuallyadditions.item_helm_crystal_green@0, gemDiamondx1] -> [1xitem.actuallyadditions.item_helm_crystal_green@0]
[13:48:29] [Server thread/INFO] [libVulpes]: Sucessfully added recipe to zmaster587.advancedRocketry.tile.multiblock.machine.TileChemicalReactor for [1xitem.actuallyadditions.item_chest_crystal_green@0, gemDiamondx1, 1xpressureTank@3] -> [1xitem.actuallyadditions.item_chest_crystal_green@0]
[13:48:29] [Server thread/INFO] [libVulpes]: Sucessfully added recipe to zmaster587.advancedRocketry.tile.multiblock.machine.TileChemicalReactor for [1xitem.actuallyadditions.item_pants_crystal_green@0, gemDiamondx1] -> [1xitem.actuallyadditions.item_pants_crystal_green@0]
[13:48:29] [Server thread/INFO] [libVulpes]: Sucessfully added recipe to zmaster587.advancedRocketry.tile.multiblock.machine.TileChemicalReactor for [1xitem.actuallyadditions.item_boots_crystal_green@0, gemDiamondx1] -> [1xitem.actuallyadditions.item_boots_crystal_green@0]
[13:48:29] [Server thread/INFO] [libVulpes]: Sucessfully added recipe to zmaster587.advancedRocketry.tile.multiblock.machine.TileChemicalReactor for [1xitem.actuallyadditions.item_helm_crystal_white@0, gemDiamondx1] -> [1xitem.actuallyadditions.item_helm_crystal_white@0]
[13:48:29] [Server thread/INFO] [libVulpes]: Sucessfully added recipe to zmaster587.advancedRocketry.tile.multiblock.machine.TileChemicalReactor for [1xitem.actuallyadditions.item_chest_crystal_white@0, gemDiamondx1, 1xpressureTank@3] -> [1xitem.actuallyadditions.item_chest_crystal_white@0]
[13:48:29] [Server thread/INFO] [libVulpes]: Sucessfully added recipe to zmaster587.advancedRocketry.tile.multiblock.machine.TileChemicalReactor for [1xitem.actuallyadditions.item_pants_crystal_white@0, gemDiamondx1] -> [1xitem.actuallyadditions.item_pants_crystal_white@0]
[13:48:29] [Server thread/INFO] [libVulpes]: Sucessfully added recipe to zmaster587.advancedRocketry.tile.multiblock.machine.TileChemicalReactor for [1xitem.actuallyadditions.item_boots_crystal_white@0, gemDiamondx1] -> [1xitem.actuallyadditions.item_boots_crystal_white@0]
[13:48:29] [Server thread/INFO] [libVulpes]: Sucessfully added recipe to zmaster587.advancedRocketry.tile.multiblock.machine.TileChemicalReactor for [1xitem.itemcape@0, gemDiamondx1, 1xpressureTank@3] -> [1xitem.itemcape@0]
[13:48:29] [Server thread/INFO] [libVulpes]: Sucessfully added recipe to zmaster587.advancedRocketry.tile.multiblock.machine.TileChemicalReactor for [1xitem.pirate_hat@0, gemDiamondx1] -> [1xitem.pirate_hat@0]
[13:48:29] [Server thread/INFO] [libVulpes]: Sucessfully added recipe to zmaster587.advancedRocketry.tile.multiblock.machine.TileChemicalReactor for [1xitem.witch_hat@0, gemDiamondx1] -> [1xitem.witch_hat@0]
[13:48:29] [Server thread/WARN] [libVulpes]: Invalid item "input" (itemStack psi:psimetal_exosuit_helmet) in recipe 267 in C:\Users\jular\Desktop\Enigmatica2LightServer-1.5.1-log4j-fix\config\advRocketry\ChemicalReactor.xml!  Skipping.
[13:48:29] [Server thread/WARN] [libVulpes]: Invalid item "output" (itemStack psi:psimetal_exosuit_helmet) in recipe 267 in C:\Users\jular\Desktop\Enigmatica2LightServer-1.5.1-log4j-fix\config\advRocketry\ChemicalReactor.xml!  Skipping.
[13:48:29] [Server thread/INFO] [libVulpes]: Output List empty in recipe 267
[13:48:29] [Server thread/WARN] [libVulpes]: Invalid item "input" (itemStack psi:psimetal_exosuit_chestplate) in recipe 268 in C:\Users\jular\Desktop\Enigmatica2LightServer-1.5.1-log4j-fix\config\advRocketry\ChemicalReactor.xml!  Skipping.
[13:48:29] [Server thread/WARN] [libVulpes]: Invalid item "output" (itemStack psi:psimetal_exosuit_chestplate) in recipe 268 in C:\Users\jular\Desktop\Enigmatica2LightServer-1.5.1-log4j-fix\config\advRocketry\ChemicalReactor.xml!  Skipping.
[13:48:29] [Server thread/INFO] [libVulpes]: Output List empty in recipe 268
[13:48:29] [Server thread/WARN] [libVulpes]: Invalid item "input" (itemStack psi:psimetal_exosuit_leggings) in recipe 269 in C:\Users\jular\Desktop\Enigmatica2LightServer-1.5.1-log4j-fix\config\advRocketry\ChemicalReactor.xml!  Skipping.
[13:48:29] [Server thread/WARN] [libVulpes]: Invalid item "output" (itemStack psi:psimetal_exosuit_leggings) in recipe 269 in C:\Users\jular\Desktop\Enigmatica2LightServer-1.5.1-log4j-fix\config\advRocketry\ChemicalReactor.xml!  Skipping.
[13:48:29] [Server thread/INFO] [libVulpes]: Output List empty in recipe 269
[13:48:29] [Server thread/WARN] [libVulpes]: Invalid item "input" (itemStack psi:psimetal_exosuit_boots) in recipe 270 in C:\Users\jular\Desktop\Enigmatica2LightServer-1.5.1-log4j-fix\config\advRocketry\ChemicalReactor.xml!  Skipping.
[13:48:29] [Server thread/WARN] [libVulpes]: Invalid item "output" (itemStack psi:psimetal_exosuit_boots) in recipe 270 in C:\Users\jular\Desktop\Enigmatica2LightServer-1.5.1-log4j-fix\config\advRocketry\ChemicalReactor.xml!  Skipping.
[13:48:29] [Server thread/INFO] [libVulpes]: Output List empty in recipe 270
[13:48:29] [Server thread/WARN] [libVulpes]: Invalid item "input" (itemStack cyclicmagic:purple_boots) in recipe 271 in C:\Users\jular\Desktop\Enigmatica2LightServer-1.5.1-log4j-fix\config\advRocketry\ChemicalReactor.xml!  Skipping.
[13:48:29] [Server thread/WARN] [libVulpes]: Invalid item "output" (itemStack cyclicmagic:purple_boots) in recipe 271 in C:\Users\jular\Desktop\Enigmatica2LightServer-1.5.1-log4j-fix\config\advRocketry\ChemicalReactor.xml!  Skipping.
[13:48:29] [Server thread/INFO] [libVulpes]: Output List empty in recipe 271
[13:48:29] [Server thread/WARN] [libVulpes]: Invalid item "input" (itemStack cyclicmagic:glowing_helmet) in recipe 272 in C:\Users\jular\Desktop\Enigmatica2LightServer-1.5.1-log4j-fix\config\advRocketry\ChemicalReactor.xml!  Skipping.
[13:48:29] [Server thread/WARN] [libVulpes]: Invalid item "output" (itemStack cyclicmagic:glowing_helmet) in recipe 272 in C:\Users\jular\Desktop\Enigmatica2LightServer-1.5.1-log4j-fix\config\advRocketry\ChemicalReactor.xml!  Skipping.
[13:48:29] [Server thread/INFO] [libVulpes]: Output List empty in recipe 272
[13:48:29] [Server thread/WARN] [libVulpes]: Invalid item "input" (itemStack cyclicmagic:purple_leggings) in recipe 273 in C:\Users\jular\Desktop\Enigmatica2LightServer-1.5.1-log4j-fix\config\advRocketry\ChemicalReactor.xml!  Skipping.
[13:48:29] [Server thread/WARN] [libVulpes]: Invalid item "output" (itemStack cyclicmagic:purple_leggings) in recipe 273 in C:\Users\jular\Desktop\Enigmatica2LightServer-1.5.1-log4j-fix\config\advRocketry\ChemicalReactor.xml!  Skipping.
[13:48:29] [Server thread/INFO] [libVulpes]: Output List empty in recipe 273
[13:48:29] [Server thread/WARN] [libVulpes]: Invalid item "input" (itemStack cyclicmagic:purple_helmet) in recipe 274 in C:\Users\jular\Desktop\Enigmatica2LightServer-1.5.1-log4j-fix\config\advRocketry\ChemicalReactor.xml!  Skipping.
[13:48:29] [Server thread/WARN] [libVulpes]: Invalid item "output" (itemStack cyclicmagic:purple_helmet) in recipe 274 in C:\Users\jular\Desktop\Enigmatica2LightServer-1.5.1-log4j-fix\config\advRocketry\ChemicalReactor.xml!  Skipping.
[13:48:29] [Server thread/INFO] [libVulpes]: Output List empty in recipe 274
[13:48:29] [Server thread/WARN] [libVulpes]: Invalid item "input" (itemStack cyclicmagic:purple_chestplate) in recipe 275 in C:\Users\jular\Desktop\Enigmatica2LightServer-1.5.1-log4j-fix\config\advRocketry\ChemicalReactor.xml!  Skipping.
[13:48:29] [Server thread/WARN] [libVulpes]: Invalid item "output" (itemStack cyclicmagic:purple_chestplate) in recipe 275 in C:\Users\jular\Desktop\Enigmatica2LightServer-1.5.1-log4j-fix\config\advRocketry\ChemicalReactor.xml!  Skipping.
[13:48:29] [Server thread/INFO] [libVulpes]: Output List empty in recipe 275
[13:48:29] [Server thread/WARN] [libVulpes]: Invalid item "input" (itemStack embers:ashen_cloak_head) in recipe 276 in C:\Users\jular\Desktop\Enigmatica2LightServer-1.5.1-log4j-fix\config\advRocketry\ChemicalReactor.xml!  Skipping.
[13:48:29] [Server thread/WARN] [libVulpes]: Invalid item "output" (itemStack embers:ashen_cloak_head) in recipe 276 in C:\Users\jular\Desktop\Enigmatica2LightServer-1.5.1-log4j-fix\config\advRocketry\ChemicalReactor.xml!  Skipping.
[13:48:29] [Server thread/INFO] [libVulpes]: Output List empty in recipe 276
[13:48:29] [Server thread/WARN] [libVulpes]: Invalid item "input" (itemStack embers:ashen_cloak_chest) in recipe 277 in C:\Users\jular\Desktop\Enigmatica2LightServer-1.5.1-log4j-fix\config\advRocketry\ChemicalReactor.xml!  Skipping.
[13:48:29] [Server thread/WARN] [libVulpes]: Invalid item "output" (itemStack embers:ashen_cloak_chest) in recipe 277 in C:\Users\jular\Desktop\Enigmatica2LightServer-1.5.1-log4j-fix\config\advRocketry\ChemicalReactor.xml!  Skipping.
[13:48:29] [Server thread/INFO] [libVulpes]: Output List empty in recipe 277
[13:48:29] [Server thread/WARN] [libVulpes]: Invalid item "input" (itemStack embers:ashen_cloak_legs) in recipe 278 in C:\Users\jular\Desktop\Enigmatica2LightServer-1.5.1-log4j-fix\config\advRocketry\ChemicalReactor.xml!  Skipping.
[13:48:29] [Server thread/WARN] [libVulpes]: Invalid item "output" (itemStack embers:ashen_cloak_legs) in recipe 278 in C:\Users\jular\Desktop\Enigmatica2LightServer-1.5.1-log4j-fix\config\advRocketry\ChemicalReactor.xml!  Skipping.
[13:48:29] [Server thread/INFO] [libVulpes]: Output List empty in recipe 278
[13:48:29] [Server thread/WARN] [libVulpes]: Invalid item "input" (itemStack embers:ashen_cloak_boots) in recipe 279 in C:\Users\jular\Desktop\Enigmatica2LightServer-1.5.1-log4j-fix\config\advRocketry\ChemicalReactor.xml!  Skipping.
[13:48:29] [Server thread/WARN] [libVulpes]: Invalid item "output" (itemStack embers:ashen_cloak_boots) in recipe 279 in C:\Users\jular\Desktop\Enigmatica2LightServer-1.5.1-log4j-fix\config\advRocketry\ChemicalReactor.xml!  Skipping.
[13:48:29] [Server thread/INFO] [libVulpes]: Output List empty in recipe 279
[13:48:29] [Server thread/INFO] [libVulpes]: Sucessfully added recipe to zmaster587.advancedRocketry.tile.multiblock.machine.TileChemicalReactor for [1xitem.extrabitmanipulation:chiseled_helmet@0, gemDiamondx1] -> [1xitem.extrabitmanipulation:chiseled_helmet@0]
[13:48:29] [Server thread/INFO] [libVulpes]: Sucessfully added recipe to zmaster587.advancedRocketry.tile.multiblock.machine.TileChemicalReactor for [1xitem.extrabitmanipulation:chiseled_chestplate@0, gemDiamondx1, 1xpressureTank@3] -> [1xitem.extrabitmanipulation:chiseled_chestplate@0]
[13:48:29] [Server thread/INFO] [libVulpes]: Sucessfully added recipe to zmaster587.advancedRocketry.tile.multiblock.machine.TileChemicalReactor for [1xitem.extrabitmanipulation:chiseled_leggings@0, gemDiamondx1] -> [1xitem.extrabitmanipulation:chiseled_leggings@0]
[13:48:29] [Server thread/INFO] [libVulpes]: Sucessfully added recipe to zmaster587.advancedRocketry.tile.multiblock.machine.TileChemicalReactor for [1xitem.extrabitmanipulation:chiseled_boots@0, gemDiamondx1] -> [1xitem.extrabitmanipulation:chiseled_boots@0]
[13:48:29] [Server thread/INFO] [libVulpes]: Sucessfully added recipe to zmaster587.advancedRocketry.tile.multiblock.machine.TileChemicalReactor for [1xitem.hardenedleatherhelmitem@0, gemDiamondx1] -> [1xitem.hardenedleatherhelmitem@0]
[13:48:29] [Server thread/INFO] [libVulpes]: Sucessfully added recipe to zmaster587.advancedRocketry.tile.multiblock.machine.TileChemicalReactor for [1xitem.hardenedleatherchestitem@0, gemDiamondx1, 1xpressureTank@3] -> [1xitem.hardenedleatherchestitem@0]
[13:48:29] [Server thread/INFO] [libVulpes]: Sucessfully added recipe to zmaster587.advancedRocketry.tile.multiblock.machine.TileChemicalReactor for [1xitem.hardenedleatherleggingsitem@0, gemDiamondx1] -> [1xitem.hardenedleatherleggingsitem@0]
[13:48:29] [Server thread/INFO] [libVulpes]: Sucessfully added recipe to zmaster587.advancedRocketry.tile.multiblock.machine.TileChemicalReactor for [1xitem.hardenedleatherbootsitem@0, gemDiamondx1] -> [1xitem.hardenedleatherbootsitem@0]
[13:48:29] [Server thread/WARN] [libVulpes]: Invalid item "output" (itemStack libvulpes:productcrystal) in recipe 1 in C:\Users\jular\Desktop\Enigmatica2LightServer-1.5.1-log4j-fix\config\advRocketry\Crystallizer.xml!  Skipping.
[13:48:29] [Server thread/INFO] [libVulpes]: Output List empty in recipe 1
[13:48:29] [Server thread/INFO] [libVulpes]: Sucessfully added recipe to zmaster587.advancedRocketry.tile.multiblock.machine.TileCrystallizer for [itemSiliconx1] -> [1xitem.boule@3]
[13:48:29] [Server thread/INFO] [libVulpes]: Sucessfully added recipe to zmaster587.advancedRocketry.tile.multiblock.machine.TileElectrolyser for [net.minecraftforge.fluids.FluidStack@3a8b1a15] -> [net.minecraftforge.fluids.FluidStack@6166fcb9, net.minecraftforge.fluids.FluidStack@7ac7b9db]
[13:48:29] [Server thread/INFO] [libVulpes]: Sucessfully added recipe to zmaster587.advancedRocketry.tile.multiblock.machine.TileElectricArcFurnace for [1xtile.sand@0] -> [1xitem.ingot@3]
[13:48:29] [Server thread/INFO] [libVulpes]: Sucessfully added recipe to zmaster587.advancedRocketry.tile.multiblock.machine.TileElectricArcFurnace for [ingotIronx1, 1xitem.coal@1] -> [1xitem.ingot@6]
[13:48:29] [Server thread/INFO] [libVulpes]: Sucessfully added recipe to zmaster587.advancedRocketry.tile.multiblock.machine.TileElectricArcFurnace for [ingotAluminumx7, ingotTitaniumx3] -> [3xitem.ingot@0]
[13:48:29] [Server thread/INFO] [libVulpes]: Sucessfully added recipe to zmaster587.advancedRocketry.tile.multiblock.machine.TileElectricArcFurnace for [ingotTitaniumx1, ingotIridiumx1] -> [2xitem.ingot@1]
[13:48:29] [Server thread/INFO] [libVulpes]: Sucessfully added recipe to zmaster587.advancedRocketry.tile.multiblock.machine.TileElectricArcFurnace for [oreRutilex1] -> [1xitem.ingot@7]
[13:48:29] [Server thread/INFO] [libVulpes]: Sucessfully added recipe to zmaster587.advancedRocketry.tile.multiblock.machine.TileLathe for [ingotCopperx1] -> [2xitem.stick@4]
[13:48:29] [Server thread/INFO] [libVulpes]: Sucessfully added recipe to zmaster587.advancedRocketry.tile.multiblock.machine.TileLathe for [ingotSteelx1] -> [2xitem.stick@6]
[13:48:29] [Server thread/INFO] [libVulpes]: Sucessfully added recipe to zmaster587.advancedRocketry.tile.multiblock.machine.TileLathe for [ingotTitaniumx1] -> [2xitem.stick@7]
[13:48:29] [Server thread/INFO] [libVulpes]: Sucessfully added recipe to zmaster587.advancedRocketry.tile.multiblock.machine.TileLathe for [ingotIridiumx1] -> [2xitem.stick@10]
[13:48:29] [Server thread/INFO] [libVulpes]: Sucessfully added recipe to zmaster587.advancedRocketry.tile.multiblock.machine.TileLathe for [ingotTitaniumAluminidex1] -> [2xitem.stick@0]
[13:48:29] [Server thread/INFO] [libVulpes]: Sucessfully added recipe to zmaster587.advancedRocketry.tile.multiblock.machine.TileLathe for [ingotTitaniumIridiumx1] -> [2xitem.stick@1]
[13:48:29] [Server thread/INFO] [libVulpes]: Sucessfully added recipe to zmaster587.advancedRocketry.tile.multiblock.machine.TileLathe for [ingotIronx1] -> [2xitem.stick@1]
[13:48:29] [Server thread/INFO] [libVulpes]: Sucessfully added recipe to zmaster587.advancedRocketry.tile.multiblock.machine.TileRollingMachine for [ingotIronx1, net.minecraftforge.fluids.FluidStack@3a8b1a15] -> [1xitem.thermalfoundation.material@32]
[13:48:29] [Server thread/INFO] [libVulpes]: Sucessfully added recipe to zmaster587.advancedRocketry.tile.multiblock.machine.TileRollingMachine for [plateIronx1, net.minecraftforge.fluids.FluidStack@3a8b1a15] -> [1xitem.sheet@1]
[13:48:29] [Server thread/INFO] [libVulpes]: Sucessfully added recipe to zmaster587.advancedRocketry.tile.multiblock.machine.TileRollingMachine for [ingotGoldx1, net.minecraftforge.fluids.FluidStack@3a8b1a15] -> [1xitem.thermalfoundation.material@33]
[13:48:29] [Server thread/INFO] [libVulpes]: Sucessfully added recipe to zmaster587.advancedRocketry.tile.multiblock.machine.TileRollingMachine for [ingotSiliconx1, net.minecraftforge.fluids.FluidStack@3a8b1a15] -> [1xitem.plate@3]
[13:48:29] [Server thread/INFO] [libVulpes]: Sucessfully added recipe to zmaster587.advancedRocketry.tile.multiblock.machine.TileRollingMachine for [ingotCopperx1, net.minecraftforge.fluids.FluidStack@3a8b1a15] -> [1xitem.thermalfoundation.material@320]
[13:48:29] [Server thread/INFO] [libVulpes]: Sucessfully added recipe to zmaster587.advancedRocketry.tile.multiblock.machine.TileRollingMachine for [plateCopperx1, net.minecraftforge.fluids.FluidStack@3a8b1a15] -> [1xitem.sheet@4]
[13:48:29] [Server thread/INFO] [libVulpes]: Sucessfully added recipe to zmaster587.advancedRocketry.tile.multiblock.machine.TileRollingMachine for [ingotTinx1, net.minecraftforge.fluids.FluidStack@3a8b1a15] -> [1xitem.thermalfoundation.material@321]
[13:48:29] [Server thread/INFO] [libVulpes]: Sucessfully added recipe to zmaster587.advancedRocketry.tile.multiblock.machine.TileRollingMachine for [ingotSteelx1, net.minecraftforge.fluids.FluidStack@3a8b1a15] -> [1xitem.thermalfoundation.material@352]
[13:48:29] [Server thread/INFO] [libVulpes]: Sucessfully added recipe to zmaster587.advancedRocketry.tile.multiblock.machine.TileRollingMachine for [plateSteelx1, net.minecraftforge.fluids.FluidStack@3a8b1a15] -> [1xitem.sheet@6]
[13:48:29] [Server thread/INFO] [libVulpes]: Sucessfully added recipe to zmaster587.advancedRocketry.tile.multiblock.machine.TileRollingMachine for [ingotTitaniumx1, net.minecraftforge.fluids.FluidStack@3a8b1a15] -> [1xitem.plate@7]
[13:48:29] [Server thread/INFO] [libVulpes]: Sucessfully added recipe to zmaster587.advancedRocketry.tile.multiblock.machine.TileRollingMachine for [plateTitaniumx1, net.minecraftforge.fluids.FluidStack@3a8b1a15] -> [1xitem.sheet@7]
[13:48:29] [Server thread/INFO] [libVulpes]: Sucessfully added recipe to zmaster587.advancedRocketry.tile.multiblock.machine.TileRollingMachine for [ingotAluminumx1, net.minecraftforge.fluids.FluidStack@3a8b1a15] -> [1xitem.thermalfoundation.material@324]
[13:48:29] [Server thread/INFO] [libVulpes]: Sucessfully added recipe to zmaster587.advancedRocketry.tile.multiblock.machine.TileRollingMachine for [plateAluminumx1, net.minecraftforge.fluids.FluidStack@3a8b1a15] -> [1xitem.sheet@9]
[13:48:29] [Server thread/INFO] [libVulpes]: Sucessfully added recipe to zmaster587.advancedRocketry.tile.multiblock.machine.TileRollingMachine for [ingotIridiumx1, net.minecraftforge.fluids.FluidStack@3a8b1a15] -> [1xitem.thermalfoundation.material@327]
[13:48:29] [Server thread/INFO] [libVulpes]: Sucessfully added recipe to zmaster587.advancedRocketry.tile.multiblock.machine.TileRollingMachine for [ingotTitaniumAluminidex1, net.minecraftforge.fluids.FluidStack@3a8b1a15] -> [1xitem.plate@0]
[13:48:29] [Server thread/INFO] [libVulpes]: Sucessfully added recipe to zmaster587.advancedRocketry.tile.multiblock.machine.TileRollingMachine for [plateTitaniumAluminidex1, net.minecraftforge.fluids.FluidStack@3a8b1a15] -> [1xitem.sheet@0]
[13:48:29] [Server thread/INFO] [libVulpes]: Sucessfully added recipe to zmaster587.advancedRocketry.tile.multiblock.machine.TileRollingMachine for [ingotTitaniumIridiumx1, net.minecraftforge.fluids.FluidStack@3a8b1a15] -> [1xitem.plate@1]
[13:48:29] [Server thread/INFO] [libVulpes]: Sucessfully added recipe to zmaster587.advancedRocketry.tile.multiblock.machine.TileRollingMachine for [plateTitaniumIridiumx1, net.minecraftforge.fluids.FluidStack@3a8b1a15] -> [1xitem.sheet@1]
[13:48:29] [Server thread/INFO] [libVulpes]: Sucessfully added recipe to zmaster587.advancedRocketry.tile.multiblock.machine.TileRollingMachine for [sheetIronx1, sheetIronx1, net.minecraftforge.fluids.FluidStack@3a8b1a15] -> [1xpressureTank@0]
[13:48:29] [Server thread/INFO] [libVulpes]: Sucessfully added recipe to zmaster587.advancedRocketry.tile.multiblock.machine.TileRollingMachine for [sheetSteelx1, sheetSteelx1, net.minecraftforge.fluids.FluidStack@3a8b1a15] -> [1xpressureTank@1]
[13:48:29] [Server thread/INFO] [libVulpes]: Sucessfully added recipe to zmaster587.advancedRocketry.tile.multiblock.machine.TileRollingMachine for [sheetAluminumx1, sheetAluminumx1, net.minecraftforge.fluids.FluidStack@3a8b1a15] -> [1xpressureTank@2]
[13:48:29] [Server thread/INFO] [libVulpes]: Sucessfully added recipe to zmaster587.advancedRocketry.tile.multiblock.machine.TileRollingMachine for [sheetTitaniumx1, sheetTitaniumx1, net.minecraftforge.fluids.FluidStack@3a8b1a15] -> [1xpressureTank@3]
[13:48:29] [Server thread/INFO] [libVulpes]: Sucessfully added recipe to zmaster587.advancedRocketry.block.BlockSmallPlatePress for [oreDilithiumx1] -> [2xitem.dust@0]
[13:48:29] [Server thread/INFO] [libVulpes]: Sucessfully added recipe to zmaster587.advancedRocketry.block.BlockSmallPlatePress for [blockIronx1] -> [4xitem.plate@1]
[13:48:29] [Server thread/INFO] [libVulpes]: Sucessfully added recipe to zmaster587.advancedRocketry.block.BlockSmallPlatePress for [oreIronx1] -> [2xitem.dust@1]
[13:48:29] [Server thread/INFO] [libVulpes]: Sucessfully added recipe to zmaster587.advancedRocketry.block.BlockSmallPlatePress for [blockGoldx1] -> [4xitem.plate@2]
[13:48:29] [Server thread/INFO] [libVulpes]: Sucessfully added recipe to zmaster587.advancedRocketry.block.BlockSmallPlatePress for [oreGoldx1] -> [2xitem.dust@2]
[13:48:29] [Server thread/INFO] [libVulpes]: Sucessfully added recipe to zmaster587.advancedRocketry.block.BlockSmallPlatePress for [blockCopperx1] -> [4xitem.plate@4]
[13:48:29] [Server thread/INFO] [libVulpes]: Sucessfully added recipe to zmaster587.advancedRocketry.block.BlockSmallPlatePress for [oreCopperx1] -> [2xitem.dust@4]
[13:48:29] [Server thread/INFO] [libVulpes]: Sucessfully added recipe to zmaster587.advancedRocketry.block.BlockSmallPlatePress for [blockTinx1] -> [4xitem.plate@5]
[13:48:29] [Server thread/INFO] [libVulpes]: Sucessfully added recipe to zmaster587.advancedRocketry.block.BlockSmallPlatePress for [oreTinx1] -> [2xitem.dust@5]
[13:48:29] [Server thread/INFO] [libVulpes]: Sucessfully added recipe to zmaster587.advancedRocketry.block.BlockSmallPlatePress for [blockSteelx1] -> [4xitem.plate@6]
[13:48:29] [Server thread/INFO] [libVulpes]: Sucessfully added recipe to zmaster587.advancedRocketry.block.BlockSmallPlatePress for [blockTitaniumx1] -> [4xitem.plate@7]
[13:48:29] [Server thread/INFO] [libVulpes]: Sucessfully added recipe to zmaster587.advancedRocketry.block.BlockSmallPlatePress for [blockAluminumx1] -> [4xitem.plate@9]
[13:48:29] [Server thread/INFO] [libVulpes]: Sucessfully added recipe to zmaster587.advancedRocketry.block.BlockSmallPlatePress for [oreAluminumx1] -> [2xitem.dust@9]
[13:48:29] [Server thread/INFO] [libVulpes]: Sucessfully added recipe to zmaster587.advancedRocketry.block.BlockSmallPlatePress for [blockIridiumx1] -> [4xitem.plate@10]
[13:48:29] [Server thread/INFO] [libVulpes]: Sucessfully added recipe to zmaster587.advancedRocketry.block.BlockSmallPlatePress for [oreIridiumx1] -> [2xitem.dust@10]
[13:48:29] [Server thread/INFO] [libVulpes]: Sucessfully added recipe to zmaster587.advancedRocketry.block.BlockSmallPlatePress for [blockTitaniumAluminidex1] -> [4xitem.plate@0]
[13:48:29] [Server thread/INFO] [libVulpes]: Sucessfully added recipe to zmaster587.advancedRocketry.block.BlockSmallPlatePress for [blockTitaniumIridiumx1] -> [4xitem.plate@1]
[13:48:29] [Server thread/INFO] [libVulpes]: Sucessfully added recipe to zmaster587.advancedRocketry.tile.multiblock.machine.TilePrecisionLaserEtcher for [1xlens@0, 1xic2.plate@2, 1xtile.blockRedstone@0, 4xwafer@0] -> [2xcircuitplate@1]
[13:48:29] [Server thread/INFO] [libVulpes]: Sucessfully added recipe to zmaster587.advancedRocketry.tile.multiblock.machine.TilePrecisionLaserEtcher for [1xlens@0, 1xic2.plate@2, 1xitem.redstone@0, 4xwafer@0] -> [2xcircuitplate@0]
[13:48:29] [Server thread/INFO] [Astral Sorcery]: Post compile recipes
[13:48:29] [Server thread/INFO] [betterbuilderswands]: Added 'minecraft:lapis_ore/0=>1*minecraft:lapis_ore/4=>minecraft:lapis_ore/0' to mapping
[13:48:29] [Server thread/INFO] [betterbuilderswands]: Added 'minecraft:lit_redstone_ore/0=>1*minecraft:redstone_ore/0=>minecraft:lit_redstone_ore/0' to mapping
[13:48:29] [Server thread/INFO] [betterbuilderswands]: Added 'minecraft:grass/0=>1*minecraft:grass/0=>minecraft:grass/0' to mapping
[13:48:29] [Server thread/INFO] [betterbuilderswands]: Added 'minecraft:grass/0=>1*minecraft:dirt/0=>minecraft:dirt/0' to mapping
[13:48:29] [Server thread/INFO] [betterbuilderswands]: Added 'minecraft:dirt/1=>1*minecraft:dirt/1=>minecraft:dirt/1' to mapping
[13:48:29] [Server thread/INFO] [betterbuilderswands]: Added 'minecraft:dirt/1=>1*minecraft:dirt/0=>minecraft:dirt/0' to mapping
[13:48:29] [Server thread/INFO] [betterbuilderswands]: Added 'minecraft:dirt/2=>1*minecraft:dirt/2=>minecraft:dirt/2' to mapping
[13:48:29] [Server thread/INFO] [betterbuilderswands]: Added 'minecraft:dirt/2=>1*minecraft:dirt/0=>minecraft:dirt/0' to mapping
[13:48:29] [Server thread/INFO] [botania]: The Lexica Botania has 26916 words.
[13:48:30] [Server thread/INFO] [/dank/null]: Registering GUI Handler
[13:48:30] [Server thread/INFO] [Mekanism]: Fake player readout: UUID = 46e82cd0-d480-3d48-800a-77431ede078e, name = [Mekanism]
[13:48:30] [Server thread/INFO] [Mekanism]: Hooked into IC2 successfully.
[13:48:30] [Server thread/INFO] [Mekanism]: Hooked into AE2 successfully.
[13:48:30] [Server thread/ERROR] [Mekanism]: BoxBlacklist.txt: Couldn't parse blacklist data on line 14
[13:48:30] [Server thread/ERROR] [Mekanism]: BoxBlacklist.txt: Couldn't parse blacklist data on line 15
[13:48:30] [Server thread/ERROR] [Mekanism]: BoxBlacklist.txt: Couldn't parse blacklist data on line 17
[13:48:30] [Server thread/INFO] [Mekanism]: Finished loading Cardboard Box blacklist (loaded 48 entries)
[13:48:30] [Server thread/INFO] [Mekanism]: Hooking complete.
[13:48:30] [Server thread/INFO] [Engineer's Doors]: Post-initializing doors module
[13:48:30] [Server thread/INFO] [Engineer's Doors]: Quark double-door compatibility enabled
[13:48:30] [Server thread/INFO] [Engineer's Doors]: Post-initializing fence gates module
[13:48:30] [Server thread/INFO] [Engineer's Doors]: Post-initializing trapdoors module
[13:48:30] [Server thread/WARN] [net.minecraft.entity.passive.EntityVillager]: PriceRange(-4, -8) invalid, -8 smaller than -4
[13:48:30] [Server thread/INFO] [reborncore]: Loaded registrys for net.minecraftforge.fml.common.event.FMLPostInitializationEvent in 0ms
[13:48:30] [Server thread/INFO] [net.blay09.mods.kleeslabs.KleeSlabs]: If you wish to setup additional KleeSlabs compatibility, create a folder called 'KleeSlabsCompat' in your config directory and place JSON files inside.
[13:48:30] [Server thread/ERROR] [net.blay09.mods.kleeslabs.KleeSlabs]: Slab biotite_slab could not be found.
[13:48:30] [Server thread/ERROR] [net.blay09.mods.kleeslabs.KleeSlabs]: Slab snow_bricks_slab could not be found.
[13:48:30] [Server thread/ERROR] [net.blay09.mods.kleeslabs.KleeSlabs]: Slab sandy_bricks_slab could not be found.
[13:48:30] [Server thread/ERROR] [net.blay09.mods.kleeslabs.KleeSlabs]: Slab charred_nether_brick_slab could not be found.
[13:48:30] [Server thread/ERROR] [net.blay09.mods.kleeslabs.KleeSlabs]: Slab sandstone_bricks_slab could not be found.
[13:48:30] [Server thread/ERROR] [net.blay09.mods.kleeslabs.KleeSlabs]: Slab sandstone_smooth_slab could not be found.
[13:48:30] [Server thread/ERROR] [net.blay09.mods.kleeslabs.KleeSlabs]: Slab red_sandstone_bricks_slab could not be found.
[13:48:30] [Server thread/ERROR] [net.blay09.mods.kleeslabs.KleeSlabs]: Slab red_sandstone_smooth_slab could not be found.
[13:48:30] [Server thread/ERROR] [net.blay09.mods.kleeslabs.KleeSlabs]: Slab end_bricks_slab could not be found.
[13:48:30] [Server thread/ERROR] [net.blay09.mods.kleeslabs.KleeSlabs]: Slab prismarine_slab could not be found.
[13:48:30] [Server thread/ERROR] [net.blay09.mods.kleeslabs.KleeSlabs]: Slab prismarine_dark_slab could not be found.
[13:48:30] [Server thread/ERROR] [net.blay09.mods.kleeslabs.KleeSlabs]: Slab prismarine_bricks_slab could not be found.
[13:48:30] [Server thread/ERROR] [net.blay09.mods.kleeslabs.KleeSlabs]: Slab stone_diorite_slab could not be found.
[13:48:30] [Server thread/ERROR] [net.blay09.mods.kleeslabs.KleeSlabs]: Slab stone_diorite_bricks_slab could not be found.
[13:48:30] [Server thread/ERROR] [net.blay09.mods.kleeslabs.KleeSlabs]: Slab stone_granite_slab could not be found.
[13:48:30] [Server thread/ERROR] [net.blay09.mods.kleeslabs.KleeSlabs]: Slab stone_granite_bricks_slab could not be found.
[13:48:30] [Server thread/ERROR] [net.blay09.mods.kleeslabs.KleeSlabs]: Slab stone_andesite_slab could not be found.
[13:48:30] [Server thread/ERROR] [net.blay09.mods.kleeslabs.KleeSlabs]: Slab stone_andesite_bricks_slab could not be found.
[13:48:30] [Server thread/ERROR] [net.blay09.mods.kleeslabs.KleeSlabs]: Slab stone_basalt_bricks_slab could not be found.
[13:48:30] [Server thread/ERROR] [net.blay09.mods.kleeslabs.KleeSlabs]: Slab stained_clay_tiles_gray_slab could not be found.
[13:48:30] [Server thread/ERROR] [net.blay09.mods.kleeslabs.KleeSlabs]: Slab stained_clay_tiles_magenta_slab could not be found.
[13:48:30] [Server thread/ERROR] [net.blay09.mods.kleeslabs.KleeSlabs]: Slab stained_clay_tiles_cyan_slab could not be found.
[13:48:30] [Server thread/ERROR] [net.blay09.mods.kleeslabs.KleeSlabs]: Slab stained_clay_tiles_blue_slab could not be found.
[13:48:30] [Server thread/ERROR] [net.blay09.mods.kleeslabs.KleeSlabs]: Slab stained_clay_tiles_orange_slab could not be found.
[13:48:30] [Server thread/ERROR] [net.blay09.mods.kleeslabs.KleeSlabs]: Slab stained_clay_tiles_red_slab could not be found.
[13:48:30] [Server thread/ERROR] [net.blay09.mods.kleeslabs.KleeSlabs]: Slab stained_clay_tiles_yellow_slab could not be found.
[13:48:30] [Server thread/ERROR] [net.blay09.mods.kleeslabs.KleeSlabs]: Slab stained_clay_tiles_light_blue_slab could not be found.
[13:48:30] [Server thread/ERROR] [net.blay09.mods.kleeslabs.KleeSlabs]: Slab stained_clay_tiles_purple_slab could not be found.
[13:48:30] [Server thread/ERROR] [net.blay09.mods.kleeslabs.KleeSlabs]: Slab stained_clay_tiles_silver_slab could not be found.
[13:48:30] [Server thread/ERROR] [net.blay09.mods.kleeslabs.KleeSlabs]: Slab stained_clay_tiles_lime_slab could not be found.
[13:48:30] [Server thread/ERROR] [net.blay09.mods.kleeslabs.KleeSlabs]: Slab stained_clay_tiles_green_slab could not be found.
[13:48:30] [Server thread/ERROR] [net.blay09.mods.kleeslabs.KleeSlabs]: Slab stained_clay_tiles_black_slab could not be found.
[13:48:30] [Server thread/ERROR] [net.blay09.mods.kleeslabs.KleeSlabs]: Slab stained_clay_tiles_brown_slab could not be found.
[13:48:30] [Server thread/ERROR] [net.blay09.mods.kleeslabs.KleeSlabs]: Slab stained_clay_tiles_white_slab could not be found.
[13:48:30] [Server thread/ERROR] [net.blay09.mods.kleeslabs.KleeSlabs]: Slab stained_clay_tiles_pink_slab could not be found.
[13:48:30] [Server thread/ERROR] [net.blay09.mods.kleeslabs.KleeSlabs]: Slab stained_planks_gray_slab could not be found.
[13:48:30] [Server thread/ERROR] [net.blay09.mods.kleeslabs.KleeSlabs]: Slab stained_planks_magenta_slab could not be found.
[13:48:30] [Server thread/ERROR] [net.blay09.mods.kleeslabs.KleeSlabs]: Slab stained_planks_cyan_slab could not be found.
[13:48:30] [Server thread/ERROR] [net.blay09.mods.kleeslabs.KleeSlabs]: Slab stained_planks_blue_slab could not be found.
[13:48:30] [Server thread/ERROR] [net.blay09.mods.kleeslabs.KleeSlabs]: Slab stained_planks_orange_slab could not be found.
[13:48:30] [Server thread/ERROR] [net.blay09.mods.kleeslabs.KleeSlabs]: Slab stained_planks_red_slab could not be found.
[13:48:30] [Server thread/ERROR] [net.blay09.mods.kleeslabs.KleeSlabs]: Slab stained_planks_yellow_slab could not be found.
[13:48:30] [Server thread/ERROR] [net.blay09.mods.kleeslabs.KleeSlabs]: Slab stained_planks_light_blue_slab could not be found.
[13:48:30] [Server thread/ERROR] [net.blay09.mods.kleeslabs.KleeSlabs]: Slab stained_planks_purple_slab could not be found.
[13:48:30] [Server thread/ERROR] [net.blay09.mods.kleeslabs.KleeSlabs]: Slab stained_planks_silver_slab could not be found.
[13:48:30] [Server thread/ERROR] [net.blay09.mods.kleeslabs.KleeSlabs]: Slab stained_planks_lime_slab could not be found.
[13:48:30] [Server thread/ERROR] [net.blay09.mods.kleeslabs.KleeSlabs]: Slab stained_planks_green_slab could not be found.
[13:48:30] [Server thread/ERROR] [net.blay09.mods.kleeslabs.KleeSlabs]: Slab stained_planks_black_slab could not be found.
[13:48:30] [Server thread/ERROR] [net.blay09.mods.kleeslabs.KleeSlabs]: Slab stained_planks_brown_slab could not be found.
[13:48:30] [Server thread/ERROR] [net.blay09.mods.kleeslabs.KleeSlabs]: Slab stained_planks_white_slab could not be found.
[13:48:30] [Server thread/ERROR] [net.blay09.mods.kleeslabs.KleeSlabs]: Slab stained_planks_pink_slab could not be found.
[13:48:30] [Server thread/ERROR] [net.blay09.mods.kleeslabs.KleeSlabs]: Slab reed_block_slab could not be found.
[13:48:30] [Server thread/ERROR] [net.blay09.mods.kleeslabs.KleeSlabs]: Slab thatch_slab could not be found.
[13:48:30] [Server thread/ERROR] [net.blay09.mods.kleeslabs.KleeSlabs]: Slab duskbound_block_slab could not be found.
[13:48:30] [Server thread/ERROR] [net.blay09.mods.kleeslabs.KleeSlabs]: Slab iron_plate_slab could not be found.
[13:48:30] [Server thread/ERROR] [net.blay09.mods.kleeslabs.KleeSlabs]: Slab charred_nether_brick_slab could not be found.
[13:48:30] [Server thread/ERROR] [net.blay09.mods.kleeslabs.KleeSlabs]: Slab polished_netherrack_bricks_slab could not be found.
[13:48:30] [Server thread/ERROR] [net.blay09.mods.kleeslabs.KleeSlabs]: Slab soul_sandstone_bricks_slab could not be found.
[13:48:30] [Server thread/ERROR] [net.blay09.mods.kleeslabs.KleeSlabs]: Slab soul_sandstone_smooth_slab could not be found.
[13:48:30] [Server thread/ERROR] [net.blay09.mods.kleeslabs.KleeSlabs]: Slab reed_block_slab could not be found.
[13:48:30] [Server thread/ERROR] [net.blay09.mods.kleeslabs.KleeSlabs]: Slab bark_oak_slab could not be found.
[13:48:30] [Server thread/ERROR] [net.blay09.mods.kleeslabs.KleeSlabs]: Slab bark_spruce_slab could not be found.
[13:48:30] [Server thread/ERROR] [net.blay09.mods.kleeslabs.KleeSlabs]: Slab bark_birch_slab could not be found.
[13:48:30] [Server thread/ERROR] [net.blay09.mods.kleeslabs.KleeSlabs]: Slab bark_jungle_slab could not be found.
[13:48:30] [Server thread/ERROR] [net.blay09.mods.kleeslabs.KleeSlabs]: Slab bark_acacia_slab could not be found.
[13:48:30] [Server thread/ERROR] [net.blay09.mods.kleeslabs.KleeSlabs]: Slab bark_dark_oak_slab could not be found.
[13:48:30] [Server thread/INFO] [nuclearcraft]: Post Initializing...
[13:48:30] [Server thread/INFO] [Quark ASM]: Transforming net.minecraft.world.WorldServer
[13:48:30] [Server thread/INFO] [Quark ASM]: Applying Transformation to method (Names [areAllPlayersAsleep, func_73056_e] Descriptor ()Z)
[13:48:30] [Server thread/INFO] [Quark ASM]: Located Method, patching...
[13:48:30] [Server thread/INFO] [Quark ASM]: Patch result: true
[13:48:30] [Server thread/INFO] [Quark ASM]: Applying Transformation to method (Names [wakeAllPlayers, func_73053_d] Descriptor ()V)
[13:48:30] [Server thread/INFO] [Quark ASM]: Located Method, patching...
[13:48:30] [Server thread/INFO] [Quark ASM]: Patch result: true
[13:48:30] [Server thread/INFO] [rustic]: Initialized Forestry compat module
[13:48:30] [Server thread/INFO] [STDOUT]: [com.m4thg33k.tombmanygraves.invman.GraveInventoryManager:lambda$finalizeListeners$0:102]: @com.m4thg33k.tombmanygraves.api.GraveRegistry(overridable=false, reqMod=cosmeticarmorreworked, priority=0, color=0, id=cosmeticarmor, name=Cosmetic Armor)
[13:48:30] [Server thread/INFO] [STDOUT]: [com.m4thg33k.tombmanygraves.invman.GraveInventoryManager:lambda$finalizeListeners$0:102]: @com.m4thg33k.tombmanygraves.api.GraveRegistry(overridable=false, reqMod=baubles, priority=0, color=6197247, id=bauble, name=Baubles)
[13:48:30] [Server thread/INFO] [STDOUT]: [com.m4thg33k.tombmanygraves.invman.GraveInventoryManager:lambda$finalizeListeners$0:102]: @com.m4thg33k.tombmanygraves.api.GraveRegistry(overridable=false, reqMod=, priority=0, color=0, id=vanilla, name=Inventory)
[13:48:30] [Server thread/INFO] [STDOUT]: [com.m4thg33k.tombmanygraves.invman.GraveInventoryManager:lambda$finalizeListeners$0:102]: @com.m4thg33k.tombmanygraves.api.GraveRegistry(overridable=false, reqMod=, priority=0, color=0, id=vanilla, name=Inventory)
[13:48:30] [Server thread/INFO] [STDOUT]: [com.m4thg33k.tombmanygraves.invman.GraveInventoryManager:lambda$finalizeListeners$0:102]: @com.m4thg33k.tombmanygraves.api.GraveRegistry(overridable=false, reqMod=, priority=0, color=0, id=vanilla, name=Inventory)
[13:48:30] [Server thread/INFO] [torchmaster]: Applying mega torch entity block list overrides...
[13:48:30] [Server thread/INFO] [torchmaster]: Applying dread lamp entity block list overrides...
[13:48:30] [Server thread/INFO] [betteranimalsplus]: Crazy bird creation complete.
[13:48:30] [Server thread/INFO] [wanionlib]: UniDict: Initializing Module: Integration, Side: Server
[13:48:30] [pool-3-thread-3/ERROR] [unidict]: Advanced Rocketry Integration: java.lang.ClassCastException: zmaster587.libVulpes.recipe.RecipesMachine$ChanceItemStack cannot be cast to net.minecraft.item.ItemStack
[13:48:30] [Server thread/INFO] [wanionlib]: Crafting Integration: Why so many recipes? I had to deal with at least 181 recipes.
[13:48:30] [Server thread/INFO] [wanionlib]: Furnace Integration: Some things that you smelted appear to be different now.
[13:48:30] [Server thread/INFO] [wanionlib]: Advanced Rocketry Integration: 10. 9...3 2 1... BOOOOM!!
[13:48:30] [Server thread/INFO] [wanionlib]: Applied Energistics 2 Integration: The world of energistics has never been so powerful.
[13:48:30] [Server thread/INFO] [wanionlib]: Blood Magic Integration: It's bleeding...
[13:48:30] [Server thread/ERROR] [wanionlib]: UniDictSomething really bad happened on Integration at load stage POST_INIT
[13:48:30] [Server thread/INFO] [STDERR]: [wanion.lib.module.AbstractModule:start:59]: java.util.concurrent.ExecutionException: java.lang.NoSuchMethodError: crazypants.enderio.base.recipe.Recipe.<init>(Lcrazypants/enderio/base/recipe/RecipeOutput;ILcrazypants/enderio/base/recipe/RecipeBonusType;[Lcrazypants/enderio/base/recipe/IRecipeInput;)V
[13:48:30] [Server thread/INFO] [STDERR]: [wanion.lib.module.AbstractModule:start:59]: 	at java.util.concurrent.FutureTask.report(Unknown Source)
[13:48:30] [Server thread/INFO] [STDERR]: [wanion.lib.module.AbstractModule:start:59]: 	at java.util.concurrent.FutureTask.get(Unknown Source)
[13:48:30] [Server thread/INFO] [STDERR]: [wanion.lib.module.AbstractModule:start:59]: 	at wanion.lib.module.AbstractModule.start(AbstractModule.java:55)
[13:48:30] [Server thread/INFO] [STDERR]: [wanion.lib.module.AbstractModule:start:59]: 	at wanion.lib.module.ModuleHandler.lambda$startModules$0(ModuleHandler.java:39)
[13:48:30] [Server thread/INFO] [STDERR]: [wanion.lib.module.AbstractModule:start:59]: 	at java.lang.Iterable.forEach(Unknown Source)
[13:48:30] [Server thread/INFO] [STDERR]: [wanion.lib.module.AbstractModule:start:59]: 	at wanion.lib.module.ModuleHandler.startModules(ModuleHandler.java:31)
[13:48:30] [Server thread/INFO] [STDERR]: [wanion.lib.module.AbstractModule:start:59]: 	at wanion.unidict.proxy.CommonProxy.postInit(CommonProxy.java:85)
[13:48:30] [Server thread/INFO] [STDERR]: [wanion.lib.module.AbstractModule:start:59]: 	at wanion.unidict.UniDict.postInit(UniDict.java:97)
[13:48:30] [Server thread/INFO] [STDERR]: [wanion.lib.module.AbstractModule:start:59]: 	at sun.reflect.NativeMethodAccessorImpl.invoke0(Native Method)
[13:48:30] [Server thread/INFO] [STDERR]: [wanion.lib.module.AbstractModule:start:59]: 	at sun.reflect.NativeMethodAccessorImpl.invoke(Unknown Source)
[13:48:30] [Server thread/INFO] [STDERR]: [wanion.lib.module.AbstractModule:start:59]: 	at sun.reflect.DelegatingMethodAccessorImpl.invoke(Unknown Source)
[13:48:30] [Server thread/INFO] [STDERR]: [wanion.lib.module.AbstractModule:start:59]: 	at java.lang.reflect.Method.invoke(Unknown Source)
[13:48:30] [Server thread/INFO] [STDERR]: [wanion.lib.module.AbstractModule:start:59]: 	at net.minecraftforge.fml.common.FMLModContainer.handleModStateEvent(FMLModContainer.java:637)
[13:48:30] [Server thread/INFO] [STDERR]: [wanion.lib.module.AbstractModule:start:59]: 	at sun.reflect.GeneratedMethodAccessor10.invoke(Unknown Source)
[13:48:30] [Server thread/INFO] [STDERR]: [wanion.lib.module.AbstractModule:start:59]: 	at sun.reflect.DelegatingMethodAccessorImpl.invoke(Unknown Source)
[13:48:30] [Server thread/INFO] [STDERR]: [wanion.lib.module.AbstractModule:start:59]: 	at java.lang.reflect.Method.invoke(Unknown Source)
[13:48:30] [Server thread/INFO] [STDERR]: [wanion.lib.module.AbstractModule:start:59]: 	at com.google.common.eventbus.Subscriber.invokeSubscriberMethod(Subscriber.java:91)
[13:48:30] [Server thread/INFO] [STDERR]: [wanion.lib.module.AbstractModule:start:59]: 	at com.google.common.eventbus.Subscriber$SynchronizedSubscriber.invokeSubscriberMethod(Subscriber.java:150)
[13:48:30] [Server thread/INFO] [STDERR]: [wanion.lib.module.AbstractModule:start:59]: 	at com.google.common.eventbus.Subscriber$1.run(Subscriber.java:76)
[13:48:30] [Server thread/INFO] [STDERR]: [wanion.lib.module.AbstractModule:start:59]: 	at com.google.common.util.concurrent.MoreExecutors$DirectExecutor.execute(MoreExecutors.java:399)
[13:48:30] [Server thread/INFO] [STDERR]: [wanion.lib.module.AbstractModule:start:59]: 	at com.google.common.eventbus.Subscriber.dispatchEvent(Subscriber.java:71)
[13:48:30] [Server thread/INFO] [STDERR]: [wanion.lib.module.AbstractModule:start:59]: 	at com.google.common.eventbus.Dispatcher$PerThreadQueuedDispatcher.dispatch(Dispatcher.java:116)
[13:48:30] [Server thread/INFO] [STDERR]: [wanion.lib.module.AbstractModule:start:59]: 	at com.google.common.eventbus.EventBus.post(EventBus.java:217)
[13:48:30] [Server thread/INFO] [STDERR]: [wanion.lib.module.AbstractModule:start:59]: 	at net.minecraftforge.fml.common.LoadController.sendEventToModContainer(LoadController.java:219)
[13:48:30] [Server thread/INFO] [STDERR]: [wanion.lib.module.AbstractModule:start:59]: 	at net.minecraftforge.fml.common.LoadController.propogateStateMessage(LoadController.java:197)
[13:48:30] [Server thread/INFO] [STDERR]: [wanion.lib.module.AbstractModule:start:59]: 	at sun.reflect.NativeMethodAccessorImpl.invoke0(Native Method)
[13:48:30] [Server thread/INFO] [STDERR]: [wanion.lib.module.AbstractModule:start:59]: 	at sun.reflect.NativeMethodAccessorImpl.invoke(Unknown Source)
[13:48:30] [Server thread/INFO] [STDERR]: [wanion.lib.module.AbstractModule:start:59]: 	at sun.reflect.DelegatingMethodAccessorImpl.invoke(Unknown Source)
[13:48:30] [Server thread/INFO] [STDERR]: [wanion.lib.module.AbstractModule:start:59]: 	at java.lang.reflect.Method.invoke(Unknown Source)
[13:48:30] [Server thread/INFO] [STDERR]: [wanion.lib.module.AbstractModule:start:59]: 	at com.google.common.eventbus.Subscriber.invokeSubscriberMethod(Subscriber.java:91)
[13:48:30] [Server thread/INFO] [STDERR]: [wanion.lib.module.AbstractModule:start:59]: 	at com.google.common.eventbus.Subscriber$SynchronizedSubscriber.invokeSubscriberMethod(Subscriber.java:150)
[13:48:30] [Server thread/INFO] [STDERR]: [wanion.lib.module.AbstractModule:start:59]: 	at com.google.common.eventbus.Subscriber$1.run(Subscriber.java:76)
[13:48:30] [Server thread/INFO] [STDERR]: [wanion.lib.module.AbstractModule:start:59]: 	at com.google.common.util.concurrent.MoreExecutors$DirectExecutor.execute(MoreExecutors.java:399)
[13:48:30] [Server thread/INFO] [STDERR]: [wanion.lib.module.AbstractModule:start:59]: 	at com.google.common.eventbus.Subscriber.dispatchEvent(Subscriber.java:71)
[13:48:30] [Server thread/INFO] [STDERR]: [wanion.lib.module.AbstractModule:start:59]: 	at com.google.common.eventbus.Dispatcher$PerThreadQueuedDispatcher.dispatch(Dispatcher.java:116)
[13:48:30] [Server thread/INFO] [STDERR]: [wanion.lib.module.AbstractModule:start:59]: 	at com.google.common.eventbus.EventBus.post(EventBus.java:217)
[13:48:30] [Server thread/INFO] [STDERR]: [wanion.lib.module.AbstractModule:start:59]: 	at net.minecraftforge.fml.common.LoadController.distributeStateMessage(LoadController.java:136)
[13:48:30] [Server thread/INFO] [STDERR]: [wanion.lib.module.AbstractModule:start:59]: 	at net.minecraftforge.fml.common.Loader.initializeMods(Loader.java:754)
[13:48:30] [Server thread/INFO] [STDERR]: [wanion.lib.module.AbstractModule:start:59]: 	at net.minecraftforge.fml.server.FMLServerHandler.finishServerLoading(FMLServerHandler.java:108)
[13:48:30] [Server thread/INFO] [STDERR]: [wanion.lib.module.AbstractModule:start:59]: 	at net.minecraftforge.fml.common.FMLCommonHandler.onServerStarted(FMLCommonHandler.java:338)
[13:48:30] [Server thread/INFO] [STDERR]: [wanion.lib.module.AbstractModule:start:59]: 	at net.minecraft.server.dedicated.DedicatedServer.func_71197_b(DedicatedServer.java:219)
[13:48:30] [Server thread/INFO] [STDERR]: [wanion.lib.module.AbstractModule:start:59]: 	at net.minecraft.server.MinecraftServer.run(MinecraftServer.java:486)
[13:48:30] [Server thread/INFO] [STDERR]: [wanion.lib.module.AbstractModule:start:59]: 	at java.lang.Thread.run(Unknown Source)
[13:48:30] [Server thread/INFO] [STDERR]: [java.lang.Throwable:printStackTrace:-1]: Caused by: java.lang.NoSuchMethodError: crazypants.enderio.base.recipe.Recipe.<init>(Lcrazypants/enderio/base/recipe/RecipeOutput;ILcrazypants/enderio/base/recipe/RecipeBonusType;[Lcrazypants/enderio/base/recipe/IRecipeInput;)V
[13:48:30] [Server thread/INFO] [STDERR]: [java.lang.Throwable:printStackTrace:-1]: 	at wanion.unidict.integration.EnderIOIntegration.fixAlloySmelterRecipes(EnderIOIntegration.java:54)
[13:48:30] [Server thread/INFO] [STDERR]: [java.lang.Throwable:printStackTrace:-1]: 	at wanion.unidict.integration.EnderIOIntegration.call(EnderIOIntegration.java:35)
[13:48:30] [Server thread/INFO] [STDERR]: [java.lang.Throwable:printStackTrace:-1]: 	at wanion.unidict.integration.EnderIOIntegration.call(EnderIOIntegration.java:24)
[13:48:30] [Server thread/INFO] [STDERR]: [java.lang.Throwable:printStackTrace:-1]: 	at java.util.concurrent.FutureTask.run(Unknown Source)
[13:48:30] [Server thread/INFO] [STDERR]: [java.lang.Throwable:printStackTrace:-1]: 	at java.util.concurrent.ThreadPoolExecutor.runWorker(Unknown Source)
[13:48:30] [Server thread/INFO] [STDERR]: [java.lang.Throwable:printStackTrace:-1]: 	at java.util.concurrent.ThreadPoolExecutor$Worker.run(Unknown Source)
[13:48:30] [Server thread/INFO] [STDERR]: [java.lang.Throwable:printStackTrace:-1]: 	... 1 more
[13:48:30] [Server thread/INFO] [cofhcore]: CoFH Core: Load Complete.
[13:48:30] [Server thread/INFO] [CoFH World]: Accumulating world generation files from: "C:\Users\jular\Desktop\Enigmatica2LightServer-1.5.1-log4j-fix\config\cofh\world"
[13:48:30] [Server thread/INFO] [CoFH World]: Replacing standard generation with file "cofh\world\00_minecraft.json"
[13:48:31] [Server thread/INFO] [CoFH World]: Found a total of 16 world generation files.
[13:48:31] [Server thread/FATAL] [CoFH World]: Critical error reading from a world generation file: "C:\Users\jular\Desktop\Enigmatica2LightServer-1.5.1-log4j-fix\config\cofh\world\06_biomesoplenty_ore.json" > Please be sure the file is correct!
cofh.shade.com.typesafe.config.ConfigException$Parse: C:\Users\jular\Desktop\Enigmatica2LightServer-1.5.1-log4j-fix\config\cofh\world\06_biomesoplenty_ore.json: 5: expecting a close brace or a field name here, got '{'
	at cofh.shade.com.typesafe.config.impl.CoFHWorldParser$ParseContext.parseError(CoFHWorldParser.java:419) ~[CoFHWorldParser$ParseContext.class:?]
	at cofh.shade.com.typesafe.config.impl.CoFHWorldParser$ParseContext.parseError(CoFHWorldParser.java:415) ~[CoFHWorldParser$ParseContext.class:?]
	at cofh.shade.com.typesafe.config.impl.CoFHWorldParser$ParseContext.parseKey(CoFHWorldParser.java:576) ~[CoFHWorldParser$ParseContext.class:?]
	at cofh.shade.com.typesafe.config.impl.CoFHWorldParser$ParseContext.parseObject(CoFHWorldParser.java:741) ~[CoFHWorldParser$ParseContext.class:?]
	at cofh.shade.com.typesafe.config.impl.CoFHWorldParser$ParseContext.parseValue(CoFHWorldParser.java:504) ~[CoFHWorldParser$ParseContext.class:?]
	at cofh.shade.com.typesafe.config.impl.CoFHWorldParser$ParseContext.parse(CoFHWorldParser.java:963) ~[CoFHWorldParser$ParseContext.class:?]
	at cofh.shade.com.typesafe.config.impl.CoFHWorldParser.parse(CoFHWorldParser.java:18) ~[CoFHWorldParser.class:?]
	at cofh.shade.com.typesafe.config.impl.CoFHOrderedParsableFile.rawParseValue(CoFHOrderedParsableFile.java:77) ~[CoFHOrderedParsableFile.class:?]
	at cofh.shade.com.typesafe.config.impl.Parseable.rawParseValue(Parseable.java:210) ~[Parseable.class:?]
	at cofh.shade.com.typesafe.config.impl.Parseable.parseValue(Parseable.java:176) ~[Parseable.class:?]
	at cofh.shade.com.typesafe.config.impl.Parseable.parseValue(Parseable.java:170) ~[Parseable.class:?]
	at cofh.shade.com.typesafe.config.impl.Parseable.parse(Parseable.java:227) ~[Parseable.class:?]
	at cofh.cofhworld.init.FeatureParser.processGenerationFiles(FeatureParser.java:144) [FeatureParser.class:?]
	at cofh.cofhworld.init.WorldHandler.reloadConfig(WorldHandler.java:127) [WorldHandler.class:?]
	at cofh.cofhworld.CoFHWorld.loadComplete(CoFHWorld.java:61) [CoFHWorld.class:?]
	at sun.reflect.NativeMethodAccessorImpl.invoke0(Native Method) ~[?:1.8.0_503]
	at sun.reflect.NativeMethodAccessorImpl.invoke(Unknown Source) ~[?:1.8.0_503]
	at sun.reflect.DelegatingMethodAccessorImpl.invoke(Unknown Source) ~[?:1.8.0_503]
	at java.lang.reflect.Method.invoke(Unknown Source) ~[?:1.8.0_503]
	at net.minecraftforge.fml.common.FMLModContainer.handleModStateEvent(FMLModContainer.java:637) [FMLModContainer.class:?]
	at sun.reflect.GeneratedMethodAccessor10.invoke(Unknown Source) ~[?:?]
	at sun.reflect.DelegatingMethodAccessorImpl.invoke(Unknown Source) ~[?:1.8.0_503]
	at java.lang.reflect.Method.invoke(Unknown Source) ~[?:1.8.0_503]
	at com.google.common.eventbus.Subscriber.invokeSubscriberMethod(Subscriber.java:91) [minecraft_server.1.12.2.jar:?]
	at com.google.common.eventbus.Subscriber$SynchronizedSubscriber.invokeSubscriberMethod(Subscriber.java:150) [minecraft_server.1.12.2.jar:?]
	at com.google.common.eventbus.Subscriber$1.run(Subscriber.java:76) [minecraft_server.1.12.2.jar:?]
	at com.google.common.util.concurrent.MoreExecutors$DirectExecutor.execute(MoreExecutors.java:399) [minecraft_server.1.12.2.jar:?]
	at com.google.common.eventbus.Subscriber.dispatchEvent(Subscriber.java:71) [minecraft_server.1.12.2.jar:?]
	at com.google.common.eventbus.Dispatcher$PerThreadQueuedDispatcher.dispatch(Dispatcher.java:116) [minecraft_server.1.12.2.jar:?]
	at com.google.common.eventbus.EventBus.post(EventBus.java:217) [minecraft_server.1.12.2.jar:?]
	at net.minecraftforge.fml.common.LoadController.sendEventToModContainer(LoadController.java:219) [LoadController.class:?]
	at net.minecraftforge.fml.common.LoadController.propogateStateMessage(LoadController.java:197) [LoadController.class:?]
	at sun.reflect.NativeMethodAccessorImpl.invoke0(Native Method) ~[?:1.8.0_503]
	at sun.reflect.NativeMethodAccessorImpl.invoke(Unknown Source) ~[?:1.8.0_503]
	at sun.reflect.DelegatingMethodAccessorImpl.invoke(Unknown Source) ~[?:1.8.0_503]
	at java.lang.reflect.Method.invoke(Unknown Source) ~[?:1.8.0_503]
	at com.google.common.eventbus.Subscriber.invokeSubscriberMethod(Subscriber.java:91) [minecraft_server.1.12.2.jar:?]
	at com.google.common.eventbus.Subscriber$SynchronizedSubscriber.invokeSubscriberMethod(Subscriber.java:150) [minecraft_server.1.12.2.jar:?]
	at com.google.common.eventbus.Subscriber$1.run(Subscriber.java:76) [minecraft_server.1.12.2.jar:?]
	at com.google.common.util.concurrent.MoreExecutors$DirectExecutor.execute(MoreExecutors.java:399) [minecraft_server.1.12.2.jar:?]
	at com.google.common.eventbus.Subscriber.dispatchEvent(Subscriber.java:71) [minecraft_server.1.12.2.jar:?]
	at com.google.common.eventbus.Dispatcher$PerThreadQueuedDispatcher.dispatch(Dispatcher.java:116) [minecraft_server.1.12.2.jar:?]
	at com.google.common.eventbus.EventBus.post(EventBus.java:217) [minecraft_server.1.12.2.jar:?]
	at net.minecraftforge.fml.common.LoadController.distributeStateMessage(LoadController.java:136) [LoadController.class:?]
	at net.minecraftforge.fml.common.Loader.initializeMods(Loader.java:757) [Loader.class:?]
	at net.minecraftforge.fml.server.FMLServerHandler.finishServerLoading(FMLServerHandler.java:108) [FMLServerHandler.class:?]
	at net.minecraftforge.fml.common.FMLCommonHandler.onServerStarted(FMLCommonHandler.java:338) [FMLCommonHandler.class:?]
	at net.minecraft.server.dedicated.DedicatedServer.func_71197_b(DedicatedServer.java:219) [nz.class:?]
	at net.minecraft.server.MinecraftServer.run(MinecraftServer.java:486) [MinecraftServer.class:?]
	at java.lang.Thread.run(Unknown Source) [?:1.8.0_503]
[13:48:31] [Server thread/INFO] [CoFH World]: Reading world generation info from: "cofh\world\00_minecraft.json":
[13:48:31] [Server thread/INFO] [CoFH World]: Reading world generation info from: "cofh\world\01_thermalfoundation_ores.json":
[13:48:31] [Server thread/WARN] [CoFH World]: Using `metadata` (at line: 29) for blocks is deprecated, and will be removed in the future. Use `properties` instead.
[13:48:31] [Server thread/WARN] [CoFH World]: Using `metadata` (at line: 52) for blocks is deprecated, and will be removed in the future. Use `properties` instead.
[13:48:31] [Server thread/WARN] [CoFH World]: Using `metadata` (at line: 76) for blocks is deprecated, and will be removed in the future. Use `properties` instead.
[13:48:31] [Server thread/WARN] [CoFH World]: Using `metadata` (at line: 81) for blocks is deprecated, and will be removed in the future. Use `properties` instead.
[13:48:31] [Server thread/WARN] [CoFH World]: Using `metadata` (at line: 107) for blocks is deprecated, and will be removed in the future. Use `properties` instead.
[13:48:31] [Server thread/WARN] [CoFH World]: Using `metadata` (at line: 112) for blocks is deprecated, and will be removed in the future. Use `properties` instead.
[13:48:31] [Server thread/WARN] [CoFH World]: Using `metadata` (at line: 139) for blocks is deprecated, and will be removed in the future. Use `properties` instead.
[13:48:31] [Server thread/WARN] [CoFH World]: Using `metadata` (at line: 168) for blocks is deprecated, and will be removed in the future. Use `properties` instead.
[13:48:31] [Server thread/WARN] [CoFH World]: Using `metadata` (at line: 191) for blocks is deprecated, and will be removed in the future. Use `properties` instead.
[13:48:31] [Server thread/INFO] [CoFH World]: Reading world generation info from: "cofh\world\02_thermalfoundation_oil.json":
[13:48:31] [Server thread/WARN] [CoFH World]: Using `metadata` (at line: 37) for blocks is deprecated, and will be removed in the future. Use `properties` instead.
[13:48:31] [Server thread/WARN] [CoFH World]: Using `metadata` (at line: 87) for blocks is deprecated, and will be removed in the future. Use `properties` instead.
[13:48:31] [Server thread/WARN] [CoFH World]: Using `metadata` (at line: 133) for blocks is deprecated, and will be removed in the future. Use `properties` instead.
[13:48:31] [Server thread/INFO] [CoFH World]: Reading world generation info from: "cofh\world\03_thermalfoundation_clathrates.json":
[13:48:31] [Server thread/WARN] [CoFH World]: Using `metadata` (at line: 10) for blocks is deprecated, and will be removed in the future. Use `properties` instead.
[13:48:31] [Server thread/WARN] [CoFH World]: Using `metadata` (at line: 41) for blocks is deprecated, and will be removed in the future. Use `properties` instead.
[13:48:31] [Server thread/WARN] [CoFH World]: Using `metadata` (at line: 73) for blocks is deprecated, and will be removed in the future. Use `properties` instead.
[13:48:31] [Server thread/INFO] [CoFH World]: Reading world generation info from: "cofh\world\04_actuallyadditions_ore.json":
[13:48:31] [Server thread/WARN] [CoFH World]: Using `metadata` (at line: 9) for blocks is deprecated, and will be removed in the future. Use `properties` instead.
[13:48:31] [Server thread/INFO] [CoFH World]: Reading world generation info from: "cofh\world\05_immersiveengineering_ore.json":
[13:48:31] [Server thread/WARN] [CoFH World]: Using `metadata` (at line: 9) for blocks is deprecated, and will be removed in the future. Use `properties` instead.
[13:48:31] [Server thread/INFO] [CoFH World]: Reading world generation info from: "cofh\world\07_chisel_stone.json":
[13:48:31] [Server thread/WARN] [CoFH World]: Using `metadata` (at line: 9) for blocks is deprecated, and will be removed in the future. Use `properties` instead.
[13:48:31] [Server thread/WARN] [CoFH World]: Using `metadata` (at line: 32) for blocks is deprecated, and will be removed in the future. Use `properties` instead.
[13:48:31] [Server thread/WARN] [CoFH World]: Using `metadata` (at line: 55) for blocks is deprecated, and will be removed in the future. Use `properties` instead.
[13:48:31] [Server thread/INFO] [CoFH World]: Reading world generation info from: "cofh\world\08_appliedenergistics_ore.json":
[13:48:31] [Server thread/INFO] [CoFH World]: Reading world generation info from: "cofh\world\09_draconicevolution_ore.json":
[13:48:31] [Server thread/WARN] [CoFH World]: Using `metadata` (at line: 10) for blocks is deprecated, and will be removed in the future. Use `properties` instead.
[13:48:31] [Server thread/WARN] [CoFH World]: Using `metadata` (at line: 33) for blocks is deprecated, and will be removed in the future. Use `properties` instead.
[13:48:31] [Server thread/WARN] [CoFH World]: Using `metadata` (at line: 58) for blocks is deprecated, and will be removed in the future. Use `properties` instead.
[13:48:31] [Server thread/INFO] [CoFH World]: Reading world generation info from: "cofh\world\10_forestry_ore.json":
[13:48:31] [Server thread/INFO] [CoFH World]: Reading world generation info from: "cofh\world\11_mekanism_ore.json":
[13:48:31] [Server thread/INFO] [CoFH World]: Reading world generation info from: "cofh\world\12_nuclearcraft_large_veins_ore.json":
[13:48:31] [Server thread/WARN] [CoFH World]: Using `metadata` (at line: 12) for blocks is deprecated, and will be removed in the future. Use `properties` instead.
[13:48:31] [Server thread/WARN] [CoFH World]: Using `metadata` (at line: 18) for blocks is deprecated, and will be removed in the future. Use `properties` instead.
[13:48:31] [Server thread/WARN] [CoFH World]: Using `metadata` (at line: 24) for blocks is deprecated, and will be removed in the future. Use `properties` instead.
[13:48:31] [Server thread/WARN] [CoFH World]: Using `metadata` (at line: 30) for blocks is deprecated, and will be removed in the future. Use `properties` instead.
[13:48:31] [Server thread/INFO] [CoFH World]: Reading world generation info from: "cofh\world\13_thermal_expansion_lakes.json":
[13:48:31] [Server thread/ERROR] [CoFH World]: Invalid block name on line 73!
[13:48:31] [Server thread/WARN] [CoFH World]: Invalid material list! Using default list.
[13:48:31] [Server thread/INFO] [CoFH World]: Reading world generation info from: "cofh\world\14_thaumcraft_ore.json":
[13:48:31] [Server thread/INFO] [CoFH World]: Reading world generation info from: "cofh\world\15_advanced_rocketry_planets_ore.json":
[13:48:31] [Server thread/WARN] [CoFH World]: Using `metadata` (at line: 9) for blocks is deprecated, and will be removed in the future. Use `properties` instead.
[13:48:31] [Server thread/WARN] [CoFH World]: Using `metadata` (at line: 33) for blocks is deprecated, and will be removed in the future. Use `properties` instead.
[13:48:31] [Server thread/WARN] [CoFH World]: Using `metadata` (at line: 57) for blocks is deprecated, and will be removed in the future. Use `properties` instead.
[13:48:31] [Server thread/WARN] [CoFH World]: Using `metadata` (at line: 81) for blocks is deprecated, and will be removed in the future. Use `properties` instead.
[13:48:31] [Server thread/ERROR] [CoFH World]: Error parsing `populate` entry: 'mana_infused' > It is a duplicate.
[13:48:31] [Server thread/WARN] [CoFH World]: Using `metadata` (at line: 105) for blocks is deprecated, and will be removed in the future. Use `properties` instead.
[13:48:31] [Server thread/WARN] [CoFH World]: Using `metadata` (at line: 131) for blocks is deprecated, and will be removed in the future. Use `properties` instead.
[13:48:31] [Server thread/ERROR] [CoFH World]: Error parsing `populate` entry: 'draconium_nether' > It is a duplicate.
[13:48:31] [Server thread/WARN] [CoFH World]: Using `metadata` (at line: 157) for blocks is deprecated, and will be removed in the future. Use `properties` instead.
[13:48:31] [Server thread/ERROR] [CoFH World]: Error parsing `populate` entry: 'draconium_end' > It is a duplicate.
[13:48:31] [Server thread/WARN] [CoFH World]: Using `metadata` (at line: 181) for blocks is deprecated, and will be removed in the future. Use `properties` instead.
[13:48:31] [Server thread/ERROR] [CoFH World]: Invalid block name on line 204!
[13:48:31] [Server thread/WARN] [CoFH World]: Invalid generator for 'endstone' on line 202!
[13:48:31] [Server thread/ERROR] [CoFH World]: Distribution 'endstone' failed to parse its entry on line 202!
[13:48:31] [Server thread/ERROR] [CoFH World]: Error parsing `populate` entry: 'endstone' > Please check the parameters.
[13:48:31] [Server thread/WARN] [CoFH World]: Using `metadata` (at line: 229) for blocks is deprecated, and will be removed in the future. Use `properties` instead.
[13:48:31] [Server thread/WARN] [CoFH World]: Using `metadata` (at line: 255) for blocks is deprecated, and will be removed in the future. Use `properties` instead.
[13:48:31] [Server thread/WARN] [CoFH World]: Using `metadata` (at line: 281) for blocks is deprecated, and will be removed in the future. Use `properties` instead.
[13:48:31] [Server thread/WARN] [CoFH World]: Using `metadata` (at line: 307) for blocks is deprecated, and will be removed in the future. Use `properties` instead.
[13:48:31] [Server thread/WARN] [CoFH World]: Using `metadata` (at line: 331) for blocks is deprecated, and will be removed in the future. Use `properties` instead.
[13:48:31] [Server thread/INFO] [CoFH World]: CoFH World: Load Complete.
[13:48:31] [Server thread/INFO] [thermalfoundation]: [Whitelist] Reading established Whitelist from file.
[13:48:31] [Server thread/INFO] [thermalfoundation]: Thermal Foundation: Load Complete.
[13:48:31] [Server thread/INFO] [thermalexpansion]: Thermal Expansion: Load Complete.
[13:48:31] [Server thread/INFO] [Waila]: Starting Waila...
[13:48:31] [Server thread/INFO] [Waila]: Gathering annotated plugins...
[13:48:31] [Server thread/INFO] [Waila]: Gathering wrapped IMC plugins...
[13:48:31] [Server thread/INFO] [Waila]: Registering plugins...
[13:48:31] [Server thread/INFO] [Waila]: Registering plugin at mcp.mobius.waila.addons.core.PluginCore
[13:48:31] [Server thread/INFO] [Waila]: Registering plugin at appeng.integration.modules.waila.WailaModule
[13:48:31] [Server thread/ERROR] [Waila]: Error registering wrapped plugin from appliedenergistics2 at appeng.integration.modules.waila.WailaModule.register
[13:48:31] [Server thread/INFO] [Waila]: Registering plugin at blusunrize.immersiveengineering.common.util.compat.waila.IEWailaDataProvider
[13:48:31] [Server thread/INFO] [Waila]: Registering plugin at com.jaquadro.minecraft.storagedrawers.integration.Waila
[13:48:31] [Server thread/ERROR] [Waila]: Error registering wrapped plugin from storagedrawers at com.jaquadro.minecraft.storagedrawers.integration.Waila.registerProvider
[13:48:31] [Server thread/INFO] [Waila]: Registering plugin at edgarallen.soundmuffler.compat.waila.SoundMufflerWailaDataProvider
[13:48:31] [Server thread/INFO] [Waila]: Registering plugin at landmaster.plustic.waila.PTWailaRegistrar
[13:48:31] [Server thread/INFO] [Waila]: Registering plugin at mcjty.lib.compat.waila.WailaCompatibility
[13:48:31] [Server thread/INFO] [Waila]: Registering plugin at mcp.mobius.waila.addons.capability.PluginCapability
[13:48:31] [Server thread/INFO] [Waila]: Registering plugin at mcp.mobius.waila.addons.minecraft.PluginMinecraft
[13:48:31] [Server thread/INFO] [Waila]: Registering plugin at net.bdew.ae2stuff.waila.WailaHandler
[13:48:31] [Server thread/INFO] [Waila]: Registering plugin at net.blay09.mods.cookingforblockheads.compat.WailaProvider
[13:48:31] [Server thread/INFO] [Waila]: Registering plugin at net.darkhax.darkutils.addons.waila.DarkUtilsTileProvider
[13:48:31] [Server thread/INFO] [Waila]: Registering plugin at net.darkhax.wawla.engine.waila.EntityProvider
[13:48:31] [Server thread/INFO] [Waila]: Registering plugin at net.darkhax.wawla.engine.waila.TileProvider
[13:48:31] [Server thread/INFO] [Waila]: Registering plugin at slimeknights.tconstruct.plugin.waila.WailaRegistrar
[13:48:31] [Server thread/INFO] [Waila]: Registering plugin at team.chisel.common.integration.waila.ChiselDataHandler
[13:48:31] [Server thread/INFO] [Waila]: Registering plugin at WayofTime.bloodmagic.compat.waila.BloodMagicHwylaPlugin
[13:48:31] [Server thread/INFO] [Waila]: Starting Waila took 163.2 ms
[13:48:31] [Server thread/INFO] [incontrol]: Reading spawn rules from spawn.json
[13:48:31] [Server thread/INFO] [incontrol]: Reading spawn rules from summonaid.json
[13:48:31] [Server thread/INFO] [incontrol]: Reading spawn rules from potentialspawn.json
[13:48:31] [Server thread/INFO] [incontrol]: Reading spawn rules from loot.json
[13:48:31] [Server thread/INFO] [incontrol]: Reading spawn rules from experience.json
[13:48:31] [Server thread/INFO] [redstonearsenal]: Redstone Arsenal: Load Complete.
[13:48:31] [Server thread/INFO] [thermalcultivation]: Thermal Cultivation: Load Complete.
[13:48:31] [Server thread/INFO] [thermaldynamics]: Thermal Dynamics: Load Complete.
[13:48:31] [Server thread/INFO] [thermalinnovation]: Thermal Innovation: Load Complete.
[13:48:32] [Server thread/INFO] [FML]: Forge Mod Loader has successfully loaded 178 mods
[13:48:32] [Server thread/INFO] [enderio]: Permission Handler is: INSTANCE
[13:48:32] [Server thread/INFO] [mcjtylib_ng]: Preparing all world data
[13:48:32] [Server thread/INFO] [net.minecraft.server.dedicated.DedicatedServer]: Preparing level "world"
[13:48:32] [Server thread/INFO] [FML]: Injecting existing registry data into this server instance
[13:48:34] [Server thread/INFO] [FML]: Applying holder lookups
[13:48:34] [Server thread/INFO] [FML]: Holder lookups applied
[13:48:34] [Server thread/INFO] [FML]: Loading dimension 0 (world) (net.minecraft.server.dedicated.DedicatedServer@5131eb6a)
[13:48:35] [Server thread/INFO] [net.minecraft.advancements.AdvancementList]: Loaded 758 advancements
[13:48:35] [Server thread/INFO] [THAUMCRAFT]: Creating aura cache for world 0
[13:48:35] [Server thread/INFO] [STDOUT]: [pl.asie.foamfix.coremod.FoamFixTransformer:spliceClasses:114]: Spliced in METHOD: net.minecraft.world.chunk.BlockStateContainer.func_186018_a
[13:48:36] [Server thread/INFO] [Astral Sorcery]: Checking GatewayCache integrity for dimension 0
[13:48:36] [Server thread/INFO] [Astral Sorcery]: GatewayCache checked and fully loaded in 0ms! Collected and checked 0 gateway nodes!
[13:48:36] [Server thread/INFO] [FML]: Loading dimension -1 (world) (net.minecraft.server.dedicated.DedicatedServer@5131eb6a)
[13:48:36] [Server thread/INFO] [THAUMCRAFT]: Creating aura cache for world -1
[13:48:36] [Server thread/INFO] [Astral Sorcery]: Checking GatewayCache integrity for dimension -1
[13:48:36] [Server thread/INFO] [Astral Sorcery]: GatewayCache checked and fully loaded in 0ms! Collected and checked 0 gateway nodes!
[13:48:36] [Server thread/INFO] [FML]: Loading dimension 1 (world) (net.minecraft.server.dedicated.DedicatedServer@5131eb6a)
[13:48:36] [Server thread/INFO] [THAUMCRAFT]: Creating aura cache for world 1
[13:48:36] [Server thread/INFO] [Astral Sorcery]: Checking GatewayCache integrity for dimension 1
[13:48:36] [Server thread/INFO] [Astral Sorcery]: GatewayCache checked and fully loaded in 0ms! Collected and checked 0 gateway nodes!
[13:48:36] [Server thread/INFO] [FML]: Loading dimension -6 (world) (net.minecraft.server.dedicated.DedicatedServer@5131eb6a)
[13:48:36] [Server thread/INFO] [THAUMCRAFT]: Creating aura cache for world -6
[13:48:36] [Server thread/INFO] [Astral Sorcery]: Checking GatewayCache integrity for dimension -6
[13:48:36] [Server thread/INFO] [Astral Sorcery]: GatewayCache checked and fully loaded in 0ms! Collected and checked 0 gateway nodes!
[13:48:36] [Server thread/INFO] [FML]: Loading dimension -11325 (world) (net.minecraft.server.dedicated.DedicatedServer@5131eb6a)
[13:48:36] [Server thread/INFO] [THAUMCRAFT]: Creating aura cache for world -11325
[13:48:36] [Server thread/INFO] [Astral Sorcery]: Checking GatewayCache integrity for dimension -11325
[13:48:36] [Server thread/INFO] [Astral Sorcery]: GatewayCache checked and fully loaded in 0ms! Collected and checked 0 gateway nodes!
[13:48:36] [Server thread/INFO] [FML]: Loading dimension -2 (world) (net.minecraft.server.dedicated.DedicatedServer@5131eb6a)
[13:48:36] [Server thread/INFO] [THAUMCRAFT]: Creating aura cache for world -2
[13:48:36] [Server thread/INFO] [Astral Sorcery]: Checking GatewayCache integrity for dimension -2
[13:48:36] [Server thread/INFO] [Astral Sorcery]: GatewayCache checked and fully loaded in 0ms! Collected and checked 0 gateway nodes!
[13:48:36] [Server thread/INFO] [FML]: Loading dimension 2 (world) (net.minecraft.server.dedicated.DedicatedServer@5131eb6a)
[13:48:36] [Server thread/INFO] [THAUMCRAFT]: Creating aura cache for world 2
[13:48:36] [Server thread/INFO] [Astral Sorcery]: Checking GatewayCache integrity for dimension 2
[13:48:36] [Server thread/INFO] [Astral Sorcery]: GatewayCache checked and fully loaded in 0ms! Collected and checked 0 gateway nodes!
[13:48:36] [Server thread/INFO] [net.minecraft.server.MinecraftServer]: Preparing start region for level 0
[13:48:37] [Server thread/INFO] [net.minecraft.server.dedicated.DedicatedServer]: Done (4.865s)! For help, type "help" or "?"
[13:48:37] [Server thread/INFO] [advancedrocketry]: Checking for asteroid config at C:\Users\jular\Desktop\Enigmatica2LightServer-1.5.1-log4j-fix\.\config\advRocketry\asteroidConfig.xml
[13:48:37] [Server thread/INFO] [advancedrocketry]: Checking for ore config at C:\Users\jular\Desktop\Enigmatica2LightServer-1.5.1-log4j-fix\.\config\advRocketry\oreConfig.xml
[13:48:37] [Server thread/INFO] [advancedrocketry]: Checking for config at C:\Users\jular\Desktop\Enigmatica2LightServer-1.5.1-log4j-fix\.\world\advRocketry\planetDefs.xml
[13:48:37] [Server thread/INFO] [advancedrocketry]: Advanced Planet Config file Found!  Loading from file.
[13:48:38] [Server thread/INFO] [betterquesting]: Loaded 827 quests
[13:48:38] [Server thread/INFO] [betterquesting]: Loaded 23 quest lines
[13:48:38] [Server thread/INFO] [betterquesting]: Loaded 0 parties
[13:48:38] [Server thread/INFO] [betterquesting]: Loaded 2 names
[13:48:38] [Server thread/INFO] [nuclearcraft]: Server Loading...
[13:48:38] [Server thread/INFO] [Actually Additions]: Successfully loaded WorldData!
[13:48:38] [Server thread/INFO] [immersiveengineering]: WorldData loading
[13:48:38] [Server thread/INFO] [immersiveengineering]: WorldData retrieved
[13:48:39] [Server thread/INFO] [net.minecraft.advancements.AdvancementList]: Loaded 758 advancements
[13:48:39] [Server thread/INFO] [FTB Library]: Reloaded server in 16ms
[13:48:39] [Server thread/INFO] [FTB Backups]: Backups folder - C:\Users\jular\Desktop\Enigmatica2LightServer-1.5.1-log4j-fix\.\backups
[13:48:39] [Server thread/INFO] [FTB Utilities]: Overridden 219 commands
[13:48:39] [Server thread/INFO] [mcjtylib_ng]: RFTools: server is starting
[13:48:39] [Server thread/INFO] [mcjtylib_ng]: Registering RFTools dimensions: 3 4 
[13:48:39] [Thread-28/INFO] [THAUMCRAFT]: Starting aura thread for dim 0
[13:48:41] [Server thread/INFO] [Astral Sorcery]: Load CachedWorldData 'lightnetwork' for world 0
[13:48:41] [Server thread/INFO] [Astral Sorcery]: Loading of 'lightnetwork' for world 0 finished.
[13:48:41] [Thread-38/INFO] [THAUMCRAFT]: Starting aura thread for dim -1
[13:48:41] [Thread-41/INFO] [THAUMCRAFT]: Starting aura thread for dim 1
[13:48:41] [Thread-42/INFO] [THAUMCRAFT]: Starting aura thread for dim -6
[13:48:41] [Thread-43/INFO] [THAUMCRAFT]: Starting aura thread for dim -11325
[13:48:41] [Thread-44/INFO] [THAUMCRAFT]: Starting aura thread for dim -2
[13:48:41] [Thread-45/INFO] [THAUMCRAFT]: Starting aura thread for dim 2
[13:48:49] [Server thread/INFO] [THAUMCRAFT]: Removing aura cache for world 1
[13:48:49] [Server thread/INFO] [FML]: Unloading dimension 1
[13:48:49] [Server thread/INFO] [THAUMCRAFT]: Removing aura cache for world -6
[13:48:49] [Server thread/INFO] [FML]: Unloading dimension -6
[13:48:49] [Server thread/INFO] [THAUMCRAFT]: Removing aura cache for world -11325
[13:48:49] [Server thread/INFO] [FML]: Unloading dimension -11325
[13:48:49] [Server thread/INFO] [THAUMCRAFT]: Removing aura cache for world -2
[13:48:49] [Server thread/INFO] [FML]: Unloading dimension -2
[13:48:51] [Thread-41/INFO] [THAUMCRAFT]: Stopping aura thread for dim 1
[13:48:51] [Thread-42/INFO] [THAUMCRAFT]: Stopping aura thread for dim -6
[13:48:51] [Thread-43/INFO] [THAUMCRAFT]: Stopping aura thread for dim -11325
[13:48:51] [Thread-44/INFO] [THAUMCRAFT]: Stopping aura thread for dim -2
